topic_number,title,hook,video_prompt,on_screen_bullets,image_url,hashtags,caption
1,The Enlightenment,Reason changed the world forever.,Create a 30-second history short about The Enlightenment. Hook: An intellectual movement that reshaped politics and science. Cover: Voltaire Locke and Rousseau challenged kings and churches. The Encyclopedie cataloged human knowledge. Reason over superstition. Inspired American and French Revolutions. Free speech tolerance and rights. Still shapes modern democracy.,Voltaire Locke & Rousseau challenged kings | Encyclopedie cataloged all knowledge | Reason over superstition | Inspired revolutions worldwide | Free speech. Tolerance. Rights.,https://upload.wikimedia.org/wikipedia/commons/thumb/4/4c/The_School_of_Athens_by_Raphael.jpg/2560px-The_School_of_Athens_by_Raphael.jpg,#HistoryTok #Enlightenment #Philosophy #DidYouKnow,The Age of Reason changed everything. Voltaire. Locke. Rousseau. They didn't just think — they rewrote the rules. #HistoryTok #Enlightenment #Philosophy #DidYouKnow
2,American Revolution,1776: 13 colonies said NO to a king.,Create a 30-second history short about the American Revolution. Cover: Boston Tea Party 342 chests dumped. Declaration of Independence July 4 1776. Washington's army at Valley Forge. France's alliance turned the tide. Treaty of Paris 1783. First modern republic built on Enlightenment ideals.,Boston Tea Party — 342 chests dumped | Declaration signed July 4 1776 | Valley Forge nearly broke the army | France's alliance turned the tide | America was born 1783,https://upload.wikimedia.org/wikipedia/commons/9/95/Washington_crossing_the_Delaware_by_Emanuel_Leutze%2C_MMA-NYC%2C_1851.jpg,#AmericanRevolution #USHistory #HistoryFacts #4thOfJuly,13 colonies. One rebellion. A new republic. The American Revolution changed the world. #AmericanRevolution #USHistory #HistoryFacts #4thOfJuly
3,French Revolution,They stormed a prison and changed EVERYTHING.,Create a 30-second history short about the French Revolution. Cover: Bastille stormed July 14 1789. King Louis XVI executed by guillotine. Reign of Terror thousands dead. Women marched on Versailles. Feudal privileges abolished. Liberté Egalité Fraternité.,Bastille — July 14 1789 | King Louis XVI guillotined | Reign of Terror | Women marched on Versailles | Liberté Egalité Fraternité,https://upload.wikimedia.org/wikipedia/commons/4/4e/Prise_de_la_Bastille.jpg,#FrenchRevolution #HistoryTok #BastilleDay #WorldHistory,They stormed the Bastille. The king lost his head. France was never the same. #FrenchRevolution #HistoryTok #BastilleDay #WorldHistory
4,Napoleon's Rise and Fall,5 foot 6 man conquered EUROPE.,Create a 30-second history short about Napoleon. Cover: Rose from artillery officer to Emperor. Victories at Austerlitz and Jena. Napoleonic Code still shapes law. Moscow 1812 army froze. Exiled to Elba then escaped. Defeated at Waterloo 1815. Redrew Europe's map.,Austerlitz and Jena — unstoppable | Napoleonic Code still shapes law | Moscow 1812 — army froze | Escaped Elba | Waterloo ended it all,https://upload.wikimedia.org/wikipedia/commons/1/1e/Napoleon_Austerlitz.jpg,#Napoleon #MilitaryHistory #Waterloo #HistoryTok,One man. One empire. One legendary fall. Napoleon changed Europe forever. #Napoleon #MilitaryHistory #Waterloo #HistoryTok
5,Haitian Revolution,Enslaved people defeated an EMPIRE.,Create a 30-second history short about the Haitian Revolution. Cover: Only successful large-scale slave revolt. Toussaint Louverture led the fight. Independence January 1 1804. First Black republic. France demanded crippling reparations. Terrified every slaveholding nation.,Only successful slave revolt in history | Toussaint Louverture led the fight | Independence Jan 1 1804 | First Black republic | Terrified the world,https://upload.wikimedia.org/wikipedia/commons/8/89/Battle_for_Palm_Tree_Hill.jpg,#HaitianRevolution #BlackHistory #HiddenHistory #HistoryTok,They beat an empire. The revolution history tried to erase. #HaitianRevolution #BlackHistory #HiddenHistory #HistoryTok
6,Industrial Revolution,Steam power changed EVERYTHING in 50 years.,Create a 30-second history short about the Industrial Revolution. Cover: Began in Britain mid-1700s. James Watt steam engine 1769. Cities exploded overnight. Child labor was normal. Luddites smashed machines. Railroads weeks to hours. Created capitalism and massive inequality.,Watt's steam engine 1769 | Cities exploded overnight | Child labor was the norm | Luddites smashed machines | Railroads changed travel forever,https://upload.wikimedia.org/wikipedia/commons/4/4d/Ironbridge_6.jpg,#IndustrialRevolution #SteamPunk #HistoryFacts #BritishHistory,Factories. Steam. Cities overnight. The world was rebuilt in one generation. #IndustrialRevolution #SteamPunk #HistoryFacts #BritishHistory
7,Lewis and Clark Expedition,8000 miles. No GPS. No roads.,Create a 30-second history short about Lewis and Clark. Cover: 1804-1806 St Louis to Pacific and back. Sacagawea guide and hero. 300+ new species documented. Met 50+ Native nations. Only one death on the trip. Mapped the American West.,St Louis to Pacific and back | Sacagawea saved the expedition | 300+ species documented | 50+ Native nations met | Only 1 death,https://upload.wikimedia.org/wikipedia/commons/6/6f/Lewis_and_Clark_Expedition_map.jpg,#LewisAndClark #AmericanHistory #Exploration #HistoryTok,8000 miles. No GPS. One legendary expedition. #LewisAndClark #AmericanHistory #Exploration #HistoryTok
8,Abolitionist Movement,Am I not a man and a brother?,Create a 30-second history short about the abolitionist movement. Cover: Global fight to end slavery. Britain banned slave trade 1807. Frederick Douglass escaped and became legend. Harriet Tubman 70+ to freedom. Emancipation Proclamation 1863. Enslaved people resisted every day.,Britain banned slave trade 1807 | Frederick Douglass — legend | Harriet Tubman — 70+ to freedom | Emancipation Proclamation 1863 | Freedom was fought for daily,https://upload.wikimedia.org/wikipedia/commons/7/7f/Am_I_Not_A_Man_And_A_Brother.jpg,#Abolition #BlackHistory #FrederickDouglass #HistoryMatters,Freedom wasn't given. It was taken. The abolitionist fight. #Abolition #BlackHistory #FrederickDouglass #HistoryMatters
9,California Gold Rush,One discovery. 300000 people RAN west.,Create a 30-second history short about the California Gold Rush. Cover: Sutter's Mill January 1848. San Francisco 200 to 36000 in years. Most miners made nothing. Merchants got rich. Mass immigration transformed population. Rivers destroyed by mining.,Sutter's Mill — Jan 1848 | SF: 200 to 36000 people | Most miners made NOTHING | Merchants got rich | Rivers destroyed,https://upload.wikimedia.org/wikipedia/commons/5/5c/Sutters_Mill.jpg,#GoldRush #CaliforniaHistory #WildWest #HistoryTok,One discovery. 300000 people. A nation reshaped. #GoldRush #CaliforniaHistory #WildWest #HistoryTok
10,Darwin and Evolution,One book destroyed how we see LIFE.,Create a 30-second history short about Darwin and evolution. Cover: On the Origin of Species 1859. Galapagos finches proved natural selection. 5 years on HMS Beagle. Waited 20 years to publish. Foundation of modern biology. Science vs religion debate continues.,Origin of Species — 1859 | Galapagos finches proved it | 5 years on HMS Beagle | Waited 20 years to publish | Changed biology forever,https://upload.wikimedia.org/wikipedia/commons/2/2e/Charles_Darwin_photograph_1880.jpg,#CharlesDarwin #Evolution #ScienceHistory #DidYouKnow,One book. One theory. Life redefined. Darwin changed everything. #CharlesDarwin #Evolution #ScienceHistory #DidYouKnow
11,American Civil War,Brother vs brother. 620000 DEAD.,Create a 30-second history short about the American Civil War. Cover: Bloodiest war in US history at the time. Antietam deadliest single day. Gettysburg Address 1863. Emancipation Proclamation. Grant's Vicksburg split Confederacy. Lee surrendered April 9 1865.,620000+ dead | Antietam — deadliest day | Gettysburg Address 1863 | Emancipation Proclamation | Lee surrendered 1865,https://upload.wikimedia.org/wikipedia/commons/7/7b/Battle_of_Antietam2.jpg,#CivilWar #USHistory #AbrahamLincoln #HistoryTok,Brother vs brother. 620000 dead. A nation torn apart. #CivilWar #USHistory #AbrahamLincoln #HistoryTok
12,Transcontinental Railroad,Two railroads. One golden spike.,Create a 30-second history short about the Transcontinental Railroad. Cover: Completed May 10 1869 Utah. 20000+ Chinese laborers built west half. Coast to coast months to 7 days. Government gave 130 million acres. Native tribes displaced. Golden spike at Promontory Summit.,Completed May 10 1869 | 20000+ Chinese laborers | Months to 7 days coast to coast | 130 million acres given away | Golden spike driven,https://upload.wikimedia.org/wikipedia/commons/2/2e/Golden_spike.jpg,#TranscontinentalRailroad #AmericanHistory #RailroadHistory #HistoryFacts,Two railroads. One spike. America connected. #TranscontinentalRailroad #AmericanHistory #RailroadHistory #HistoryFacts
13,Meiji Restoration,Japan feudal to world power in 40 YEARS.,Create a 30-second history short about the Meiji Restoration. Cover: Ended 250 years of shogunate. Emperor Meiji restored 1868. Rich country strong army. Samurai abolished Western dress adopted. Defeated China 1895 and Russia 1905. Fastest national transformation ever.,250 years of shogunate — ended | Emperor Meiji restored 1868 | Samurai abolished | Beat China AND Russia | 40-year transformation,https://upload.wikimedia.org/wikipedia/commons/2/2e/Emperor_Meiji_in_army_uniform.jpg,#MeijiRestoration #JapaneseHistory #Samurai #HistoryTok,Feudal to world power in 40 years. Japan's impossible leap. #MeijiRestoration #JapaneseHistory #Samurai #HistoryTok
14,Jack the Ripper,5 murders. 0 arrests. Still UNSOLVED.,Create a 30-second history short about Jack the Ripper. Cover: 1888 London East End. Letters signed Jack the Ripper. All victims poor working women. No DNA no forensics. Media frenzy global legend. Exposed brutal Victorian poverty.,1888 — East End London | 5 murders 0 arrests | Letters signed Jack the Ripper | No DNA. No forensics. | Still unsolved,https://upload.wikimedia.org/wikipedia/commons/8/8e/Whitechapel_High_Street_1880s.jpg,#JackTheRipper #TrueCrime #VictorianLondon #UnsolvedMystery,5 murders. 0 arrests. 130+ years. Who was Jack? #JackTheRipper #TrueCrime #VictorianLondon #UnsolvedMystery
15,Wright Brothers First Flight,12 seconds. Changed FOREVER.,Create a 30-second history short about the Wright Brothers. Cover: Bicycle shop owners taught themselves to fly. December 17 1903 Kitty Hawk. 120 feet 12 seconds. Wind tunnel beat rivals. 66 years later humans on Moon. Every plane uses 3-axis control.,Dec 17 1903 — Kitty Hawk | 120 feet. 12 seconds. | Bicycle shop to aviation | 66 years later — Moon landing | Every plane uses their design,https://upload.wikimedia.org/wikipedia/commons/8/86/First_flight2.jpg,#WrightBrothers #AviationHistory #FirstFlight #HistoryTok,12 seconds that changed humanity forever. The first flight. #WrightBrothers #AviationHistory #FirstFlight #HistoryTok
16,Sinking of the Titanic,Unsinkable. Sank in 3 HOURS.,Create a 30-second history short about the Titanic. Cover: Hit iceberg April 14 1912. 1500+ died of 2240. Lifeboats for half. First class survived third class didn't. Band played as it sank. Warnings ignored too fast.,April 14 1912 | 1500+ died | Lifeboats for HALF the people | Band played as it sank | Warnings ignored,https://upload.wikimedia.org/wikipedia/commons/6/6d/RMS_Titanic_3.jpg,#Titanic #Shipwreck #1912 #HistoryTok,Unsinkable. Sank in 3 hours. Hubris has a price. #Titanic #Shipwreck #1912 #HistoryTok
17,World War I,One assassination. 20 MILLION dead.,Create a 30-second history short about World War I. Cover: Franz Ferdinand shot 1914. Trench warfare hell on earth. Poison gas machine guns tanks. US entered 1917. Russian Revolution pulled Russia out. Armistice November 11 1918.,Franz Ferdinand shot — 1914 | Trench warfare = hell | Poison gas. Machine guns. | 20 million dead | Armistice Nov 11 1918,https://upload.wikimedia.org/wikipedia/commons/7/7e/World_War_I_Trench_Warfare.jpg,#WorldWar1 #WW1 #TrenchWarfare #MilitaryHistory,One shot. 20 million dead. The war that ended an era. #WorldWar1 #WW1 #TrenchWarfare #MilitaryHistory
18,Russian Revolution,Two revolutions. One year. Empire gone.,Create a 30-second history short about the Russian Revolution. Cover: Tsar executed with family. Lenin Peace Land Bread. First communist state USSR 1922. Civil war killed millions more. Lenin died 1924 Stalin rose. Inspired communism worldwide.,Tsar executed with his family | Lenin: Peace Land Bread | USSR born 1922 | Civil war killed millions | Divided the world 70 years,https://upload.wikimedia.org/wikipedia/commons/1/1e/Bolshevik_Revolution.jpg,#RussianRevolution #SovietUnion #Lenin #HistoryTok,Two revolutions. One year. An empire erased. #RussianRevolution #SovietUnion #Lenin #HistoryTok
19,Roaring Twenties,Jazz. Flappers. Then it all CRASHED.,Create a 30-second history short about the Roaring Twenties. Cover: Women got vote 1920. Prohibition speakeasies boomed. Louis Armstrong defined jazz. Flappers broke social rules. Art Deco transformed cities. Stock market crashed October 1929.,Women got the vote — 1920 | Prohibition = speakeasies | Louis Armstrong & jazz | Flappers broke every rule | Crashed Oct 1929,https://upload.wikimedia.org/wikipedia/commons/4/4e/Charleston_dance.jpg,#RoaringTwenties #JazzAge #Flapper #1920s,Jazz. Flappers. Speakeasies. Then everything collapsed. #RoaringTwenties #JazzAge #Flapper #1920s
20,Discovery of Penicillin,Mold in a dish saved BILLIONS.,Create a 30-second history short about penicillin. Cover: Alexander Fleming 1928 accident. Killed bacteria instantly. Called it mold juice. Mass-produced for WWII. Launched antibiotic era. Overuse created superbugs today.,Fleming — 1928 accident | Killed bacteria instantly | Mass-produced for WWII | Launched antibiotic era | Superbugs today,https://upload.wikimedia.org/wikipedia/commons/b/bf/Alexander_Fleming_in_his_lab.jpg,#Penicillin #MedicalHistory #ScienceFacts #HistoryTok,Mold in a petri dish. Billions saved. The greatest accident in science. #Penicillin #MedicalHistory #ScienceFacts #HistoryTok
21,Great Depression,One crash. A decade of HELL.,Create a 30-second history short about the Great Depression. Cover: Black Tuesday October 29 1929. 25% unemployment US. Hoovervilles and bread lines. Dust Bowl destroyed farms. FDR New Deal Social Security. Only WWII spending ended it.,Black Tuesday — Oct 29 1929 | 25% unemployment | Hoovervilles everywhere | Dust Bowl destroyed farms | WWII ended it,https://upload.wikimedia.org/wikipedia/commons/5/54/Lange-MigrantMother02.jpg,#GreatDepression #1930s #AmericanHistory #HistoryTok,One crash. A decade of hell. Could it happen again? #GreatDepression #1930s #AmericanHistory #HistoryTok
22,World War II,70-85 MILLION dead. Deadliest war EVER.,Create a 30-second history short about World War II. Cover: Germany invaded Poland 1939. Holocaust 6 million Jews. Pearl Harbor brought US 1941. D-Day largest invasion. Atomic bombs Hiroshima Nagasaki. Japan surrendered September 2 1945.,70-85 million dead | Holocaust — 6 million Jews | Pearl Harbor 1941 | D-Day — largest invasion | Japan surrendered 1945,https://upload.wikimedia.org/wikipedia/commons/a/a5/Normandy_Invasion%2C_June_1944.jpg,#WorldWar2 #WW2 #DDay #HistoryTok,The deadliest war in human history. Never forget. #WorldWar2 #WW2 #DDay #HistoryTok
23,D-Day,156000 troops. One day. The longest day.,Create a 30-second history short about D-Day. Cover: June 6 1944 Normandy. 5 beaches Utah Omaha Gold Juno Sword. Omaha bloodiest landing. Paratroopers night before. Operation Fortitude fooled Hitler. Opened Western Front average age 26.,June 6 1944 — Normandy | 5 beaches. 156000 troops. | Omaha = bloodiest | Fooled Hitler | Average age: 26,https://upload.wikimedia.org/wikipedia/commons/d/d3/Normandy_Invasion%2C_June_1944.jpg,#DDay #Normandy #WW2 #MilitaryHistory,156000 troops. One day. The longest day. #DDay #Normandy #WW2 #MilitaryHistory
24,The Holocaust,6 million Jews. Systematically murdered.,Create a 30-second history short about the Holocaust. Cover: Death camps Auschwitz Treblinka Sobibor. Final Solution Wannsee 1942. Resistance in ghettos and camps. Allies liberated 1945. Nuremberg Trials. Never again global promise.,6 million Jews murdered | Death camps: Auschwitz | Final Solution — Wannsee 1942 | Resistance in ghettos | Never again,https://upload.wikimedia.org/wikipedia/commons/e/e3/Auschwitz_I_entrance.jpg,#Holocaust #NeverForget #WorldWar2 #HistoryMatters,6 million lives. Never forget. Never again. #Holocaust #NeverForget #WorldWar2 #HistoryMatters
25,Indian Independence,Nonviolence defeated the British Empire.,Create a 30-second history short about Indian independence. Cover: Gandhi peaceful resistance. Independence August 15 1947. Partition India and Pakistan. 10-20 million displaced. 1-2 million died. World's largest democracy born.,Gandhi — peaceful resistance | Independence Aug 15 1947 | Partition: India + Pakistan | 10-20 million displaced | Largest democracy born,https://upload.wikimedia.org/wikipedia/commons/4/4e/Jawaharlal_Nehru_addressing_the_nation.jpg,#IndianIndependence #Partition #Gandhi #SouthAsianHistory,Nonviolence beat an empire. Freedom has a cost. #IndianIndependence #Partition #Gandhi #SouthAsianHistory
26,Cold War and Space Race,Two superpowers. 60000 nukes. Zero direct war.,Create a 30-second history short about Cold War and Space Race. Cover: Sputnik 1957 shocked world. Gagarin first in space. Moon landing July 20 1969. Cuban Missile Crisis 1962. Proxy wars Vietnam Afghanistan. Gave us GPS satellites computing.,Sputnik — 1957 | Gagarin — first in space | Moon landing — July 1969 | Cuban Missile Crisis 1962 | Gave us GPS & satellites,https://upload.wikimedia.org/wikipedia/commons/9/98/AldrinApollo11Original.jpg,#ColdWar #SpaceRace #MoonLanding #HistoryTok,They raced to the Moon. We got the internet. #ColdWar #SpaceRace #MoonLanding #HistoryTok
27,Civil Rights Movement,They said sit down. She said NO.,Create a 30-second history short about the Civil Rights Movement. Cover: Rosa Parks Montgomery 1955. MLK I Have a Dream 1963. Brown v Board ended segregation. Sit-ins Freedom Riders. Civil Rights Act 1964. Voting Rights Act 1965.,Rosa Parks — 1955 | MLK: I Have a Dream | Brown v Board | Civil Rights Act — 1964 | Voting Rights Act — 1965,https://upload.wikimedia.org/wikipedia/commons/9/9a/March_on_washington_August_28%2C_1963.jpg,#CivilRights #MLK #BlackHistory #HistoryMatters,They said sit down. She said no. The fight continues. #CivilRights #MLK #BlackHistory #HistoryMatters
28,Fall of the Berlin Wall,A wall divided a city for 28 YEARS.,Create a 30-second history short about the Berlin Wall. Cover: Built 1961 stop East Germans fleeing. 140+ died crossing. Reagan tear down this wall. Mass protests 1989. November 9 1989 gates opened. People chipped it with hammers.,Built 1961 | 140+ died trying to cross | Reagan: Tear down this wall | Nov 9 1989 — gates opened | Hammers not bullets,https://upload.wikimedia.org/wikipedia/commons/5/5d/Berlin_wall_1989.jpg,#BerlinWall #ColdWar #1989 #HistoryTok,Walls don't last forever. Nov 9 1989 changed everything. #BerlinWall #ColdWar #1989 #HistoryTok
29,Invention of the Internet,First message: LO. System crashed.,Create a 30-second history short about the internet. Cover: ARPANET 1969 US military. First message LO crashed. Email invented 1971. World Wide Web 1989 CERN. Dot-com boom trillion dollar companies. 5 billion people online today.,ARPANET — 1969 | First message: LO | World Wide Web — 1989 | Dot-com boom | 5 billion people online,https://upload.wikimedia.org/wikipedia/commons/4/4e/Arpanet_1977.png,#InternetHistory #TechHistory #WorldWideWeb #DidYouKnow,First message: LO. Now 5 billion online. The internet changed everything. #InternetHistory #TechHistory #WorldWideWeb #DidYouKnow
30,End of Apartheid,27 years in prison. Then he became PRESIDENT.,Create a 30-second history short about the end of apartheid. Cover: Legal racial segregation 1948-1994. Mandela 27 years imprisoned. Global boycotts crushed regime. First free elections April 1994. Reconciliation over revenge. Truth and Reconciliation Commission.,Apartheid 1948-1994 | Mandela — 27 years in prison | First free elections 1994 | Reconciliation over revenge | Peaceful revolution IS possible,https://upload.wikimedia.org/wikipedia/commons/0/0d/Nelson_Mandela_Voting_1994.jpg,#NelsonMandela #Apartheid #SouthAfrica #HistoryTok,27 years in prison. Then president. Peaceful revolution is possible. #NelsonMandela #Apartheid #SouthAfrica #HistoryTok
31,Building the Great Pyramids,2.3 million blocks. No cranes.,"Create a 30-second vertical history short about Building the Great Pyramids. Hook: 2.3 million blocks. No cranes. Cover: Built circa 2560 BCE for Pharaoh Khufu. Each block weighed roughly 2.5 tons. Workforce likely paid laborers not slaves. Aligned to cardinal points with stunning precision. Still among the largest structures ever built. Tone: dramatic, fast-paced, documentary style. 9:16 vertical.",Built circa 2560 BCE for Pharaoh Khufu | Each block weighed roughly 2.5 tons | Workforce likely paid laborers not slaves | Aligned to cardinal points with stunning precision | Still among the largest structures ever built,https://upload.wikimedia.org/wikipedia/commons/e/e3/Kheops-Pyramid.jpg,#AncientEgypt #Pyramids #HistoryTok #DidYouKnow,No cranes. No steel. Just impossible engineering. #AncientEgypt #Pyramids #HistoryTok #DidYouKnow
32,Hammurabi's Code,282 laws. Eye for an EYE.,"Create a 30-second vertical history short about Hammurabi's Code. Hook: 282 laws. Eye for an EYE. Cover: Carved on a 7-foot stone stele circa 1754 BCE. One of the oldest written legal codes. Punishments scaled by social class. Famous principle: eye for an eye. Displayed publicly so no one could claim ignorance. Tone: dramatic, fast-paced, documentary style. 9:16 vertical.",Carved on a 7-foot stone stele circa 1754 BCE | One of the oldest written legal codes | Punishments scaled by social class | Famous principle: eye for an eye | Displayed publicly so no one could claim ignorance,https://upload.wikimedia.org/wikipedia/commons/0/0e/Code_of_Hammurabi%2C_Louvre.jpg,#Babylon #AncientHistory #Law #HistoryFacts,Before courts. Before lawyers. There was stone. #Babylon #AncientHistory #Law #HistoryFacts
33,Battle of Thermopylae,300 Spartans. One million Persians.,"Create a 30-second vertical history short about Battle of Thermopylae. Hook: 300 Spartans. One million Persians. Cover: Fought August 480 BCE at a narrow mountain pass. King Leonidas led roughly 300 Spartans. Held off Xerxes' massive Persian army for three days. Betrayed when a local showed Persians a secret path. Became the ultimate symbol of heroic last stands. Tone: dramatic, fast-paced, documentary style. 9:16 vertical.",Fought August 480 BCE at a narrow mountain pass | King Leonidas led roughly 300 Spartans | Held off Xerxes' massive Persian army for three days | Betrayed when a local showed Persians a secret path | Became the ultimate symbol of heroic last stands,https://upload.wikimedia.org/wikipedia/commons/9/9a/Leonidas_at_Thermopylae.jpg,#Sparta #AncientGreece #MilitaryHistory #HistoryTok,300 against an empire. They stayed anyway. #Sparta #AncientGreece #MilitaryHistory #HistoryTok
34,Alexander the Great,Dead at 32. Conquered the WORLD.,"Create a 30-second vertical history short about Alexander the Great. Hook: Dead at 32. Conquered the WORLD. Cover: King of Macedon from 336 to 323 BCE. Never lost a battle in 15 years of campaigning. Created an empire from Greece to India. Founded 20 cities named Alexandria. Died in Babylon cause still debated today. Tone: dramatic, fast-paced, documentary style. 9:16 vertical.",King of Macedon from 336 to 323 BCE | Never lost a battle in 15 years of campaigning | Created an empire from Greece to India | Founded 20 cities named Alexandria | Died in Babylon cause still debated today,https://upload.wikimedia.org/wikipedia/commons/4/4a/Alexander_the_Great_mosaic.jpg,#AlexanderTheGreat #AncientHistory #Conquest #HistoryTok,32 years old. Undefeated. An empire forever. #AlexanderTheGreat #AncientHistory #Conquest #HistoryTok
35,Assassination of Julius Caesar,"Et tu, Brute? 23 STABS.","Create a 30-second vertical history short about Assassination of Julius Caesar. Hook: Et tu, Brute? 23 STABS. Cover: Murdered March 15 44 BCE the Ides of March. At least 60 senators plotted against him. Stabbed 23 times in the Senate. Last words debated: Greek or Latin phrase. His death ended the Roman Republic forever. Tone: dramatic, fast-paced, documentary style. 9:16 vertical.",Murdered March 15 44 BCE the Ides of March | At least 60 senators plotted against him | Stabbed 23 times in the Senate | Last words debated: Greek or Latin phrase | His death ended the Roman Republic forever,https://upload.wikimedia.org/wikipedia/commons/7/7d/Vincenzo_Camuccini_-_La_morte_di_Cesare.jpg,#JuliusCaesar #AncientRome #Assassination #HistoryTok,His friends killed him. Rome was never a republic again. #JuliusCaesar #AncientRome #Assassination #HistoryTok
36,Fall of the Roman Empire,"1,000 years. Then GONE.","Create a 30-second vertical history short about Fall of the Roman Empire. Hook: 1,000 years. Then GONE. Cover: Western Empire fell officially in 476 CE. Barbarian general Odoacer deposed last emperor Romulus. Economic crisis inflation and tax collapse. Massive barbarian migrations overwhelmed borders. Eastern Byzantine Empire survived another millennium. Tone: dramatic, fast-paced, documentary style. 9:16 vertical.",Western Empire fell officially in 476 CE | Barbarian general Odoacer deposed last emperor Romulus | Economic crisis inflation and tax collapse | Massive barbarian migrations overwhelmed borders | Eastern Byzantine Empire survived another millennium,https://upload.wikimedia.org/wikipedia/commons/e/e0/Justinian555AD.png,#RomanEmpire #FallOfRome #AncientHistory #HistoryFacts,The empire that ruled the world simply stopped. #RomanEmpire #FallOfRome #AncientHistory #HistoryFacts
37,Spartacus Slave Revolt,"70,000 slaves. Rome TREMBLED.","Create a 30-second vertical history short about Spartacus Slave Revolt. Hook: 70,000 slaves. Rome TREMBLED. Cover: Began 73 BCE when gladiators escaped Capua. Spartacus a Thracian gladiator led the rebellion. Army grew to 70,000 escaped slaves. Defeated multiple Roman legions for two years. Crucified 6,000 survivors along Appian Way. Tone: dramatic, fast-paced, documentary style. 9:16 vertical.","Began 73 BCE when gladiators escaped Capua | Spartacus a Thracian gladiator led the rebellion | Army grew to 70,000 escaped slaves | Defeated multiple Roman legions for two years | Crucified 6,000 survivors along Appian Way",https://upload.wikimedia.org/wikipedia/commons/8/8a/Spartacus_by_Dyce.jpg,#Spartacus #AncientRome #SlaveRevolt #HistoryTok,Property became an army. Rome panicked. #Spartacus #AncientRome #SlaveRevolt #HistoryTok
38,Cleopatra's Egypt,She seduced TWO empires.,"Create a 30-second vertical history short about Cleopatra's Egypt. Hook: She seduced TWO empires. Cover: Last active ruler of Ptolemaic Egypt. Spoke nine languages including Egyptian. Allied with Julius Caesar then Mark Antony. Died by snake bite or poison 30 BCE. Her death ended 3,000 years of pharaonic rule. Tone: dramatic, fast-paced, documentary style. 9:16 vertical.","Last active ruler of Ptolemaic Egypt | Spoke nine languages including Egyptian | Allied with Julius Caesar then Mark Antony | Died by snake bite or poison 30 BCE | Her death ended 3,000 years of pharaonic rule",https://upload.wikimedia.org/wikipedia/commons/3/3e/Kleopatra-VII.-Altes-Museum-Berlin1.jpg,#Cleopatra #AncientEgypt #Queens #HistoryTok,Not just a beauty. A strategist who played empires. #Cleopatra #AncientEgypt #Queens #HistoryTok
39,Hannibal Crosses the Alps,Elephants. In the MOUNTAINS.,"Create a 30-second vertical history short about Hannibal Crosses the Alps. Hook: Elephants. In the MOUNTAINS. Cover: Crossed Alps in 218 BCE with war elephants. Led Carthage against Rome in Second Punic War. Crushed Romans at Battle of Cannae. Wandered Italy 15 years without taking Rome. Eventually defeated at Battle of Zama. Tone: dramatic, fast-paced, documentary style. 9:16 vertical.",Crossed Alps in 218 BCE with war elephants | Led Carthage against Rome in Second Punic War | Crushed Romans at Battle of Cannae | Wandered Italy 15 years without taking Rome | Eventually defeated at Battle of Zama,https://upload.wikimedia.org/wikipedia/commons/5/5f/Hannibal_crossing_the_alps.jpg,#Hannibal #Carthage #MilitaryHistory #HistoryTok,Elephants over the Alps. Rome's worst nightmare. #Hannibal #Carthage #MilitaryHistory #HistoryTok
40,The Trojan War,One horse. One city. LEGEND.,"Create a 30-second vertical history short about The Trojan War. Hook: One horse. One city. LEGEND. Cover: Described in Homer's Iliad circa 8th century BCE. Archaeological site of Troy found in modern Turkey. Helen of Sparta sparked the legendary conflict. Greeks used Trojan Horse trick to enter city. Blurred line between myth and history for millennia. Tone: dramatic, fast-paced, documentary style. 9:16 vertical.",Described in Homer's Iliad circa 8th century BCE | Archaeological site of Troy found in modern Turkey | Helen of Sparta sparked the legendary conflict | Greeks used Trojan Horse trick to enter city | Blurred line between myth and history for millennia,https://upload.wikimedia.org/wikipedia/commons/1/1e/Akhilleus_Patroklos_Antikensammlung_Berlin_F2278.jpg,#TrojanWar #AncientGreece #Mythology #HistoryTok,Was it real? Archaeologists say maybe. #TrojanWar #AncientGreece #Mythology #HistoryTok
41,Death of Socrates,He drank poison for QUESTIONS.,"Create a 30-second vertical history short about Death of Socrates. Hook: He drank poison for QUESTIONS. Cover: Executed 399 BCE for corrupting Athenian youth. Chose hemlock over exile. Taught Plato who taught Aristotle. Never wrote a word himself. His trial defined philosophy forever. Tone: dramatic, fast-paced, documentary style. 9:16 vertical.",Executed 399 BCE for corrupting Athenian youth | Chose hemlock over exile | Taught Plato who taught Aristotle | Never wrote a word himself | His trial defined philosophy forever,https://upload.wikimedia.org/wikipedia/commons/8/8c/David_-_The_Death_of_Socrates.jpg,#Socrates #Philosophy #AncientGreece #HistoryTok,He chose death over silence. #Socrates #Philosophy #AncientGreece #HistoryTok
42,The Terracotta Army,"8,000 soldiers. Buried 2,000 YEARS.","Create a 30-second vertical history short about The Terracotta Army. Hook: 8,000 soldiers. Buried 2,000 YEARS. Cover: Discovered 1974 by farmers digging a well. Guards tomb of China's first emperor Qin Shi Huang. Each figure has unique facial features. Originally painted in bright colors. Represents real army formations and weapons. Tone: dramatic, fast-paced, documentary style. 9:16 vertical.",Discovered 1974 by farmers digging a well | Guards tomb of China's first emperor Qin Shi Huang | Each figure has unique facial features | Originally painted in bright colors | Represents real army formations and weapons,https://upload.wikimedia.org/wikipedia/commons/4/4f/Terrakotta-Army.jpg,#TerracottaArmy #AncientChina #Archaeology #HistoryTok,An army hidden underground for millennia. #TerracottaArmy #AncientChina #Archaeology #HistoryTok
43,Great Wall of China,"13,000 miles. Built over CENTURIES.","Create a 30-second vertical history short about Great Wall of China. Hook: 13,000 miles. Built over CENTURIES. Cover: Construction began over 2,000 years ago. Not one wall but many sections and dynasties. Built to repel northern nomadic invaders. Estimated millions of workers died building it. Longest human-made structure on Earth. Tone: dramatic, fast-paced, documentary style. 9:16 vertical.","Construction began over 2,000 years ago | Not one wall but many sections and dynasties | Built to repel northern nomadic invaders | Estimated millions of workers died building it | Longest human-made structure on Earth",https://upload.wikimedia.org/wikipedia/commons/2/23/The_Great_Wall_of_China_at_Jinshanling-edit.jpg,#GreatWall #AncientChina #Architecture #HistoryFacts,Centuries of stone against invasion. #GreatWall #AncientChina #Architecture #HistoryFacts
44,The Silk Road,"4,000 miles. Connected two WORLDS.","Create a 30-second vertical history short about The Silk Road. Hook: 4,000 miles. Connected two WORLDS. Cover: Trade network linking China to Mediterranean. Silk spices paper and ideas flowed both ways. Buddhism spread from India to East Asia. Marco Polo traveled it in the 13th century. Declined when sea routes opened in 15th century. Tone: dramatic, fast-paced, documentary style. 9:16 vertical.",Trade network linking China to Mediterranean | Silk spices paper and ideas flowed both ways | Buddhism spread from India to East Asia | Marco Polo traveled it in the 13th century | Declined when sea routes opened in 15th century,https://upload.wikimedia.org/wikipedia/commons/7/74/Silk_route.jpg,#SilkRoad #TradeHistory #AncientHistory #HistoryTok,Ideas traveled farther than armies. #SilkRoad #TradeHistory #AncientHistory #HistoryTok
45,Mayan Civilization Collapse,Advanced cities. Then EMPTY.,"Create a 30-second vertical history short about Mayan Civilization Collapse. Hook: Advanced cities. Then EMPTY. Cover: Peak between 250 and 900 CE in Mesoamerica. Built pyramids calendars and writing system. Predicted eclipses with stunning accuracy. Classic collapse still debated by archaeologists. Drought warfare and overpopulation likely causes. Tone: dramatic, fast-paced, documentary style. 9:16 vertical.",Peak between 250 and 900 CE in Mesoamerica | Built pyramids calendars and writing system | Predicted eclipses with stunning accuracy | Classic collapse still debated by archaeologists | Drought warfare and overpopulation likely causes,https://upload.wikimedia.org/wikipedia/commons/6/66/Chichen_Itza_3.jpg,#Mayan #Mesoamerica #LostCivilization #HistoryTok,They mapped the stars. Then vanished. #Mayan #Mesoamerica #LostCivilization #HistoryTok
46,Aztec Empire,"20,000 hearts in ONE ceremony.","Create a 30-second vertical history short about Aztec Empire. Hook: 20,000 hearts in ONE ceremony. Cover: Capital Tenochtitlan built on a lake. Ruled central Mexico from 1428 to 1521. Practiced ritual human sacrifice to sun god. Market of Tlatelolco served 60,000 daily. Fell to Hernan Cortes and allied tribes. Tone: dramatic, fast-paced, documentary style. 9:16 vertical.","Capital Tenochtitlan built on a lake | Ruled central Mexico from 1428 to 1521 | Practiced ritual human sacrifice to sun god | Market of Tlatelolco served 60,000 daily | Fell to Hernan Cortes and allied tribes",https://upload.wikimedia.org/wikipedia/commons/4/4a/Aztec_Empire_c_1519.png,#Aztec #Mesoamerica #Empire #HistoryTok,A city on a lake. Conquered in two years. #Aztec #Mesoamerica #Empire #HistoryTok
47,Inca Empire,"25,000 miles of roads. No WHEELS.","Create a 30-second vertical history short about Inca Empire. Hook: 25,000 miles of roads. No WHEELS. Cover: Largest empire in pre-Columbian Americas. Capital Cusco high in Andes Mountains. Built Machu Picchu without iron tools. Quipu knot system recorded data without writing. Fell to Francisco Pizarro in 1533. Tone: dramatic, fast-paced, documentary style. 9:16 vertical.",Largest empire in pre-Columbian Americas | Capital Cusco high in Andes Mountains | Built Machu Picchu without iron tools | Quipu knot system recorded data without writing | Fell to Francisco Pizarro in 1533,https://upload.wikimedia.org/wikipedia/commons/e/e1/Machu_Picchu%2C_Peru.jpg,#Inca #MachuPicchu #SouthAmerica #HistoryTok,No wheels. No iron. An empire in the clouds. #Inca #MachuPicchu #SouthAmerica #HistoryTok
48,Stonehenge Mystery,Built before Egypt's pyramids. WHY?,"Create a 30-second vertical history short about Stonehenge Mystery. Hook: Built before Egypt's pyramids. WHY? Cover: Constructed 3000-2000 BCE on Salisbury Plain. Some stones dragged 150 miles from Wales. Aligned with summer and winter solstices. Purpose debated: temple calendar or burial site. Built by people without metal tools or wheels. Tone: dramatic, fast-paced, documentary style. 9:16 vertical.",Constructed 3000-2000 BCE on Salisbury Plain | Some stones dragged 150 miles from Wales | Aligned with summer and winter solstices | Purpose debated: temple calendar or burial site | Built by people without metal tools or wheels,https://upload.wikimedia.org/wikipedia/commons/3/3c/Stonehenge2007_07_30.jpg,#Stonehenge #Megaliths #Mystery #HistoryTok,Who moved 25-ton stones with rope and logs? #Stonehenge #Megaliths #Mystery #HistoryTok
49,Rosetta Stone,One rock. Egypt UNLOCKED.,"Create a 30-second vertical history short about Rosetta Stone. Hook: One rock. Egypt UNLOCKED. Cover: Discovered 1799 by French soldiers in Egypt. Same decree in three scripts: hieroglyphics demotic Greek. Jean-Francois Champollion cracked code 1822. Opened 3,000 years of Egyptian history. Now displayed at British Museum London. Tone: dramatic, fast-paced, documentary style. 9:16 vertical.","Discovered 1799 by French soldiers in Egypt | Same decree in three scripts: hieroglyphics demotic Greek | Jean-Francois Champollion cracked code 1822 | Opened 3,000 years of Egyptian history | Now displayed at British Museum London",https://upload.wikimedia.org/wikipedia/commons/2/23/Rosetta_Stone.JPG,#RosettaStone #AncientEgypt #Archaeology #DidYouKnow,One stone. Three languages. History decoded. #RosettaStone #AncientEgypt #Archaeology #DidYouKnow
50,Pompeii Eruption,Buried ALIVE in 24 hours.,"Create a 30-second vertical history short about Pompeii Eruption. Hook: Buried ALIVE in 24 hours. Cover: Mount Vesuvius erupted August 79 CE. Ash preserved bodies buildings and graffiti. City of 11,000 buried under 20 feet of ash. Pliny the Younger witnessed and recorded it. Rediscovered 1748 frozen in time. Tone: dramatic, fast-paced, documentary style. 9:16 vertical.","Mount Vesuvius erupted August 79 CE | Ash preserved bodies buildings and graffiti | City of 11,000 buried under 20 feet of ash | Pliny the Younger witnessed and recorded it | Rediscovered 1748 frozen in time",https://upload.wikimedia.org/wikipedia/commons/f/f5/Pompeii_-_Street_of_the_Faun_-_Decumanus_Maximus_-_looking_east.JPG,#Pompeii #Volcano #AncientRome #HistoryTok,"A city frozen mid-scream for 1,700 years. #Pompeii #Volcano #AncientRome #HistoryTok"
51,Library of Alexandria,Biggest library ever. Then BURNED.,"Create a 30-second vertical history short about Library of Alexandria. Hook: Biggest library ever. Then BURNED. Cover: Founded 3rd century BCE in Egypt. May have held 400,000 scrolls and manuscripts. Center of ancient science and philosophy. Destroyed in stages over centuries. Loss of knowledge still mourned today. Tone: dramatic, fast-paced, documentary style. 9:16 vertical.","Founded 3rd century BCE in Egypt | May have held 400,000 scrolls and manuscripts | Center of ancient science and philosophy | Destroyed in stages over centuries | Loss of knowledge still mourned today",https://upload.wikimedia.org/wikipedia/commons/a/a7/Ancientlibraryalex.jpg,#Alexandria #LostKnowledge #AncientHistory #HistoryTok,Imagine everything we lost in the flames. #Alexandria #LostKnowledge #AncientHistory #HistoryTok
52,Phoenician Alphabet,22 letters. You still use THEM.,"Create a 30-second vertical history short about Phoenician Alphabet. Hook: 22 letters. You still use THEM. Cover: Developed circa 1050 BCE in modern Lebanon. First widely used phonetic alphabet. Spread via Phoenician maritime trade network. Ancestor of Greek Latin and Arabic scripts. Made literacy accessible beyond scribes. Tone: dramatic, fast-paced, documentary style. 9:16 vertical.",Developed circa 1050 BCE in modern Lebanon | First widely used phonetic alphabet | Spread via Phoenician maritime trade network | Ancestor of Greek Latin and Arabic scripts | Made literacy accessible beyond scribes,https://upload.wikimedia.org/wikipedia/commons/0/07/Phoenician_alphabet.svg,#Phoenician #Alphabet #AncientHistory #DidYouKnow,Every text you send owes them a debt. #Phoenician #Alphabet #AncientHistory #DidYouKnow
53,Battle of Marathon,One messenger. 26 miles. DEAD.,"Create a 30-second vertical history short about Battle of Marathon. Hook: One messenger. 26 miles. DEAD. Cover: Athenians defeated Persian invasion 490 BCE. Outnumbered Greeks used disciplined phalanx. Legendary runner Pheidippides collapsed after. His run inspired modern marathon distance. Saved Western democracy at the brink. Tone: dramatic, fast-paced, documentary style. 9:16 vertical.",Athenians defeated Persian invasion 490 BCE | Outnumbered Greeks used disciplined phalanx | Legendary runner Pheidippides collapsed after | His run inspired modern marathon distance | Saved Western democracy at the brink,https://upload.wikimedia.org/wikipedia/commons/6/6a/Marathon-tympanon.jpg,#Marathon #AncientGreece #MilitaryHistory #HistoryTok,They ran 26 miles. Then died. #Marathon #AncientGreece #MilitaryHistory #HistoryTok
54,Qin Shi Huang Unification,One emperor. One China. BURNED the books.,"Create a 30-second vertical history short about Qin Shi Huang Unification. Hook: One emperor. One China. BURNED the books. Cover: First emperor unified China 221 BCE. Built early Great Wall and terracotta army. Standardized writing currency and measurements. Ordered burning of Confucian texts. Obsessed with immortality and mercury pills. Tone: dramatic, fast-paced, documentary style. 9:16 vertical.",First emperor unified China 221 BCE | Built early Great Wall and terracotta army | Standardized writing currency and measurements | Ordered burning of Confucian texts | Obsessed with immortality and mercury pills,https://upload.wikimedia.org/wikipedia/commons/8/8a/Qinshihuang.jpg,#QinDynasty #AncientChina #Emperor #HistoryTok,He united China and terrified it. #QinDynasty #AncientChina #Emperor #HistoryTok
55,Roman Colosseum,"50,000 spectators. Death as SPORT.","Create a 30-second vertical history short about Roman Colosseum. Hook: 50,000 spectators. Death as SPORT. Cover: Completed 80 CE under Emperor Titus. Hosted gladiator fights and mock sea battles. Free admission to Roman citizens via bread and circuses. Estimated 400,000 died in arena over centuries. Still stands as icon of Roman engineering. Tone: dramatic, fast-paced, documentary style. 9:16 vertical.","Completed 80 CE under Emperor Titus | Hosted gladiator fights and mock sea battles | Free admission to Roman citizens via bread and circuses | Estimated 400,000 died in arena over centuries | Still stands as icon of Roman engineering",https://upload.wikimedia.org/wikipedia/commons/d/de/Colosseo_2020.jpg,#Colosseum #AncientRome #Gladiators #HistoryTok,Bread and circuses. Blood and cheers. #Colosseum #AncientRome #Gladiators #HistoryTok
56,Constantine and Christianity,One vision. One FAITH.,"Create a 30-second vertical history short about Constantine and Christianity. Hook: One vision. One FAITH. Cover: Roman emperor from 306 to 337 CE. Legalized Christianity with Edict of Milan 313. Founded Constantinople as new capital. Called First Council of Nicaea 325 CE. Shifted Rome from pagan to Christian empire. Tone: dramatic, fast-paced, documentary style. 9:16 vertical.",Roman emperor from 306 to 337 CE | Legalized Christianity with Edict of Milan 313 | Founded Constantinople as new capital | Called First Council of Nicaea 325 CE | Shifted Rome from pagan to Christian empire,https://upload.wikimedia.org/wikipedia/commons/1/1e/Constantine_I_%28head%29.jpg,#Constantine #Christianity #AncientRome #HistoryTok,One dream changed a religion forever. #Constantine #Christianity #AncientRome #HistoryTok
57,Attila the Hun,Scourge of God. Rome FEARED him.,"Create a 30-second vertical history short about Attila the Hun. Hook: Scourge of God. Rome FEARED him. Cover: Led Hunnic Empire across Europe 434-453 CE. Demanded half the Western Roman Empire as tribute. Invaded Gaul and Italy sacking cities. Died on wedding night cause disputed. His death ended major Hunnic threat to Rome. Tone: dramatic, fast-paced, documentary style. 9:16 vertical.",Led Hunnic Empire across Europe 434-453 CE | Demanded half the Western Roman Empire as tribute | Invaded Gaul and Italy sacking cities | Died on wedding night cause disputed | His death ended major Hunnic threat to Rome,https://upload.wikimedia.org/wikipedia/commons/4/4b/Attila_the_Hun.jpg,#Attila #Huns #AncientHistory #HistoryTok,Rome paid tribute to a barbarian king. #Attila #Huns #AncientHistory #HistoryTok
58,Boudica's Revolt,She burned London to the GROUND.,"Create a 30-second vertical history short about Boudica's Revolt. Hook: She burned London to the GROUND. Cover: Celtic queen of Iceni tribe in Britain. Romans flogged her and raped her daughters. Led army that destroyed Colchester and London. Killed 70,000 Romans and allies. Defeated then poisoned herself to avoid capture. Tone: dramatic, fast-paced, documentary style. 9:16 vertical.","Celtic queen of Iceni tribe in Britain | Romans flogged her and raped her daughters | Led army that destroyed Colchester and London | Killed 70,000 Romans and allies | Defeated then poisoned herself to avoid capture",https://upload.wikimedia.org/wikipedia/commons/4/4f/Boudicca_statue_Westminster_Pier_London.jpg,#Boudica #CelticHistory #Britain #HistoryTok,Rome broke a queen. She broke Rome back. #Boudica #CelticHistory #Britain #HistoryTok
59,Ashoka the Great,Conqueror turned BUDDHIST.,"Create a 30-second vertical history short about Ashoka the Great. Hook: Conqueror turned BUDDHIST. Cover: Mauryan emperor of India 268-232 BCE. Kalinga War deaths horrified him into peace. Spread Buddhism across Asia via edicts. Built pillars with earliest readable Indian script. One of history's greatest rulers of compassion. Tone: dramatic, fast-paced, documentary style. 9:16 vertical.",Mauryan emperor of India 268-232 BCE | Kalinga War deaths horrified him into peace | Spread Buddhism across Asia via edicts | Built pillars with earliest readable Indian script | One of history's greatest rulers of compassion,https://upload.wikimedia.org/wikipedia/commons/5/5b/Ashoka_Lauriya_Araraj.jpg,#Ashoka #IndianHistory #Buddhism #HistoryTok,He conquered. Then he changed. #Ashoka #IndianHistory #Buddhism #HistoryTok
60,Destruction of Carthage,Rome salted the EARTH.,"Create a 30-second vertical history short about Destruction of Carthage. Hook: Rome salted the EARTH. Cover: Third Punic War ended 146 BCE. Scipio Aemilianus razed city over 17 days. Survivors sold into slavery. Legend says Rome sowed fields with salt. Removed Rome's greatest Mediterranean rival. Tone: dramatic, fast-paced, documentary style. 9:16 vertical.",Third Punic War ended 146 BCE | Scipio Aemilianus razed city over 17 days | Survivors sold into slavery | Legend says Rome sowed fields with salt | Removed Rome's greatest Mediterranean rival,https://upload.wikimedia.org/wikipedia/commons/7/7e/Ruines_de_Carthage.jpg,#Carthage #AncientRome #War #HistoryTok,They didn't just win. They erased a civilization. #Carthage #AncientRome #War #HistoryTok
61,Minoan Eruption of Thera,Volcano killed a CIVILIZATION.,"Create a 30-second vertical history short about Minoan Eruption of Thera. Hook: Volcano killed a CIVILIZATION. Cover: Massive eruption circa 1600 BCE near Crete. Devastated advanced Minoan civilization. Possibly inspired Atlantis legend. Tsunami hit Crete 100 miles away. One of largest volcanic events in human history. Tone: dramatic, fast-paced, documentary style. 9:16 vertical.",Massive eruption circa 1600 BCE near Crete | Devastated advanced Minoan civilization | Possibly inspired Atlantis legend | Tsunami hit Crete 100 miles away | One of largest volcanic events in human history,https://upload.wikimedia.org/wikipedia/commons/4/4f/Santorini_caldera_2011.jpg,#Thera #Volcano #AncientGreece #HistoryTok,A volcano may have erased Atlantis. #Thera #Volcano #AncientGreece #HistoryTok
62,Oracle of Delphi,Kings traveled WEEKS for her words.,"Create a 30-second vertical history short about Oracle of Delphi. Hook: Kings traveled WEEKS for her words. Cover: Priestess Pythia delivered prophecies for centuries. Sitting over volcanic fumes caused trance states. Consulted before wars and founding cities. Croesus of Lydia and Alexander the Great visited. Closed by Christian emperor Theodosius 393 CE. Tone: dramatic, fast-paced, documentary style. 9:16 vertical.",Priestess Pythia delivered prophecies for centuries | Sitting over volcanic fumes caused trance states | Consulted before wars and founding cities | Croesus of Lydia and Alexander the Great visited | Closed by Christian emperor Theodosius 393 CE,https://upload.wikimedia.org/wikipedia/commons/5/5a/Temple_of_Apollo_at_Delphi.jpg,#Delphi #AncientGreece #Mystery #HistoryTok,Empires rose and fell on her riddles. #Delphi #AncientGreece #Mystery #HistoryTok
63,Egyptian Mummification,70 days. Organs in JARS.,"Create a 30-second vertical history short about Egyptian Mummification. Hook: 70 days. Organs in JARS. Cover: Process took 70 days for elite Egyptians. Brain removed through nose with hooks. Heart left in body as seat of the soul. Canopic jars held liver lungs stomach intestines. Believed necessary for afterlife journey. Tone: dramatic, fast-paced, documentary style. 9:16 vertical.",Process took 70 days for elite Egyptians | Brain removed through nose with hooks | Heart left in body as seat of the soul | Canopic jars held liver lungs stomach intestines | Believed necessary for afterlife journey,https://upload.wikimedia.org/wikipedia/commons/6/6f/Mummy_at_the_Museum_of_Fine_Arts_in_Boston.jpg,#Mummies #AncientEgypt #DeathRituals #HistoryTok,Death was just the beginning. #Mummies #AncientEgypt #DeathRituals #HistoryTok
64,Invention of Writing,First words EVER carved in clay.,"Create a 30-second vertical history short about Invention of Writing. Hook: First words EVER carved in clay. Cover: Sumerian cuneiform circa 3200 BCE in Mesopotamia. Started as accounting marks on clay tablets. Epic of Gilgamesh oldest known literature. Writing enabled law religion and science. Most transformative invention in human history. Tone: dramatic, fast-paced, documentary style. 9:16 vertical.",Sumerian cuneiform circa 3200 BCE in Mesopotamia | Started as accounting marks on clay tablets | Epic of Gilgamesh oldest known literature | Writing enabled law religion and science | Most transformative invention in human history,https://upload.wikimedia.org/wikipedia/commons/5/5d/Cuneiform_sumer_dingir.svg,#Writing #Sumer #AncientHistory #DidYouKnow,Before writing there was no history only memory. #Writing #Sumer #AncientHistory #DidYouKnow
65,Battle of Cannae,"Rome's worst defeat. 50,000 DEAD.","Create a 30-second vertical history short about Battle of Cannae. Hook: Rome's worst defeat. 50,000 DEAD. Cover: Hannibal's masterpiece August 216 BCE. Double envelopment surrounded Roman army. 50,000 Romans killed in single day. Still studied in military academies worldwide. Rome refused to surrender after the disaster. Tone: dramatic, fast-paced, documentary style. 9:16 vertical.","Hannibal's masterpiece August 216 BCE | Double envelopment surrounded Roman army | 50,000 Romans killed in single day | Still studied in military academies worldwide | Rome refused to surrender after the disaster",https://upload.wikimedia.org/wikipedia/commons/6/6a/Battle_of_Cannae_216_BC%2C_Special_Attack.svg,#Cannae #Hannibal #MilitaryHistory #HistoryTok,"The perfect battle. 50,000 dead. #Cannae #Hannibal #MilitaryHistory #HistoryTok"
66,Nazca Lines,Giant drawings. Only visible from SKY.,"Create a 30-second vertical history short about Nazca Lines. Hook: Giant drawings. Only visible from SKY. Cover: Created 500 BCE to 500 CE in Peru desert. Include monkey spider hummingbird and whale. Lines up to 30 miles long. Purpose unknown: astronomy rituals or water. Only fully visible from aircraft altitude. Tone: dramatic, fast-paced, documentary style. 9:16 vertical.",Created 500 BCE to 500 CE in Peru desert | Include monkey spider hummingbird and whale | Lines up to 30 miles long | Purpose unknown: astronomy rituals or water | Only fully visible from aircraft altitude,https://upload.wikimedia.org/wikipedia/commons/5/5a/Nazca-monkey.jpg,#NazcaLines #Peru #Mystery #HistoryTok,Who drew a monkey you can only see from space? #NazcaLines #Peru #Mystery #HistoryTok
67,Hanging Gardens of Babylon,One of seven wonders. Never FOUND.,"Create a 30-second vertical history short about Hanging Gardens of Babylon. Hook: One of seven wonders. Never FOUND. Cover: Described by ancient Greek historians. Said to be tiered gardens in ancient Babylon. No archaeological evidence confirms location. May be myth or confused with Assyrian gardens. One of the great unsolved ancient mysteries. Tone: dramatic, fast-paced, documentary style. 9:16 vertical.",Described by ancient Greek historians | Said to be tiered gardens in ancient Babylon | No archaeological evidence confirms location | May be myth or confused with Assyrian gardens | One of the great unsolved ancient mysteries,https://upload.wikimedia.org/wikipedia/commons/a/a7/Hanging_Gardens_of_Babylon.jpg,#Babylon #SevenWonders #Mystery #HistoryTok,The wonder that might never have existed. #Babylon #SevenWonders #Mystery #HistoryTok
68,Peloponnesian War,Athens vs Sparta. Both LOST.,"Create a 30-second vertical history short about Peloponnesian War. Hook: Athens vs Sparta. Both LOST. Cover: 27-year conflict 431-404 BCE. Athens' empire vs Sparta's land power. Plague killed Pericles and weakened Athens. Sparta finally won with Persian gold. Destroyed golden age of Greek civilization. Tone: dramatic, fast-paced, documentary style. 9:16 vertical.",27-year conflict 431-404 BCE | Athens' empire vs Sparta's land power | Plague killed Pericles and weakened Athens | Sparta finally won with Persian gold | Destroyed golden age of Greek civilization,https://upload.wikimedia.org/wikipedia/commons/6/6a/Peloponnesian_war_alliances_431_BC.png,#PeloponnesianWar #AncientGreece #War #HistoryTok,Two giants fought until both fell. #PeloponnesianWar #AncientGreece #War #HistoryTok
69,Burning of Persepolis,Alexander burned the Persian capital.,"Create a 30-second vertical history short about Burning of Persepolis. Hook: Alexander burned the Persian capital. Cover: Alexander the Great entered Persepolis 330 BCE. Legend says he burned palace in drunken rage. Ended Achaemenid Persian Empire. Treasury looted wealth spread to army. Symbol of Persian civilization destroyed. Tone: dramatic, fast-paced, documentary style. 9:16 vertical.",Alexander the Great entered Persepolis 330 BCE | Legend says he burned palace in drunken rage | Ended Achaemenid Persian Empire | Treasury looted wealth spread to army | Symbol of Persian civilization destroyed,https://upload.wikimedia.org/wikipedia/commons/5/5b/Persepolis_Triple_Gateway.jpg,#Persepolis #Persia #AlexanderTheGreat #HistoryTok,One night of fire. Empire ended. #Persepolis #Persia #AlexanderTheGreat #HistoryTok
70,Oracle Bones of China,"3,000-year-old questions to GHOSTS.","Create a 30-second vertical history short about Oracle Bones of China. Hook: 3,000-year-old questions to GHOSTS. Cover: Shang Dynasty divination circa 1200 BCE. Questions carved on ox scapula and turtle shells. Heat applied until bones cracked for answers. Earliest confirmed Chinese writing survives. Asked about war harvests and royal health. Tone: dramatic, fast-paced, documentary style. 9:16 vertical.",Shang Dynasty divination circa 1200 BCE | Questions carved on ox scapula and turtle shells | Heat applied until bones cracked for answers | Earliest confirmed Chinese writing survives | Asked about war harvests and royal health,https://upload.wikimedia.org/wikipedia/commons/4/4a/Oracle_bone_sample.svg,#OracleBones #AncientChina #Archaeology #HistoryTok,They asked bones about the future. #OracleBones #AncientChina #Archaeology #HistoryTok
71,Black Death,Half of Europe. DEAD in 4 years.,"Create a 30-second vertical history short about Black Death. Hook: Half of Europe. DEAD in 4 years. Cover: Pandemic 1347-1351 via fleas on rats. Killed 30-60 percent of Europe's population. Flagellants whipped themselves seeking mercy. Jews falsely blamed and massacred. Labor shortages eventually weakened feudalism. Tone: dramatic, fast-paced, documentary style. 9:16 vertical.",Pandemic 1347-1351 via fleas on rats | Killed 30-60 percent of Europe's population | Flagellants whipped themselves seeking mercy | Jews falsely blamed and massacred | Labor shortages eventually weakened feudalism,https://upload.wikimedia.org/wikipedia/commons/9/9b/The_plague_Danse_Macabre.jpg,#BlackDeath #Medieval #Plague #HistoryTok,Half of Europe gone in four years. #BlackDeath #Medieval #Plague #HistoryTok
72,The Crusades,200 years. 9 wars. Holy LAND.,"Create a 30-second vertical history short about The Crusades. Hook: 200 years. 9 wars. Holy LAND. Cover: Series of religious wars 1095-1291. Pope Urban II called First Crusade 1095. Christians Muslims and Jews all suffered. Captured Jerusalem then lost it again. Legacy of mistrust echoes today. Tone: dramatic, fast-paced, documentary style. 9:16 vertical.",Series of religious wars 1095-1291 | Pope Urban II called First Crusade 1095 | Christians Muslims and Jews all suffered | Captured Jerusalem then lost it again | Legacy of mistrust echoes today,https://upload.wikimedia.org/wikipedia/commons/6/6a/SiegeofAntioch.jpeg,#Crusades #Medieval #ReligiousWar #HistoryTok,200 years of holy war. Who won? #Crusades #Medieval #ReligiousWar #HistoryTok
73,Genghis Khan,40 million dead. Largest empire EVER.,"Create a 30-second vertical history short about Genghis Khan. Hook: 40 million dead. Largest empire EVER. Cover: Founded Mongol Empire 1206. Conquered more land than anyone in history. Yasa legal code and postal relay system. Religious tolerance across vast empire. DNA study suggests 16 million male descendants. Tone: dramatic, fast-paced, documentary style. 9:16 vertical.",Founded Mongol Empire 1206 | Conquered more land than anyone in history | Yasa legal code and postal relay system | Religious tolerance across vast empire | DNA study suggests 16 million male descendants,https://upload.wikimedia.org/wikipedia/commons/3/35/YuanEmperorAlbumGenghisPortrait.jpg,#GenghisKhan #Mongols #Empire #HistoryTok,One man. Largest land empire ever. #GenghisKhan #Mongols #Empire #HistoryTok
74,Joan of Arc,Teen girl. Led an ARMY.,"Create a 30-second vertical history short about Joan of Arc. Hook: Teen girl. Led an ARMY. Cover: Peasant girl born 1412 in Domremy France. Heard voices telling her to save France. Led French army to lift Siege of Orleans. Captured burned at stake age 19 in 1431. Canonized as saint 1920 nearly 500 years later. Tone: dramatic, fast-paced, documentary style. 9:16 vertical.",Peasant girl born 1412 in Domremy France | Heard voices telling her to save France | Led French army to lift Siege of Orleans | Captured burned at stake age 19 in 1431 | Canonized as saint 1920 nearly 500 years later,https://upload.wikimedia.org/wikipedia/commons/0/0a/Joan_of_Arc_miniature_graded.jpg,#JoanOfArc #Medieval #France #HistoryTok,19 years old. Burned for hearing voices. #JoanOfArc #Medieval #France #HistoryTok
75,Magna Carta,A king forced to SIGN his power away.,"Create a 30-second vertical history short about Magna Carta. Hook: A king forced to SIGN his power away. Cover: Signed June 15 1215 at Runnymede England. King John forced by rebellious barons. Limited royal power and protected feudal rights. Foundation of constitutional law worldwide. Only three clauses still valid in UK law. Tone: dramatic, fast-paced, documentary style. 9:16 vertical.",Signed June 15 1215 at Runnymede England | King John forced by rebellious barons | Limited royal power and protected feudal rights | Foundation of constitutional law worldwide | Only three clauses still valid in UK law,https://upload.wikimedia.org/wikipedia/commons/5/5e/Magna_Carta_%28British_Library_Cotton_MS_Augustus_II.106%29.jpg,#MagnaCarta #Medieval #Law #HistoryFacts,Kings are not above the law. #MagnaCarta #Medieval #Law #HistoryFacts
76,Viking Age,They hit England. Then LEFT.,"Create a 30-second vertical history short about Viking Age. Hook: They hit England. Then LEFT. Cover: Raided and traded 793-1066 CE. Lindisfarne monastery raid 793 started the era. Explored North America via Greenland. Settled Iceland Normandy and Russia. Warriors traders and craftsmen feared across Europe. Tone: dramatic, fast-paced, documentary style. 9:16 vertical.",Raided and traded 793-1066 CE | Lindisfarne monastery raid 793 started the era | Explored North America via Greenland | Settled Iceland Normandy and Russia | Warriors traders and craftsmen feared across Europe,https://upload.wikimedia.org/wikipedia/commons/7/7e/Viking_Ship_Museum_Oslo.jpg,#Vikings #Medieval #NorseHistory #HistoryTok,They came from the sea. Then vanished. #Vikings #Medieval #NorseHistory #HistoryTok
77,Marco Polo in China,24 years in China. Europe couldn't BELIEVE it.,"Create a 30-second vertical history short about Marco Polo in China. Hook: 24 years in China. Europe couldn't BELIEVE it. Cover: Left Venice 1271 age 17 with father and uncle. Spent 17 years in Kublai Khan's court. Described paper money and coal to Europeans. Book The Travels inspired Columbus. Some scholars debate if he went at all. Tone: dramatic, fast-paced, documentary style. 9:16 vertical.",Left Venice 1271 age 17 with father and uncle | Spent 17 years in Kublai Khan's court | Described paper money and coal to Europeans | Book The Travels inspired Columbus | Some scholars debate if he went at all,https://upload.wikimedia.org/wikipedia/commons/0/03/Marco_Polo_portrait.jpg,#MarcoPolo #Medieval #Exploration #HistoryTok,Europe thought he made it all up. #MarcoPolo #Medieval #Exploration #HistoryTok
78,Battle of Hastings,One arrow. England CHANGED forever.,"Create a 30-second vertical history short about Battle of Hastings. Hook: One arrow. England CHANGED forever. Cover: Fought October 14 1066 in England. William Duke of Normandy vs King Harold. Harold allegedly killed by arrow to the eye. Norman Conquest transformed English language. Bayeux Tapestry depicts the battle. Tone: dramatic, fast-paced, documentary style. 9:16 vertical.",Fought October 14 1066 in England | William Duke of Normandy vs King Harold | Harold allegedly killed by arrow to the eye | Norman Conquest transformed English language | Bayeux Tapestry depicts the battle,https://upload.wikimedia.org/wikipedia/commons/b/bb/Bayeux_Tapestry_scene57_Harold_death.jpg,#Hastings #1066 #BritishHistory #HistoryTok,One battle. English forever changed. #Hastings #1066 #BritishHistory #HistoryTok
79,Gutenberg Printing Press,One invention. Knowledge EXPLODED.,"Create a 30-second vertical history short about Gutenberg Printing Press. Hook: One invention. Knowledge EXPLODED. Cover: Johannes Gutenberg printed Bible circa 1455. Movable type revolutionized book production. Books went from luxury to mass commodity. Enabled Reformation Scientific Revolution. Most important invention of second millennium. Tone: dramatic, fast-paced, documentary style. 9:16 vertical.",Johannes Gutenberg printed Bible circa 1455 | Movable type revolutionized book production | Books went from luxury to mass commodity | Enabled Reformation Scientific Revolution | Most important invention of second millennium,https://upload.wikimedia.org/wikipedia/commons/3/33/Gutenberg_Bible.jpg,#Gutenberg #PrintingPress #Medieval #HistoryTok,Before this most people never read a book. #Gutenberg #PrintingPress #Medieval #HistoryTok
80,Charlemagne,King of the Franks. Father of EUROPE.,"Create a 30-second vertical history short about Charlemagne. Hook: King of the Franks. Father of EUROPE. Cover: Crowned Holy Roman Emperor 800 CE. United much of Western Europe by conquest. Promoted education Carolingian Renaissance. Standardized currency and weights. French and German nations trace roots to him. Tone: dramatic, fast-paced, documentary style. 9:16 vertical.",Crowned Holy Roman Emperor 800 CE | United much of Western Europe by conquest | Promoted education Carolingian Renaissance | Standardized currency and weights | French and German nations trace roots to him,https://upload.wikimedia.org/wikipedia/commons/8/8e/Charlemagne_denier_Mayence_812_814.jpg,#Charlemagne #Medieval #Europe #HistoryTok,He tried to rebuild the Roman Empire. #Charlemagne #Medieval #Europe #HistoryTok
81,Fall of Constantinople,"1,000-year empire. Gone in 53 DAYS.","Create a 30-second vertical history short about Fall of Constantinople. Hook: 1,000-year empire. Gone in 53 DAYS. Cover: Ottoman Sultan Mehmed II besieged 1453. Byzantine Empire's capital finally fell May 29. Giant cannons breached ancient Theodosian Walls. Constantine XI died fighting on the walls. End of Roman Empire after 1,500 years. Tone: dramatic, fast-paced, documentary style. 9:16 vertical.","Ottoman Sultan Mehmed II besieged 1453 | Byzantine Empire's capital finally fell May 29 | Giant cannons breached ancient Theodosian Walls | Constantine XI died fighting on the walls | End of Roman Empire after 1,500 years",https://upload.wikimedia.org/wikipedia/commons/6/6c/Constantinople1453.jpg,#Constantinople #Byzantine #Ottoman #HistoryTok,The last Roman emperor died on the walls. #Constantinople #Byzantine #Ottoman #HistoryTok
82,Knights Templar,Warriors. Bankers. Then EXTERMINATED.,"Create a 30-second vertical history short about Knights Templar. Hook: Warriors. Bankers. Then EXTERMINATED. Cover: Founded 1119 to protect pilgrims in Holy Land. Became medieval Europe's first international bankers. Invented early forms of cheques and credit. King Philip IV arrested and tortured them 1307. Friday the 13th 1307 mass arrests became legend. Tone: dramatic, fast-paced, documentary style. 9:16 vertical.",Founded 1119 to protect pilgrims in Holy Land | Became medieval Europe's first international bankers | Invented early forms of cheques and credit | King Philip IV arrested and tortured them 1307 | Friday the 13th 1307 mass arrests became legend,https://upload.wikimedia.org/wikipedia/commons/3/30/Templars_on_St_Bernard%27s_seal.jpg,#KnightsTemplar #Medieval #SecretHistory #HistoryTok,They invented banking. Then kings killed them. #KnightsTemplar #Medieval #SecretHistory #HistoryTok
83,Hundred Years War,116 years. One teenager with a SWORD.,"Create a 30-second vertical history short about Hundred Years War. Hook: 116 years. One teenager with a SWORD. Cover: England vs France 1337-1453. Joan of Arc turned tide for France. Longbow changed medieval warfare forever. Black Prince and Henry V won famous victories. Actually lasted 116 years with long truces. Tone: dramatic, fast-paced, documentary style. 9:16 vertical.",England vs France 1337-1453 | Joan of Arc turned tide for France | Longbow changed medieval warfare forever | Black Prince and Henry V won famous victories | Actually lasted 116 years with long truces,https://upload.wikimedia.org/wikipedia/commons/4/4e/Hundred_years_war_collage.jpg,#HundredYearsWar #Medieval #MilitaryHistory #HistoryTok,116 years. One war. One legend. #HundredYearsWar #Medieval #MilitaryHistory #HistoryTok
84,Spanish Inquisition,Nobody expected it.,"Create a 30-second vertical history short about Spanish Inquisition. Hook: Nobody expected it. Cover: Established 1478 by Ferdinand and Isabella. Targeted converted Jews and Muslims suspected of heresy. Torture used to extract confessions. Auto-da-fe public burnings terrified population. Not as deadly as myth but created lasting fear. Tone: dramatic, fast-paced, documentary style. 9:16 vertical.",Established 1478 by Ferdinand and Isabella | Targeted converted Jews and Muslims suspected of heresy | Torture used to extract confessions | Auto-da-fe public burnings terrified population | Not as deadly as myth but created lasting fear,https://upload.wikimedia.org/wikipedia/commons/4/4a/Auto_de_f%C3%A9%2C_by_Pedro_Berruguete.jpg,#SpanishInquisition #Medieval #Religion #HistoryTok,Nobody expected it. Everyone feared it. #SpanishInquisition #Medieval #Religion #HistoryTok
85,Viking Discovery of America,500 years BEFORE Columbus.,"Create a 30-second vertical history short about Viking Discovery of America. Hook: 500 years BEFORE Columbus. Cover: Leif Erikson reached North America circa 1000 CE. Land called Vinland in Norse sagas. Archaeological site L'Anse aux Meadows confirmed. Settlement in Newfoundland Canada. Abandoned after conflicts with indigenous peoples. Tone: dramatic, fast-paced, documentary style. 9:16 vertical.",Leif Erikson reached North America circa 1000 CE | Land called Vinland in Norse sagas | Archaeological site L'Anse aux Meadows confirmed | Settlement in Newfoundland Canada | Abandoned after conflicts with indigenous peoples,https://upload.wikimedia.org/wikipedia/commons/4/4e/L%27Anse_aux_Meadows%2C_recreated_long_house.jpg,#Vikings #Vinland #Exploration #HistoryTok,Columbus was 500 years late. #Vikings #Vinland #Exploration #HistoryTok
86,Siege of Orleans,Joan's first victory. France REBORN.,"Create a 30-second vertical history short about Siege of Orleans. Hook: Joan's first victory. France REBORN. Cover: English besieged Orleans October 1428. Joan of Arc arrived April 1429. Rallied French troops to break siege May 8. Turning point of Hundred Years War. Made Joan national hero and saint. Tone: dramatic, fast-paced, documentary style. 9:16 vertical.",English besieged Orleans October 1428 | Joan of Arc arrived April 1429 | Rallied French troops to break siege May 8 | Turning point of Hundred Years War | Made Joan national hero and saint,https://upload.wikimedia.org/wikipedia/commons/5/5e/Siege_of_Orleans_%281429%29.jpg,#Orleans #JoanOfArc #Medieval #HistoryTok,One siege. One girl. France saved. #Orleans #JoanOfArc #Medieval #HistoryTok
87,Domesday Book,1086 census. Every cow COUNTED.,"Create a 30-second vertical history short about Domesday Book. Hook: 1086 census. Every cow COUNTED. Cover: William the Conqueror ordered survey 1086. Recorded land ownership across England. Named after Judgment Day doom. Most complete medieval census in Europe. Still referenced in modern property disputes. Tone: dramatic, fast-paced, documentary style. 9:16 vertical.",William the Conqueror ordered survey 1086 | Recorded land ownership across England | Named after Judgment Day doom | Most complete medieval census in Europe | Still referenced in modern property disputes,https://upload.wikimedia.org/wikipedia/commons/4/4e/Domesday_Book_-_Warwickshire.jpg,#DomesdayBook #Medieval #Britain #HistoryFacts,Every field. Every cow. Every person. #DomesdayBook #Medieval #Britain #HistoryFacts
88,Battle of Agincourt,English longbows vs French KNIGHTS.,"Create a 30-second vertical history short about Battle of Agincourt. Hook: English longbows vs French KNIGHTS. Cover: Fought October 25 1415 in France. Henry V's outnumbered army won decisively. Longbowmen devastated French knights in mud. French lost thousands of noblemen. Immortalized by Shakespeare's Henry V. Tone: dramatic, fast-paced, documentary style. 9:16 vertical.",Fought October 25 1415 in France | Henry V's outnumbered army won decisively | Longbowmen devastated French knights in mud | French lost thousands of noblemen | Immortalized by Shakespeare's Henry V,https://upload.wikimedia.org/wikipedia/commons/3/3a/Battle_of_Agincourt%2C_St_Albans_Chronicle.jpg,#Agincourt #Medieval #MilitaryHistory #HistoryTok,Mud. Arrows. A king's glory. #Agincourt #Medieval #MilitaryHistory #HistoryTok
89,Reconquista of Spain,700 years to take Spain BACK.,"Create a 30-second vertical history short about Reconquista of Spain. Hook: 700 years to take Spain BACK. Cover: Christian kingdoms reconquered Iberia 718-1492. Granada last Muslim kingdom fell 1492. Same year Columbus sailed to Americas. Coexistence convivencia then expulsion. Shaped modern Spain and Portugal. Tone: dramatic, fast-paced, documentary style. 9:16 vertical.",Christian kingdoms reconquered Iberia 718-1492 | Granada last Muslim kingdom fell 1492 | Same year Columbus sailed to Americas | Coexistence convivencia then expulsion | Shaped modern Spain and Portugal,https://upload.wikimedia.org/wikipedia/commons/3/3a/Granada_Alhambra.jpg,#Reconquista #Medieval #Spain #HistoryTok,700 years of war. One final victory. #Reconquista #Medieval #Spain #HistoryTok
90,William Wallace,Freedom. One kilogram at a TIME.,"Create a 30-second vertical history short about William Wallace. Hook: Freedom. One kilogram at a TIME. Cover: Scottish knight led resistance against England. Victory at Battle of Stirling Bridge 1297. Captured and executed 1305 hung drawn quartered. Braveheart film dramatized his legend. Symbol of Scottish independence forever. Tone: dramatic, fast-paced, documentary style. 9:16 vertical.",Scottish knight led resistance against England | Victory at Battle of Stirling Bridge 1297 | Captured and executed 1305 hung drawn quartered | Braveheart film dramatized his legend | Symbol of Scottish independence forever,https://upload.wikimedia.org/wikipedia/commons/5/5f/William_Wallace_%28pipe_band%29.jpg,#WilliamWallace #Scotland #Medieval #HistoryTok,They killed him. Scotland remembered. #WilliamWallace #Scotland #Medieval #HistoryTok
91,Mongol Sack of Baghdad,Libraries thrown in the TIGRIS.,"Create a 30-second vertical history short about Mongol Sack of Baghdad. Hook: Libraries thrown in the TIGRIS. Cover: Hulagu Khan besieged Baghdad 1258. House of Wisdom library destroyed. River ran black with ink from burned books. Estimated 200,000 to 1 million killed. Ended Islamic Golden Age in the city. Tone: dramatic, fast-paced, documentary style. 9:16 vertical.","Hulagu Khan besieged Baghdad 1258 | House of Wisdom library destroyed | River ran black with ink from burned books | Estimated 200,000 to 1 million killed | Ended Islamic Golden Age in the city",https://upload.wikimedia.org/wikipedia/commons/6/6c/Siege_of_Baghdad_by_the_Mongols.jpg,#Baghdad #Mongols #Medieval #HistoryTok,Ink ran in the river. Knowledge drowned. #Baghdad #Mongols #Medieval #HistoryTok
92,Blackbeard the Pirate,14 wives. 40 cannons. LEGEND.,"Create a 30-second vertical history short about Blackbeard the Pirate. Hook: 14 wives. 40 cannons. LEGEND. Cover: Real name Edward Teach or Thatch. Terrorized American colonies 1716-1718. Blockaded Charleston South Carolina. Ship Queen Anne's Revenge ran aground. Killed in battle with British Navy 1718. Tone: dramatic, fast-paced, documentary style. 9:16 vertical.",Real name Edward Teach or Thatch | Terrorized American colonies 1716-1718 | Blockaded Charleston South Carolina | Ship Queen Anne's Revenge ran aground | Killed in battle with British Navy 1718,https://upload.wikimedia.org/wikipedia/commons/4/4e/Blackbeard%2C_Buccaneer%2C_by_J._B._Lefevre.jpg,#Blackbeard #Pirates #TrueCrime #HistoryTok,The most feared pirate who ever lived. #Blackbeard #Pirates #TrueCrime #HistoryTok
93,Peasants Revolt of 1381,Serfs marched on LONDON.,"Create a 30-second vertical history short about Peasants Revolt of 1381. Hook: Serfs marched on LONDON. Cover: Triggered by poll tax in England. Wat Tyler led 60,000 rebels to London. Burned Savoy Palace killed Archbishop of Canterbury. King Richard II promised reforms then betrayed. Showed limits of feudal power cracking. Tone: dramatic, fast-paced, documentary style. 9:16 vertical.","Triggered by poll tax in England | Wat Tyler led 60,000 rebels to London | Burned Savoy Palace killed Archbishop of Canterbury | King Richard II promised reforms then betrayed | Showed limits of feudal power cracking",https://upload.wikimedia.org/wikipedia/commons/4/4e/Richard_II_meeting_with_the_insurgents_of_the_Peasants%27_Revolt.jpg,#PeasantsRevolt #Medieval #Britain #HistoryTok,Serfs marched on the king. Almost won. #PeasantsRevolt #Medieval #Britain #HistoryTok
94,Battle of Tours,Charles Martel stopped Islam in FRANCE.,"Create a 30-second vertical history short about Battle of Tours. Hook: Charles Martel stopped Islam in FRANCE. Cover: Fought 732 CE near Poitiers France. Frankish forces under Charles Martel. Halted Umayyad Caliphate expansion into Europe. Martel means the Hammer. Victory preserved Christian Europe's north. Tone: dramatic, fast-paced, documentary style. 9:16 vertical.",Fought 732 CE near Poitiers France | Frankish forces under Charles Martel | Halted Umayyad Caliphate expansion into Europe | Martel means the Hammer | Victory preserved Christian Europe's north,https://upload.wikimedia.org/wikipedia/commons/5/5a/Battle_of_Tours-en.svg,#BattleOfTours #Medieval #MilitaryHistory #HistoryTok,One battle. Europe's fate decided. #BattleOfTours #Medieval #MilitaryHistory #HistoryTok
95,Song Dynasty Gunpowder,They invented GUNPOWDER. Changed war.,"Create a 30-second vertical history short about Song Dynasty Gunpowder. Hook: They invented GUNPOWDER. Changed war. Cover: Gunpowder invented circa 9th century China. Song Dynasty used it in warfare by 11th century. Fire lances proto-guns and bombs developed. Spread west via Silk Road and Mongols. Transformed warfare forever globally. Tone: dramatic, fast-paced, documentary style. 9:16 vertical.",Gunpowder invented circa 9th century China | Song Dynasty used it in warfare by 11th century | Fire lances proto-guns and bombs developed | Spread west via Silk Road and Mongols | Transformed warfare forever globally,https://upload.wikimedia.org/wikipedia/commons/4/4e/Chinese_Gunpowder_Formula.JPG,#Gunpowder #AncientChina #Invention #HistoryTok,They invented the thing that ended knights. #Gunpowder #AncientChina #Invention #HistoryTok
96,Medieval Witch Hunts,Thousands burned. Most were WOMEN.,"Create a 30-second vertical history short about Medieval Witch Hunts. Hook: Thousands burned. Most were WOMEN. Cover: Peak persecutions 1450-1750 in Europe. Malleus Maleficarum witch-hunting manual 1487. Estimated 40,000-60,000 executed. Accused of pacts with devil and harmful magic. Women elderly and poor most vulnerable. Tone: dramatic, fast-paced, documentary style. 9:16 vertical.","Peak persecutions 1450-1750 in Europe | Malleus Maleficarum witch-hunting manual 1487 | Estimated 40,000-60,000 executed | Accused of pacts with devil and harmful magic | Women elderly and poor most vulnerable",https://upload.wikimedia.org/wikipedia/commons/4/4e/Witches_sabbath.jpg,#WitchTrials #Medieval #DarkHistory #HistoryTok,Thousands burned for imaginary crimes. #WitchTrials #Medieval #DarkHistory #HistoryTok
97,Bayeux Tapestry,230 feet. One battle DOCUMENTED.,"Create a 30-second vertical history short about Bayeux Tapestry. Hook: 230 feet. One battle DOCUMENTED. Cover: Embroidered cloth circa 1070s in England. Depicts Norman Conquest of 1066. 230 feet long 50 scenes. Shows Halley's Comet and Battle of Hastings. Medieval comic strip and propaganda. Tone: dramatic, fast-paced, documentary style. 9:16 vertical.",Embroidered cloth circa 1070s in England | Depicts Norman Conquest of 1066 | 230 feet long 50 scenes | Shows Halley's Comet and Battle of Hastings | Medieval comic strip and propaganda,https://upload.wikimedia.org/wikipedia/commons/6/6c/Bayeux_Tapestry_scene57_Harold_death.jpg,#BayeuxTapestry #Medieval #ArtHistory #HistoryTok,230 feet of embroidered war propaganda. #BayeuxTapestry #Medieval #ArtHistory #HistoryTok
98,El Cid,Christian hero. Muslim ALLY.,"Create a 30-second vertical history short about El Cid. Hook: Christian hero. Muslim ALLY. Cover: Rodrigo Diaz de Vivar 11th century knight. Fought for and against both Christian and Muslim rulers. Captured Valencia and ruled it. Epic poem Cantar de mio Cid immortalized him. National hero of Spain to this day. Tone: dramatic, fast-paced, documentary style. 9:16 vertical.",Rodrigo Diaz de Vivar 11th century knight | Fought for and against both Christian and Muslim rulers | Captured Valencia and ruled it | Epic poem Cantar de mio Cid immortalized him | National hero of Spain to this day,https://upload.wikimedia.org/wikipedia/commons/4/4e/El_Cid_campeador.jpg,#ElCid #Medieval #Spain #HistoryTok,Hero to both sides. Enemy to both. #ElCid #Medieval #Spain #HistoryTok
99,Great Schism,Two popes. One church. CHAOS.,"Create a 30-second vertical history short about Great Schism. Hook: Two popes. One church. CHAOS. Cover: Western Schism 1378-1417 in Catholic Church. Two then three rival popes at once. Kings chose which pope to obey. Council of Constance finally resolved it. Damaged papal authority across Europe. Tone: dramatic, fast-paced, documentary style. 9:16 vertical.",Western Schism 1378-1417 in Catholic Church | Two then three rival popes at once | Kings chose which pope to obey | Council of Constance finally resolved it | Damaged papal authority across Europe,https://upload.wikimedia.org/wikipedia/commons/5/5e/Map_of_Rome_in_the_Middle_Ages.jpg,#GreatSchism #Medieval #CatholicChurch #HistoryTok,Two popes. One church. Total chaos. #GreatSchism #Medieval #CatholicChurch #HistoryTok
100,Justinian's Code,Roman law. Still used TODAY.,"Create a 30-second vertical history short about Justinian's Code. Hook: Roman law. Still used TODAY. Cover: Emperor Justinian codified Roman law 529-534. Corpus Juris Civilis foundation of civil law. Basis for legal systems in Europe and beyond. Preserved Roman legal principles after empire fell. Still influences modern law worldwide. Tone: dramatic, fast-paced, documentary style. 9:16 vertical.",Emperor Justinian codified Roman law 529-534 | Corpus Juris Civilis foundation of civil law | Basis for legal systems in Europe and beyond | Preserved Roman legal principles after empire fell | Still influences modern law worldwide,https://upload.wikimedia.org/wikipedia/commons/4/4e/Justinian555AD.png,#Justinian #RomanLaw #Medieval #HistoryFacts,Roman law never died. #Justinian #RomanLaw #Medieval #HistoryFacts
101,Siege of Jerusalem 1099,Blood ran ankle-deep.,"Create a 30-second vertical history short about Siege of Jerusalem 1099. Hook: Blood ran ankle-deep. Cover: First Crusade captured Jerusalem July 15 1099. Crusaders massacred Muslim and Jewish residents. Blood reportedly ran ankle-deep in streets. Established Crusader Kingdom of Jerusalem. Trauma remembered for centuries. Tone: dramatic, fast-paced, documentary style. 9:16 vertical.",First Crusade captured Jerusalem July 15 1099 | Crusaders massacred Muslim and Jewish residents | Blood reportedly ran ankle-deep in streets | Established Crusader Kingdom of Jerusalem | Trauma remembered for centuries,https://upload.wikimedia.org/wikipedia/commons/6/6a/SiegeofJerusalem1099.jpg,#Jerusalem #Crusades #Medieval #HistoryTok,Victory written in blood. #Jerusalem #Crusades #Medieval #HistoryTok
102,Pax Mongolica,Safe trade across ASIA.,"Create a 30-second vertical history short about Pax Mongolica. Hook: Safe trade across ASIA. Cover: Mongol Empire enabled safe trade 13th-14th century. Silk Road flourished under Mongol protection. Passports and relay stations sped travel. Black Death also spread along same routes. Globalization's first golden age. Tone: dramatic, fast-paced, documentary style. 9:16 vertical.",Mongol Empire enabled safe trade 13th-14th century | Silk Road flourished under Mongol protection | Passports and relay stations sped travel | Black Death also spread along same routes | Globalization's first golden age,https://upload.wikimedia.org/wikipedia/commons/7/74/Mongol_Empire_map.gif,#PaxMongolica #Mongols #TradeHistory #HistoryTok,They conquered the world. Then traded it. #PaxMongolica #Mongols #TradeHistory #HistoryTok
103,Founding of Oxford University,Students. Books. 900 YEARS.,"Create a 30-second vertical history short about Founding of Oxford University. Hook: Students. Books. 900 YEARS. Cover: Teaching existed Oxford by 1096. Oldest university in English-speaking world. Medieval students studied theology law medicine. Rivalry with Cambridge since 1209. Shaped Western intellectual tradition. Tone: dramatic, fast-paced, documentary style. 9:16 vertical.",Teaching existed Oxford by 1096 | Oldest university in English-speaking world | Medieval students studied theology law medicine | Rivalry with Cambridge since 1209 | Shaped Western intellectual tradition,https://upload.wikimedia.org/wikipedia/commons/3/3a/Radcliffe_Camera%2C_Oxford_-_Oct_2006.jpg,#Oxford #Medieval #Education #HistoryTok,900 years of students and secrets. #Oxford #Medieval #Education #HistoryTok
104,Viking Rus and Kiev,Vikings founded RUSSIA.,"Create a 30-second vertical history short about Viking Rus and Kiev. Hook: Vikings founded RUSSIA. Cover: Norse traders called Varangians reached Russia. Rurik dynasty founded Kievan Rus 862. Trade route from Baltic to Black Sea. Vladimir I converted Rus to Christianity 988. Foundation of Russian and Ukrainian states. Tone: dramatic, fast-paced, documentary style. 9:16 vertical.",Norse traders called Varangians reached Russia | Rurik dynasty founded Kievan Rus 862 | Trade route from Baltic to Black Sea | Vladimir I converted Rus to Christianity 988 | Foundation of Russian and Ukrainian states,https://upload.wikimedia.org/wikipedia/commons/4/4e/Kievan_Rus_en.svg,#KievanRus #Vikings #Medieval #HistoryTok,Russia started with Viking traders. #KievanRus #Vikings #Medieval #HistoryTok
105,Marco Polo and the Silk Road,24 years. One BOOK.,"Create a 30-second vertical history short about Marco Polo and the Silk Road. Hook: 24 years. One BOOK. Cover: Traveled Silk Road to Yuan Dynasty China. Returned 1295 after 24 years abroad. Cellmate wrote down his stories in prison. Described paper money and asbestos. Opened European minds to Asia's riches. Tone: dramatic, fast-paced, documentary style. 9:16 vertical.",Traveled Silk Road to Yuan Dynasty China | Returned 1295 after 24 years abroad | Cellmate wrote down his stories in prison | Described paper money and asbestos | Opened European minds to Asia's riches,https://upload.wikimedia.org/wikipedia/commons/7/74/Silk_route.jpg,#SilkRoad #MarcoPolo #Medieval #HistoryTok,One book changed how Europe saw the world. #SilkRoad #MarcoPolo #Medieval #HistoryTok
106,Italian Renaissance,One city birthed MODERN art.,"Create a 30-second vertical history short about Italian Renaissance. Hook: One city birthed MODERN art. Cover: Florence Italy epicenter 14th-16th centuries. Revival of classical Greek and Roman learning. Patronage of Medici family funded artists. Humanism placed humans at center of universe. Bridge from medieval to modern world. Tone: dramatic, fast-paced, documentary style. 9:16 vertical.",Florence Italy epicenter 14th-16th centuries | Revival of classical Greek and Roman learning | Patronage of Medici family funded artists | Humanism placed humans at center of universe | Bridge from medieval to modern world,https://upload.wikimedia.org/wikipedia/commons/a/a4/Florence_skyline.jpg,#Renaissance #Florence #ArtHistory #HistoryTok,One city changed how we see beauty. #Renaissance #Florence #ArtHistory #HistoryTok
107,Leonardo da Vinci,Artist. Inventor. GENIUS.,"Create a 30-second vertical history short about Leonardo da Vinci. Hook: Artist. Inventor. GENIUS. Cover: Painted Mona Lisa and Last Supper. Designed flying machines centuries early. Dissected corpses to study anatomy. Wrote notes in mirror script. Epitome of Renaissance polymath. Tone: dramatic, fast-paced, documentary style. 9:16 vertical.",Painted Mona Lisa and Last Supper | Designed flying machines centuries early | Dissected corpses to study anatomy | Wrote notes in mirror script | Epitome of Renaissance polymath,https://upload.wikimedia.org/wikipedia/commons/b/b8/Leonardo_da_Vinci_-_presumed_self-portrait_-_WGA12798.jpg,#LeonardoDaVinci #Renaissance #Genius #HistoryTok,He saw the future 500 years early. #LeonardoDaVinci #Renaissance #Genius #HistoryTok
108,Sistine Chapel Ceiling,4 years on his BACK.,"Create a 30-second vertical history short about Sistine Chapel Ceiling. Hook: 4 years on his BACK. Cover: Michelangelo painted ceiling 1508-1512. 343 figures across 5,000 square feet. Included Creation of Adam iconic scene. Pope Julius II commissioned the work. Restored 1980s revealing vivid original colors. Tone: dramatic, fast-paced, documentary style. 9:16 vertical.","Michelangelo painted ceiling 1508-1512 | 343 figures across 5,000 square feet | Included Creation of Adam iconic scene | Pope Julius II commissioned the work | Restored 1980s revealing vivid original colors",https://upload.wikimedia.org/wikipedia/commons/5/5b/Michelangelo_-_Creation_of_Adam_%28cropped%29.jpg,#SistineChapel #Michelangelo #Renaissance #ArtHistory,Four years on his back. Eternal glory. #SistineChapel #Michelangelo #Renaissance #ArtHistory
109,Martin Luther's Reformation,One nail. Church SPLIT.,"Create a 30-second vertical history short about Martin Luther's Reformation. Hook: One nail. Church SPLIT. Cover: Posted 95 Theses Wittenberg October 31 1517. Challenged indulgences and papal authority. Translated Bible into German for common people. Excommunicated at Diet of Worms 1521. Split Christianity into Catholic and Protestant. Tone: dramatic, fast-paced, documentary style. 9:16 vertical.",Posted 95 Theses Wittenberg October 31 1517 | Challenged indulgences and papal authority | Translated Bible into German for common people | Excommunicated at Diet of Worms 1521 | Split Christianity into Catholic and Protestant,https://upload.wikimedia.org/wikipedia/commons/9/9d/Luther_95_Thesen.png,#Reformation #MartinLuther #Religion #HistoryTok,One nail. Christianity split forever. #Reformation #MartinLuther #Religion #HistoryTok
110,Copernican Revolution,Earth is NOT the center.,"Create a 30-second vertical history short about Copernican Revolution. Hook: Earth is NOT the center. Cover: Nicolaus Copernicus proposed heliocentric model 1543. Earth and planets orbit the Sun. Contradicted church and common sense. Published On the Revolutions on deathbed. Started scientific revolution in astronomy. Tone: dramatic, fast-paced, documentary style. 9:16 vertical.",Nicolaus Copernicus proposed heliocentric model 1543 | Earth and planets orbit the Sun | Contradicted church and common sense | Published On the Revolutions on deathbed | Started scientific revolution in astronomy,https://upload.wikimedia.org/wikipedia/commons/f/f2/Nikolaus_Kopernikus.jpg,#Copernicus #Astronomy #ScienceHistory #HistoryTok,He moved Earth from the center of everything. #Copernicus #Astronomy #ScienceHistory #HistoryTok
111,Galileo vs the Church,He said Earth MOVES. They said STOP.,"Create a 30-second vertical history short about Galileo vs the Church. Hook: He said Earth MOVES. They said STOP. Cover: Galileo improved telescope observed Jupiter's moons. Supported Copernican heliocentric model. Trial by Inquisition 1633 forced recantation. Legend says muttered and yet it moves. House arrest until death 1642. Tone: dramatic, fast-paced, documentary style. 9:16 vertical.",Galileo improved telescope observed Jupiter's moons | Supported Copernican heliocentric model | Trial by Inquisition 1633 forced recantation | Legend says muttered and yet it moves | House arrest until death 1642,https://upload.wikimedia.org/wikipedia/commons/d/d4/Justus_Sustermans_-_Portrait_of_Galileo_Galilei%2C_1636.jpg,#Galileo #ScienceHistory #CatholicChurch #HistoryTok,Truth vs power. Power won. For a while. #Galileo #ScienceHistory #CatholicChurch #HistoryTok
112,William Shakespeare,"37 plays. 1,700 NEW words.","Create a 30-second vertical history short about William Shakespeare. Hook: 37 plays. 1,700 NEW words. Cover: English playwright 1564-1616. Wrote tragedies comedies and histories. Coined words like eyeball and swagger. Globe Theatre burned down twice. Most performed playwright in history. Tone: dramatic, fast-paced, documentary style. 9:16 vertical.",English playwright 1564-1616 | Wrote tragedies comedies and histories | Coined words like eyeball and swagger | Globe Theatre burned down twice | Most performed playwright in history,https://upload.wikimedia.org/wikipedia/commons/a/a2/Shakespeare.jpg,#Shakespeare #Literature #Renaissance #HistoryTok,He invented words we use every day. #Shakespeare #Literature #Renaissance #HistoryTok
113,Defeat of Spanish Armada,130 ships. England WON.,"Create a 30-second vertical history short about Defeat of Spanish Armada. Hook: 130 ships. England WON. Cover: Philip II sent 130 ships to invade England 1588. English fire ships broke Spanish formation. Storms destroyed much of fleet returning home. Elizabeth I became legend of Protestant resistance. Marked rise of England as naval power. Tone: dramatic, fast-paced, documentary style. 9:16 vertical.",Philip II sent 130 ships to invade England 1588 | English fire ships broke Spanish formation | Storms destroyed much of fleet returning home | Elizabeth I became legend of Protestant resistance | Marked rise of England as naval power,https://upload.wikimedia.org/wikipedia/commons/7/7a/Defeat_of_the_Spanish_Armada%2C_8_August_1588.jpg,#SpanishArmada #ElizabethI #NavalHistory #HistoryTok,130 ships. Storms. England's finest hour. #SpanishArmada #ElizabethI #NavalHistory #HistoryTok
114,Columbian Exchange,Potatoes to Europe. Smallpox to AMERICA.,"Create a 30-second vertical history short about Columbian Exchange. Hook: Potatoes to Europe. Smallpox to AMERICA. Cover: Term coined by Alfred Crosby for 1492+ transfers. New World crops transformed Old World diets. Old World diseases devastated indigenous Americans. Horses cattle and wheat reached Americas. Created modern global food system. Tone: dramatic, fast-paced, documentary style. 9:16 vertical.",Term coined by Alfred Crosby for 1492+ transfers | New World crops transformed Old World diets | Old World diseases devastated indigenous Americans | Horses cattle and wheat reached Americas | Created modern global food system,https://upload.wikimedia.org/wikipedia/commons/9/9f/Columbian_Exchange.jpg,#ColumbianExchange #Exploration #WorldHistory #HistoryTok,Two worlds collided. Both forever changed. #ColumbianExchange #Exploration #WorldHistory #HistoryTok
115,Fall of the Aztec Empire,600 men vs an EMPIRE.,"Create a 30-second vertical history short about Fall of the Aztec Empire. Hook: 600 men vs an EMPIRE. Cover: Hernan Cortes landed Mexico 1519 with 600 men. Allied with enemies of Aztecs including Tlaxcalans. Moontezuma captured then killed in chaos. Tenochtitlan fell after brutal siege 1521. Aztec civilization collapsed within two years. Tone: dramatic, fast-paced, documentary style. 9:16 vertical.",Hernan Cortes landed Mexico 1519 with 600 men | Allied with enemies of Aztecs including Tlaxcalans | Moontezuma captured then killed in chaos | Tenochtitlan fell after brutal siege 1521 | Aztec civilization collapsed within two years,https://upload.wikimedia.org/wikipedia/commons/8/8a/Siege_of_Tenochtitlan.jpg,#Aztec #Conquistadors #Mexico #HistoryTok,600 men. One empire. Gone. #Aztec #Conquistadors #Mexico #HistoryTok
116,Conquest of the Inca Empire,168 Spaniards. Millions conquered.,"Create a 30-second vertical history short about Conquest of the Inca Empire. Hook: 168 Spaniards. Millions conquered. Cover: Francisco Pizarro captured Emperor Atahualpa 1532. Ransom room filled with gold then Atahualpa executed. Disease and civil war weakened Incas first. Cusco fell 1533 ending Inca Empire. One of history's most lopsided conquests. Tone: dramatic, fast-paced, documentary style. 9:16 vertical.",Francisco Pizarro captured Emperor Atahualpa 1532 | Ransom room filled with gold then Atahualpa executed | Disease and civil war weakened Incas first | Cusco fell 1533 ending Inca Empire | One of history's most lopsided conquests,https://upload.wikimedia.org/wikipedia/commons/5/5a/Atahualpa%2C_Inca_emperor.jpg,#Inca #Conquistadors #Peru #HistoryTok,168 men. An empire. Unbelievable. #Inca #Conquistadors #Peru #HistoryTok
117,Thirty Years War,8 million dead. Europe DEVASTATED.,"Create a 30-second vertical history short about Thirty Years War. Hook: 8 million dead. Europe DEVASTATED. Cover: Fought 1618-1648 mostly in Holy Roman Empire. Started as Protestant vs Catholic conflict. Sweden France and Spain all involved. Estimated 8 million deaths from war and famine. Peace of Westphalia reshaped European borders. Tone: dramatic, fast-paced, documentary style. 9:16 vertical.",Fought 1618-1648 mostly in Holy Roman Empire | Started as Protestant vs Catholic conflict | Sweden France and Spain all involved | Estimated 8 million deaths from war and famine | Peace of Westphalia reshaped European borders,https://upload.wikimedia.org/wikipedia/commons/9/9a/Thirty_Years_War_%E2%80%93_Sack_of_Magdeburg.jpg,#ThirtyYearsWar #Europe #ReligiousWar #HistoryTok,8 million dead. Europe never the same. #ThirtyYearsWar #Europe #ReligiousWar #HistoryTok
118,English Civil War,King lost his HEAD. Again.,"Create a 30-second vertical history short about English Civil War. Hook: King lost his HEAD. Again. Cover: Parliament vs King Charles I 1642-1651. Oliver Cromwell led New Model Army. Charles I executed January 30 1649. Brief republic under Cromwell. Monarchy restored 1660 but power shifted. Tone: dramatic, fast-paced, documentary style. 9:16 vertical.",Parliament vs King Charles I 1642-1651 | Oliver Cromwell led New Model Army | Charles I executed January 30 1649 | Brief republic under Cromwell | Monarchy restored 1660 but power shifted,https://upload.wikimedia.org/wikipedia/commons/4/4c/Charles_I_of_England_%28head%29.jpg,#EnglishCivilWar #Britain #Revolution #HistoryTok,They killed their king. Democracy trembled. #EnglishCivilWar #Britain #Revolution #HistoryTok
119,Salem Witch Trials,20 hanged. Mass HYSTERIA.,"Create a 30-second vertical history short about Salem Witch Trials. Hook: 20 hanged. Mass HYSTERIA. Cover: Occurred 1692-1693 in Massachusetts colony. Over 200 accused mostly women. 20 executed by hanging one pressed to death. Spectral evidence allowed in court. Led to reforms in American legal standards. Tone: dramatic, fast-paced, documentary style. 9:16 vertical.",Occurred 1692-1693 in Massachusetts colony | Over 200 accused mostly women | 20 executed by hanging one pressed to death | Spectral evidence allowed in court | Led to reforms in American legal standards,https://upload.wikimedia.org/wikipedia/commons/8/8a/Witchcraft_at_Salem_Village.jpg,#SalemWitchTrials #ColonialAmerica #DarkHistory #HistoryTok,Mass hysteria. 20 dead. No witches. #SalemWitchTrials #ColonialAmerica #DarkHistory #HistoryTok
120,Great Fire of London,"13,000 houses. 5 DEAD.","Create a 30-second vertical history short about Great Fire of London. Hook: 13,000 houses. 5 DEAD. Cover: Burned September 2-6 1666. Destroyed 87 churches and St Paul's Cathedral. Only 6 verified deaths recorded. Led to modern building codes and firefighting. Samuel Pepys documented it in famous diary. Tone: dramatic, fast-paced, documentary style. 9:16 vertical.",Burned September 2-6 1666 | Destroyed 87 churches and St Paul's Cathedral | Only 6 verified deaths recorded | Led to modern building codes and firefighting | Samuel Pepys documented it in famous diary,https://upload.wikimedia.org/wikipedia/commons/8/8e/Great_Fire_London.jpg,#GreatFire #London #Disaster #HistoryTok,A city burned. A city rebuilt. #GreatFire #London #Disaster #HistoryTok
121,Louis XIV Sun King,I am the STATE.,"Create a 30-second vertical history short about Louis XIV Sun King. Hook: I am the STATE. Cover: Reigned France 1643-1715 longest in European history. Built Palace of Versailles as power symbol. Centralized absolute monarchy. Fought costly wars draining treasury. His decadence planted seeds of French Revolution. Tone: dramatic, fast-paced, documentary style. 9:16 vertical.",Reigned France 1643-1715 longest in European history | Built Palace of Versailles as power symbol | Centralized absolute monarchy | Fought costly wars draining treasury | His decadence planted seeds of French Revolution,https://upload.wikimedia.org/wikipedia/commons/5/5f/Louis_XIV_of_France.jpg,#LouisXIV #France #Monarchy #HistoryTok,One king. One palace. Absolute power. #LouisXIV #France #Monarchy #HistoryTok
122,Peter the Great,He dragged Russia into MODERNITY.,"Create a 30-second vertical history short about Peter the Great. Hook: He dragged Russia into MODERNITY. Cover: Tsar of Russia 1682-1725. Built St Petersburg as window to Europe. Modernized army navy and administration. Forced nobles to cut beards and wear Western dress. Transformed Russia into major European power. Tone: dramatic, fast-paced, documentary style. 9:16 vertical.",Tsar of Russia 1682-1725 | Built St Petersburg as window to Europe | Modernized army navy and administration | Forced nobles to cut beards and wear Western dress | Transformed Russia into major European power,https://upload.wikimedia.org/wikipedia/commons/4/4a/Peter_I_of_Russia_by_Godfrey_Kneller%2C_1698.jpg,#PeterTheGreat #Russia #Modernization #HistoryTok,He westernized an empire by force. #PeterTheGreat #Russia #Modernization #HistoryTok
123,Seven Years War,First WORLD war.,"Create a 30-second vertical history short about Seven Years War. Hook: First WORLD war. Cover: Fought 1756-1763 across five continents. Britain vs France and allies globally. Known as French and Indian War in America. Britain gained Canada and India. Prussia under Frederick the Great survived. Tone: dramatic, fast-paced, documentary style. 9:16 vertical.",Fought 1756-1763 across five continents | Britain vs France and allies globally | Known as French and Indian War in America | Britain gained Canada and India | Prussia under Frederick the Great survived,https://upload.wikimedia.org/wikipedia/commons/3/3a/Seven_Years%27_War_Collage.jpg,#SevenYearsWar #WorldHistory #MilitaryHistory #HistoryTok,Five continents. One war. #SevenYearsWar #WorldHistory #MilitaryHistory #HistoryTok
124,Boston Massacre,5 dead. Revolution IGNITED.,"Create a 30-second vertical history short about Boston Massacre. Hook: 5 dead. Revolution IGNITED. Cover: British soldiers fired on crowd March 5 1770. Five colonists killed including Crispus Attucks. Paul Revere's engraving spread propaganda. John Adams defended soldiers in trial. Spark that fueled American independence movement. Tone: dramatic, fast-paced, documentary style. 9:16 vertical.",British soldiers fired on crowd March 5 1770 | Five colonists killed including Crispus Attucks | Paul Revere's engraving spread propaganda | John Adams defended soldiers in trial | Spark that fueled American independence movement,https://upload.wikimedia.org/wikipedia/commons/8/8e/Boston_Massacre%2C_by_Paul_Revere.jpg,#BostonMassacre #AmericanHistory #Revolution #HistoryTok,Five dead. A revolution began. #BostonMassacre #AmericanHistory #Revolution #HistoryTok
125,Stamp Act Crisis,Tax without representation. Colonists EXPLODED.,"Create a 30-second vertical history short about Stamp Act Crisis. Hook: Tax without representation. Colonists EXPLODED. Cover: British Parliament passed Stamp Act 1765. Tax on every printed document in colonies. Colonists cried taxation without representation. Sons of Liberty organized boycotts and protests. Repealed 1766 but damage to trust was done. Tone: dramatic, fast-paced, documentary style. 9:16 vertical.",British Parliament passed Stamp Act 1765 | Tax on every printed document in colonies | Colonists cried taxation without representation | Sons of Liberty organized boycotts and protests | Repealed 1766 but damage to trust was done,https://upload.wikimedia.org/wikipedia/commons/4/4e/Stamp_Act_1765.jpg,#StampAct #AmericanHistory #Revolution #HistoryTok,A tax on paper. A revolution on paper. #StampAct #AmericanHistory #Revolution #HistoryTok
126,Zheng He's Treasure Fleet,300 ships. Before Columbus.,"Create a 30-second vertical history short about Zheng He's Treasure Fleet. Hook: 300 ships. Before Columbus. Cover: Ming Dynasty admiral led seven voyages 1405-1433. Fleet of massive treasure ships up to 400 feet. Reached Africa Arabia and Southeast Asia. Displayed Chinese power and traded goods. Emperor ended voyages and burned fleet records. Tone: dramatic, fast-paced, documentary style. 9:16 vertical.",Ming Dynasty admiral led seven voyages 1405-1433 | Fleet of massive treasure ships up to 400 feet | Reached Africa Arabia and Southeast Asia | Displayed Chinese power and traded goods | Emperor ended voyages and burned fleet records,https://upload.wikimedia.org/wikipedia/commons/4/4e/Zheng_He%27s_voyages_map.svg,#ZhengHe #MingDynasty #Exploration #HistoryTok,China reached Africa before Europe reached America. #ZhengHe #MingDynasty #Exploration #HistoryTok
127,Gunpowder Plot,Guy Fawkes. 36 barrels. FAILED.,"Create a 30-second vertical history short about Gunpowder Plot. Hook: Guy Fawkes. 36 barrels. FAILED. Cover: Catholic conspirators planned to blow up Parliament 1605. 36 barrels of gunpowder hidden under House of Lords. Guy Fawkes caught guarding explosives November 5. Executed for treason. Bonfire Night celebrates his failure annually. Tone: dramatic, fast-paced, documentary style. 9:16 vertical.",Catholic conspirators planned to blow up Parliament 1605 | 36 barrels of gunpowder hidden under House of Lords | Guy Fawkes caught guarding explosives November 5 | Executed for treason | Bonfire Night celebrates his failure annually,https://upload.wikimedia.org/wikipedia/commons/5/5e/Guy_Fawkes_by_Cruikshank.jpg,#GunpowderPlot #GuyFawkes #Britain #HistoryTok,36 barrels. One traitor. One holiday. #GunpowderPlot #GuyFawkes #Britain #HistoryTok
128,Edo Period Japan,250 years of PEACE.,"Create a 30-second vertical history short about Edo Period Japan. Hook: 250 years of PEACE. Cover: Tokugawa shogunate ruled 1603-1868. Sakoku policy closed Japan to foreigners. Samurai class and urban culture flourished. Kabuki ukiyo-e and haiku arts peaked. Ended when Perry's Black Ships arrived 1853. Tone: dramatic, fast-paced, documentary style. 9:16 vertical.",Tokugawa shogunate ruled 1603-1868 | Sakoku policy closed Japan to foreigners | Samurai class and urban culture flourished | Kabuki ukiyo-e and haiku arts peaked | Ended when Perry's Black Ships arrived 1853,https://upload.wikimedia.org/wikipedia/commons/4/4e/Edo_P.jpg,#EdoPeriod #JapaneseHistory #Samurai #HistoryTok,250 years locked away from the world. #EdoPeriod #JapaneseHistory #Samurai #HistoryTok
129,Taj Mahal,One monument to LOVE.,"Create a 30-second vertical history short about Taj Mahal. Hook: One monument to LOVE. Cover: Built 1632-1653 by Mughal Emperor Shah Jahan. Memorial for beloved wife Mumtaz Mahal. White marble inlaid with precious stones. UNESCO World Heritage Site. Over 20,000 artisans worked on construction. Tone: dramatic, fast-paced, documentary style. 9:16 vertical.","Built 1632-1653 by Mughal Emperor Shah Jahan | Memorial for beloved wife Mumtaz Mahal | White marble inlaid with precious stones | UNESCO World Heritage Site | Over 20,000 artisans worked on construction",https://upload.wikimedia.org/wikipedia/commons/6/67/Taj_Mahal_in_India_-_Kristian_Bertel.jpg,#TajMahal #India #Architecture #HistoryTok,Built for love. Eternal in marble. #TajMahal #India #Architecture #HistoryTok
130,Dutch Golden Age,Tiny nation. Richest on EARTH.,"Create a 30-second vertical history short about Dutch Golden Age. Hook: Tiny nation. Richest on EARTH. Cover: 17th century Netherlands dominated global trade. Dutch East India Company first multinational. Rembrandt Vermeer defined Baroque art. Amsterdam stock exchange pioneered finance. Polder land reclaimed from the sea. Tone: dramatic, fast-paced, documentary style. 9:16 vertical.",17th century Netherlands dominated global trade | Dutch East India Company first multinational | Rembrandt Vermeer defined Baroque art | Amsterdam stock exchange pioneered finance | Polder land reclaimed from the sea,https://upload.wikimedia.org/wikipedia/commons/3/3a/Amsterdam_grachten.jpg,#DutchGoldenAge #Netherlands #TradeHistory #HistoryTok,A tiny nation ruled global trade. #DutchGoldenAge #Netherlands #TradeHistory #HistoryTok
131,Scientific Revolution,Reason replaced FAITH.,"Create a 30-second vertical history short about Scientific Revolution. Hook: Reason replaced FAITH. Cover: 16th-17th century transformation of knowledge. Bacon Galileo Newton and Kepler led the way. Scientific method replaced ancient authority. Royal Society founded 1660 in England. Laid foundation for modern technology. Tone: dramatic, fast-paced, documentary style. 9:16 vertical.",16th-17th century transformation of knowledge | Bacon Galileo Newton and Kepler led the way | Scientific method replaced ancient authority | Royal Society founded 1660 in England | Laid foundation for modern technology,https://upload.wikimedia.org/wikipedia/commons/4/4e/Newton%27s_reflecting_telescope%2C_1668.jpg,#ScientificRevolution #ScienceHistory #Enlightenment #HistoryTok,They stopped asking church. Started asking nature. #ScientificRevolution #ScienceHistory #Enlightenment #HistoryTok
132,Treaty of Westphalia,Modern nations BORN.,"Create a 30-second vertical history short about Treaty of Westphalia. Hook: Modern nations BORN. Cover: Ended Thirty Years War 1648. Established principle of state sovereignty. Each ruler determined own state's religion. Redrew map of Holy Roman Empire. Foundation of modern international relations. Tone: dramatic, fast-paced, documentary style. 9:16 vertical.",Ended Thirty Years War 1648 | Established principle of state sovereignty | Each ruler determined own state's religion | Redrew map of Holy Roman Empire | Foundation of modern international relations,https://upload.wikimedia.org/wikipedia/commons/5/5e/Westf%C3%A4lischer_Friede_%28M%C3%BCnster%29.jpg,#Westphalia #Europe #Diplomacy #HistoryFacts,1648. The birth of the modern nation. #Westphalia #Europe #Diplomacy #HistoryFacts
133,Qing Dynasty Rise,China's last dynasty. 268 YEARS.,"Create a 30-second vertical history short about Qing Dynasty Rise. Hook: China's last dynasty. 268 YEARS. Cover: Manchu rulers seized Beijing 1644. Expanded to largest Chinese empire ever. Kangxi and Qianlong emperors golden age. Population quadrupled under Qing rule. Collapsed 1912 ending imperial China. Tone: dramatic, fast-paced, documentary style. 9:16 vertical.",Manchu rulers seized Beijing 1644 | Expanded to largest Chinese empire ever | Kangxi and Qianlong emperors golden age | Population quadrupled under Qing rule | Collapsed 1912 ending imperial China,https://upload.wikimedia.org/wikipedia/commons/7/7e/Qing_Empire_circa_1820.png,#QingDynasty #ChineseHistory #Empire #HistoryTok,China's last emperors. 268 years. #QingDynasty #ChineseHistory #Empire #HistoryTok
134,Ivan the Terrible,First Tsar. Paranoid KILLER.,"Create a 30-second vertical history short about Ivan the Terrible. Hook: First Tsar. Paranoid KILLER. Cover: Ivan IV crowned first Tsar of Russia 1547. Created Oprichnina secret police terror. Killed his own son in rage. Expanded Russia eastward into Siberia. Nickname Terrible means formidable not evil. Tone: dramatic, fast-paced, documentary style. 9:16 vertical.",Ivan IV crowned first Tsar of Russia 1547 | Created Oprichnina secret police terror | Killed his own son in rage | Expanded Russia eastward into Siberia | Nickname Terrible means formidable not evil,https://upload.wikimedia.org/wikipedia/commons/e/e4/Ivan_IV_%28cropped%29.JPG,#IvanTheTerrible #Russia #Monarchy #HistoryTok,First tsar. Secret police. Son killer. #IvanTheTerrible #Russia #Monarchy #HistoryTok
135,Ottoman Siege of Vienna,Europe's gates held SHUT.,"Create a 30-second vertical history short about Ottoman Siege of Vienna. Hook: Europe's gates held SHUT. Cover: Ottomans besieged Vienna 1529 and 1683. 1683 siege broken by Polish King Jan Sobieski. Marked end of Ottoman expansion into Europe. Viennese coffee culture born from captured supplies. Turning point in Ottoman decline. Tone: dramatic, fast-paced, documentary style. 9:16 vertical.",Ottomans besieged Vienna 1529 and 1683 | 1683 siege broken by Polish King Jan Sobieski | Marked end of Ottoman expansion into Europe | Viennese coffee culture born from captured supplies | Turning point in Ottoman decline,https://upload.wikimedia.org/wikipedia/commons/4/4e/Battle_of_Vienna_1683.jpg,#SiegeOfVienna #Ottoman #Europe #HistoryTok,Twice they tried. Twice Europe held. #SiegeOfVienna #Ottoman #Europe #HistoryTok
136,Christopher Columbus,He didn't discover AMERICA.,"Create a 30-second vertical history short about Christopher Columbus. Hook: He didn't discover AMERICA. Cover: Sailed for Spain seeking Asia 1492. Reached Caribbean not India. Made four voyages to Americas. Opened era of European colonization. Legacy debated hero vs colonizer. Tone: dramatic, fast-paced, documentary style. 9:16 vertical.",Sailed for Spain seeking Asia 1492 | Reached Caribbean not India | Made four voyages to Americas | Opened era of European colonization | Legacy debated hero vs colonizer,https://upload.wikimedia.org/wikipedia/commons/6/6c/Christopher_Columbus.PNG,#Columbus #Exploration #1492 #HistoryTok,Wrong continent. Wrong century's hero. #Columbus #Exploration #1492 #HistoryTok
137,Ferdinand Magellan,First around the world. He DIED.,"Create a 30-second vertical history short about Ferdinand Magellan. Hook: First around the world. He DIED. Cover: Led first circumnavigation 1519-1522. Killed in Philippines April 1521. Only 18 of 270 crew completed voyage. Proved Earth was round and vast. Strait of Magellan named for him. Tone: dramatic, fast-paced, documentary style. 9:16 vertical.",Led first circumnavigation 1519-1522 | Killed in Philippines April 1521 | Only 18 of 270 crew completed voyage | Proved Earth was round and vast | Strait of Magellan named for him,https://upload.wikimedia.org/wikipedia/commons/3/3e/Ferdinand_Magellan.jpg,#Magellan #Exploration #Circumnavigation #HistoryTok,He proved the world was round. Didn't live to finish. #Magellan #Exploration #Circumnavigation #HistoryTok
138,Vasco da Gama,Sea route to INDIA.,"Create a 30-second vertical history short about Vasco da Gama. Hook: Sea route to INDIA. Cover: Portuguese explorer reached India 1498. Sailed around Africa's Cape of Good Hope. Opened lucrative spice trade for Portugal. Brutal treatment of Indian merchants. Changed global trade routes forever. Tone: dramatic, fast-paced, documentary style. 9:16 vertical.",Portuguese explorer reached India 1498 | Sailed around Africa's Cape of Good Hope | Opened lucrative spice trade for Portugal | Brutal treatment of Indian merchants | Changed global trade routes forever,https://upload.wikimedia.org/wikipedia/commons/3/3e/Vascodagama.jpg,#VascoDaGama #Exploration #Portugal #HistoryTok,He found India by sea. Empires followed. #VascoDaGama #Exploration #Portugal #HistoryTok
139,Captain James Cook,Mapped the Pacific. Killed in HAWAII.,"Create a 30-second vertical history short about Captain James Cook. Hook: Mapped the Pacific. Killed in HAWAII. Cover: Three voyages 1768-1779 mapped Pacific. Charted Australia New Zealand and Hawaii. Prevented scurvy with sauerkraut and malt. Killed by Hawaiians at Kealakekua Bay 1779. Opened Pacific to European exploration. Tone: dramatic, fast-paced, documentary style. 9:16 vertical.",Three voyages 1768-1779 mapped Pacific | Charted Australia New Zealand and Hawaii | Prevented scurvy with sauerkraut and malt | Killed by Hawaiians at Kealakekua Bay 1779 | Opened Pacific to European exploration,https://upload.wikimedia.org/wikipedia/commons/7/7a/Captainjamescookportrait.jpg,#CaptainCook #Exploration #Pacific #HistoryTok,He mapped an ocean. Died on a beach. #CaptainCook #Exploration #Pacific #HistoryTok
140,Shackleton's Endurance Expedition,Ship crushed. ALL survived.,"Create a 30-second vertical history short about Shackleton's Endurance Expedition. Hook: Ship crushed. ALL survived. Cover: Antarctic expedition 1914-1917. Ship Endurance crushed by ice and sank. Shackleton led epic open-boat rescue. All 28 men survived against impossible odds. Greatest survival story in exploration history. Tone: dramatic, fast-paced, documentary style. 9:16 vertical.",Antarctic expedition 1914-1917 | Ship Endurance crushed by ice and sank | Shackleton led epic open-boat rescue | All 28 men survived against impossible odds | Greatest survival story in exploration history,https://upload.wikimedia.org/wikipedia/commons/4/4e/Endurance_in_the_pack_ice.jpg,#Shackleton #Antarctica #Exploration #HistoryTok,Ship gone. Ice everywhere. All survived. #Shackleton #Antarctica #Exploration #HistoryTok
141,Race to the South Pole,One team won. One team DIED.,"Create a 30-second vertical history short about Race to the South Pole. Hook: One team won. One team DIED. Cover: Roald Amundsen reached pole December 14 1911. Robert Scott arrived 33 days later. Scott's entire party died returning. Amundsen used dogs Scott used ponies. Epic tale of preparation vs hubris. Tone: dramatic, fast-paced, documentary style. 9:16 vertical.",Roald Amundsen reached pole December 14 1911 | Robert Scott arrived 33 days later | Scott's entire party died returning | Amundsen used dogs Scott used ponies | Epic tale of preparation vs hubris,https://upload.wikimedia.org/wikipedia/commons/4/4e/Amundsen_at_the_South_Pole.jpg,#SouthPole #Exploration #Antarctica #HistoryTok,Preparation beat pride. Some paid with lives. #SouthPole #Exploration #Antarctica #HistoryTok
142,Roanoke Lost Colony,117 people. VANISHED.,"Create a 30-second vertical history short about Roanoke Lost Colony. Hook: 117 people. VANISHED. Cover: First English settlement in America 1585. Reestablished 1587 with 117 colonists. Governor John White returned 1590 found empty. Only clue carved CROATOAN on post. Greatest mystery in American colonial history. Tone: dramatic, fast-paced, documentary style. 9:16 vertical.",First English settlement in America 1585 | Reestablished 1587 with 117 colonists | Governor John White returned 1590 found empty | Only clue carved CROATOAN on post | Greatest mystery in American colonial history,https://upload.wikimedia.org/wikipedia/commons/4/4e/Roanoke_Colony_map.jpg,#Roanoke #ColonialAmerica #Mystery #HistoryTok,117 people. Gone. No explanation. #Roanoke #ColonialAmerica #Mystery #HistoryTok
143,Jamestown Settlement,Starving time. They ate EACH OTHER.,"Create a 30-second vertical history short about Jamestown Settlement. Hook: Starving time. They ate EACH OTHER. Cover: First permanent English colony 1607 Virginia. Starving Time winter 1609-1610 desperate cannibalism. John Smith and Pocahontas legend. Tobacco saved colony under John Rolfe. Foundation of United States origin story. Tone: dramatic, fast-paced, documentary style. 9:16 vertical.",First permanent English colony 1607 Virginia | Starving Time winter 1609-1610 desperate cannibalism | John Smith and Pocahontas legend | Tobacco saved colony under John Rolfe | Foundation of United States origin story,https://upload.wikimedia.org/wikipedia/commons/4/4e/Jamestown_Settlement.jpg,#Jamestown #ColonialAmerica #Virginia #HistoryTok,America started with starvation and survival. #Jamestown #ColonialAmerica #Virginia #HistoryTok
144,Plymouth Colony,102 settlers. Half DEAD first winter.,"Create a 30-second vertical history short about Plymouth Colony. Hook: 102 settlers. Half DEAD first winter. Cover: Mayflower landed Plymouth 1620. 102 passengers half died first winter. Wampanoag helped with first Thanksgiving. Mayflower Compact early self-governance. Pilgrims fled religious persecution in England. Tone: dramatic, fast-paced, documentary style. 9:16 vertical.",Mayflower landed Plymouth 1620 | 102 passengers half died first winter | Wampanoag helped with first Thanksgiving | Mayflower Compact early self-governance | Pilgrims fled religious persecution in England,https://upload.wikimedia.org/wikipedia/commons/0/0c/Mayflower_in_Plymouth_Harbor%2C_by_William_Halsall.jpg,#Plymouth #Thanksgiving #ColonialAmerica #HistoryTok,Half died. They still stayed. #Plymouth #Thanksgiving #ColonialAmerica #HistoryTok
145,Treaty of Tordesillas,Pope divided the WORLD.,"Create a 30-second vertical history short about Treaty of Tordesillas. Hook: Pope divided the WORLD. Cover: Signed 1494 between Spain and Portugal. Pope Alexander VI drew line splitting New World. Spain got most of Americas Portugal got Brazil. European powers carved globe without asking natives. Template for colonial division of Earth. Tone: dramatic, fast-paced, documentary style. 9:16 vertical.",Signed 1494 between Spain and Portugal | Pope Alexander VI drew line splitting New World | Spain got most of Americas Portugal got Brazil | European powers carved globe without asking natives | Template for colonial division of Earth,https://upload.wikimedia.org/wikipedia/commons/9/9a/Treaty_of_Tordesillas.jpg,#Tordesillas #Colonialism #Exploration #HistoryTok,The Pope split the planet in two. #Tordesillas #Colonialism #Exploration #HistoryTok
146,Dutch East India Company,First trillion-dollar COMPANY.,"Create a 30-second vertical history short about Dutch East India Company. Hook: First trillion-dollar COMPANY. Cover: Founded 1602 traded spices across Asia. First company to issue stock to public. Had its own army and minted coins. Controlled Indonesia for centuries. Model for modern multinational corporations. Tone: dramatic, fast-paced, documentary style. 9:16 vertical.",Founded 1602 traded spices across Asia | First company to issue stock to public | Had its own army and minted coins | Controlled Indonesia for centuries | Model for modern multinational corporations,https://upload.wikimedia.org/wikipedia/commons/8/8a/VOC.svg,#VOC #TradeHistory #Colonialism #HistoryTok,A company with an army. First of its kind. #VOC #TradeHistory #Colonialism #HistoryTok
147,British East India Company,A company that RULED India.,"Create a 30-second vertical history short about British East India Company. Hook: A company that RULED India. Cover: Founded 1600 controlled Indian subcontinent. Private army larger than Britain's. Opium trade with China caused wars. Sepoy Mutiny 1857 ended company rule. Crown took direct control after rebellion. Tone: dramatic, fast-paced, documentary style. 9:16 vertical.",Founded 1600 controlled Indian subcontinent | Private army larger than Britain's | Opium trade with China caused wars | Sepoy Mutiny 1857 ended company rule | Crown took direct control after rebellion,https://upload.wikimedia.org/wikipedia/commons/4/4e/East_India_House.jpg,#EastIndiaCompany #BritishEmpire #India #HistoryTok,A corporation ruled a subcontinent. #EastIndiaCompany #BritishEmpire #India #HistoryTok
148,Panama Canal,"51 miles. 25,000 DEAD.","Create a 30-second vertical history short about Panama Canal. Hook: 51 miles. 25,000 DEAD. Cover: Connected Atlantic and Pacific opened 1914. French attempt failed losing 22,000 workers. US completed after supporting Panama independence. Reduced NYC to San Francisco trip by 8,000 miles. One of greatest engineering feats ever. Tone: dramatic, fast-paced, documentary style. 9:16 vertical.","Connected Atlantic and Pacific opened 1914 | French attempt failed losing 22,000 workers | US completed after supporting Panama independence | Reduced NYC to San Francisco trip by 8,000 miles | One of greatest engineering feats ever",https://upload.wikimedia.org/wikipedia/commons/9/9a/Panama_Canal_Gatun_Locks.jpg,#PanamaCanal #Engineering #LatinAmerica #HistoryTok,51 miles changed global shipping forever. #PanamaCanal #Engineering #LatinAmerica #HistoryTok
149,Suez Canal,120 miles. Britain RULED trade.,"Create a 30-second vertical history short about Suez Canal. Hook: 120 miles. Britain RULED trade. Cover: Opened 1869 connecting Mediterranean to Red Sea. Built by Ferdinand de Lesseps and Egyptian labor. Britain bought controlling share 1875. Nationalized by Nasser 1956 sparking crisis. Still vital chokepoint for world trade. Tone: dramatic, fast-paced, documentary style. 9:16 vertical.",Opened 1869 connecting Mediterranean to Red Sea | Built by Ferdinand de Lesseps and Egyptian labor | Britain bought controlling share 1875 | Nationalized by Nasser 1956 sparking crisis | Still vital chokepoint for world trade,https://upload.wikimedia.org/wikipedia/commons/9/9a/Suez_Canal%2C_Egypt.jpg,#SuezCanal #Egypt #TradeHistory #HistoryTok,120 miles. Empires fought over it. #SuezCanal #Egypt #TradeHistory #HistoryTok
150,Mansa Musa's Pilgrimage,Richest man EVER. Crashed gold.,"Create a 30-second vertical history short about Mansa Musa's Pilgrimage. Hook: Richest man EVER. Crashed gold. Cover: Emperor of Mali made hajj to Mecca 1324. Caravan of 60,000 people and 100 camels. Gave away so much gold he crashed Cairo's economy. Estimated net worth $400 billion in today's money. Put Mali and Timbuktu on world maps. Tone: dramatic, fast-paced, documentary style. 9:16 vertical.","Emperor of Mali made hajj to Mecca 1324 | Caravan of 60,000 people and 100 camels | Gave away so much gold he crashed Cairo's economy | Estimated net worth $400 billion in today's money | Put Mali and Timbuktu on world maps",https://upload.wikimedia.org/wikipedia/commons/4/4e/Mansa_Musa.jpg,#MansaMusa #AfricanHistory #Mali #HistoryTok,So rich he broke an economy by being generous. #MansaMusa #AfricanHistory #Mali #HistoryTok
151,Kingdom of Benin,Masterpieces. STOLEN.,"Create a 30-second vertical history short about Kingdom of Benin. Hook: Masterpieces. STOLEN. Cover: Powerful West African kingdom 1180-1897. Benin Bronzes finest African art ever made. British punitive expedition looted palace 1897. Bronzes scattered in museums worldwide. Nigeria demands restitution today. Tone: dramatic, fast-paced, documentary style. 9:16 vertical.",Powerful West African kingdom 1180-1897 | Benin Bronzes finest African art ever made | British punitive expedition looted palace 1897 | Bronzes scattered in museums worldwide | Nigeria demands restitution today,https://upload.wikimedia.org/wikipedia/commons/4/4e/Benin_Bronze_Head.jpg,#Benin #AfricanHistory #ArtHistory #HistoryTok,Masterpieces stolen. Still not returned. #Benin #AfricanHistory #ArtHistory #HistoryTok
152,Atlantic Slave Trade,12 million people. CHAINS.,"Create a 30-second vertical history short about Atlantic Slave Trade. Hook: 12 million people. CHAINS. Cover: Traded 12-12.5 million Africans 1500s-1800s. Triangular trade Europe Africa Americas. Middle Passage killed 15 percent en route. Built wealth of Americas and Europe. Abolished in stages through 1800s. Tone: dramatic, fast-paced, documentary style. 9:16 vertical.",Traded 12-12.5 million Africans 1500s-1800s | Triangular trade Europe Africa Americas | Middle Passage killed 15 percent en route | Built wealth of Americas and Europe | Abolished in stages through 1800s,https://upload.wikimedia.org/wikipedia/commons/4/4e/Slaveshipplan.jpg,#SlaveTrade #BlackHistory #Colonialism #HistoryMatters,12 million stolen. Generations of trauma. #SlaveTrade #BlackHistory #Colonialism #HistoryMatters
153,Polynesian Wayfinding,No compass. They found HAWAII.,"Create a 30-second vertical history short about Polynesian Wayfinding. Hook: No compass. They found HAWAII. Cover: Navigated Pacific using stars waves and birds. Settled islands from Hawaii to New Zealand. Double-hulled voyaging canoes crossed thousands of miles. Oral star maps passed through generations. Greatest navigation achievement in history. Tone: dramatic, fast-paced, documentary style. 9:16 vertical.",Navigated Pacific using stars waves and birds | Settled islands from Hawaii to New Zealand | Double-hulled voyaging canoes crossed thousands of miles | Oral star maps passed through generations | Greatest navigation achievement in history,https://upload.wikimedia.org/wikipedia/commons/4/4e/Hokulea.jpg,#Polynesia #Exploration #Navigation #HistoryTok,No GPS. No maps. They found islands. #Polynesia #Exploration #Navigation #HistoryTok
154,Scramble for Africa,Europe carved a continent in BERLIN.,"Create a 30-second vertical history short about Scramble for Africa. Hook: Europe carved a continent in BERLIN. Cover: Berlin Conference 1884-1885 divided Africa. 14 European powers drew borders with no Africans present. Colonial borders still cause conflict today. Resources extracted wealth sent to Europe. Independence movements took decades. Tone: dramatic, fast-paced, documentary style. 9:16 vertical.",Berlin Conference 1884-1885 divided Africa | 14 European powers drew borders with no Africans present | Colonial borders still cause conflict today | Resources extracted wealth sent to Europe | Independence movements took decades,https://upload.wikimedia.org/wikipedia/commons/4/4e/Africa_map_1914.svg,#ScrambleForAfrica #Colonialism #AfricanHistory #HistoryTok,They divided a continent over dinner. #ScrambleForAfrica #Colonialism #AfricanHistory #HistoryTok
155,Berlin Conference 1884,A dinner party. A continent SPLIT.,"Create a 30-second vertical history short about Berlin Conference 1884. Hook: A dinner party. A continent SPLIT. Cover: Otto von Bismarck hosted European powers. Rules for claiming African territory established. Congo given to King Leopold II personally. Artificial borders ignored ethnic groups. Legacy of conflict lasts to this day. Tone: dramatic, fast-paced, documentary style. 9:16 vertical.",Otto von Bismarck hosted European powers | Rules for claiming African territory established | Congo given to King Leopold II personally | Artificial borders ignored ethnic groups | Legacy of conflict lasts to this day,https://upload.wikimedia.org/wikipedia/commons/4/4e/Berlin_conference.jpg,#BerlinConference #Colonialism #Africa #HistoryTok,Europe split Africa like a cake. #BerlinConference #Colonialism #Africa #HistoryTok
156,Stanley Meets Livingstone,"Dr. Livingstone, I PRESUME?","Create a 30-second vertical history short about Stanley Meets Livingstone. Hook: Dr. Livingstone, I PRESUME? Cover: Henry Morton Stanley found David Livingstone 1871. Livingstone searching for Nile source in Africa. Famous greeting possibly fabricated for drama. Opened Central Africa to European exploration. Symbol of Victorian era African adventure. Tone: dramatic, fast-paced, documentary style. 9:16 vertical.",Henry Morton Stanley found David Livingstone 1871 | Livingstone searching for Nile source in Africa | Famous greeting possibly fabricated for drama | Opened Central Africa to European exploration | Symbol of Victorian era African adventure,https://upload.wikimedia.org/wikipedia/commons/4/4e/Stanley_and_Livingstone.jpg,#Livingstone #Exploration #Africa #HistoryTok,Four words. An entire era captured. #Livingstone #Exploration #Africa #HistoryTok
157,Manhattan Purchase,$24 in beads. Worst deal EVER?,"Create a 30-second vertical history short about Manhattan Purchase. Hook: $24 in beads. Worst deal EVER? Cover: Dutch bought Manhattan from Lenape 1626. Worth roughly $24 in trade goods. Land now worth trillions of dollars. Lenape didn't conceptually sell land same way. Foundation myth of New York City. Tone: dramatic, fast-paced, documentary style. 9:16 vertical.",Dutch bought Manhattan from Lenape 1626 | Worth roughly $24 in trade goods | Land now worth trillions of dollars | Lenape didn't conceptually sell land same way | Foundation myth of New York City,https://upload.wikimedia.org/wikipedia/commons/4/4e/Peter_Minuit_purchases_Manhattan.jpg,#Manhattan #ColonialAmerica #NewYork #HistoryTok,$24 for an island. Or so the story goes. #Manhattan #ColonialAmerica #NewYork #HistoryTok
158,Louisiana Purchase,One deal. DOUBLED America.,"Create a 30-second vertical history short about Louisiana Purchase. Hook: One deal. DOUBLED America. Cover: US bought Louisiana from France 1803. 828,000 square miles for $15 million. Napoleon needed cash for European wars. Doubled size of United States overnight. Opened westward expansion. Tone: dramatic, fast-paced, documentary style. 9:16 vertical.","US bought Louisiana from France 1803 | 828,000 square miles for $15 million | Napoleon needed cash for European wars | Doubled size of United States overnight | Opened westward expansion",https://upload.wikimedia.org/wikipedia/commons/4/4e/Louisiana_Purchase.png,#LouisianaPurchase #AmericanHistory #Jefferson #HistoryTok,One signature. America doubled. #LouisianaPurchase #AmericanHistory #Jefferson #HistoryTok
159,Alaska Purchase,Seward's Folly. Then GOLD.,"Create a 30-second vertical history short about Alaska Purchase. Hook: Seward's Folly. Then GOLD. Cover: US bought Alaska from Russia 1867 for $7.2 million. Mocked as Seward's Icebox and folly. Klondike Gold Rush proved value. Oil discovered later made it even more valuable. Best real estate deal in history. Tone: dramatic, fast-paced, documentary style. 9:16 vertical.",US bought Alaska from Russia 1867 for $7.2 million | Mocked as Seward's Icebox and folly | Klondike Gold Rush proved value | Oil discovered later made it even more valuable | Best real estate deal in history,https://upload.wikimedia.org/wikipedia/commons/4/4e/Alaska_Purchase_map.jpg,#Alaska #AmericanHistory #Russia #HistoryTok,They called it folly. Then they found gold. #Alaska #AmericanHistory #Russia #HistoryTok
160,Age of Antarctic Exploration,The coldest race on EARTH.,"Create a 30-second vertical history short about Age of Antarctic Exploration. Hook: The coldest race on EARTH. Cover: Heroic Age 1895-1922 of polar exploration. Amundsen Scott and Shackleton legendary rivals. Extreme cold killed many explorers. Science and glory drove dangerous missions. Last unexplored continent on Earth. Tone: dramatic, fast-paced, documentary style. 9:16 vertical.",Heroic Age 1895-1922 of polar exploration | Amundsen Scott and Shackleton legendary rivals | Extreme cold killed many explorers | Science and glory drove dangerous missions | Last unexplored continent on Earth,https://upload.wikimedia.org/wikipedia/commons/4/4e/Antarctica_6400px_from_Blue_Marble.jpg,#Antarctica #Exploration #PolarHistory #HistoryTok,The last place on Earth to kill you slowly. #Antarctica #Exploration #PolarHistory #HistoryTok
161,Korean War,Forgotten war. 3 million DEAD.,"Create a 30-second vertical history short about Korean War. Hook: Forgotten war. 3 million DEAD. Cover: North invaded South June 25 1950. US-led UN forces pushed north then China intervened. Stalemate armistice signed July 1953. Never officially ended no peace treaty. Korea still divided at 38th parallel. Tone: dramatic, fast-paced, documentary style. 9:16 vertical.",North invaded South June 25 1950 | US-led UN forces pushed north then China intervened | Stalemate armistice signed July 1953 | Never officially ended no peace treaty | Korea still divided at 38th parallel,https://upload.wikimedia.org/wikipedia/commons/4/4e/Korean_War_collage.jpg,#KoreanWar #ColdWar #MilitaryHistory #HistoryTok,Never ended. Still divided. 3 million dead. #KoreanWar #ColdWar #MilitaryHistory #HistoryTok
162,Vietnam War,First war on TV. America DIVIDED.,"Create a 30-second vertical history short about Vietnam War. Hook: First war on TV. America DIVIDED. Cover: US involvement 1955-1975 escalated under Johnson. First televised war brought horror home nightly. Tet Offensive 1968 shattered public confidence. 58,000 Americans and 2 million Vietnamese died. Saigon fell April 30 1975. Tone: dramatic, fast-paced, documentary style. 9:16 vertical.","US involvement 1955-1975 escalated under Johnson | First televised war brought horror home nightly | Tet Offensive 1968 shattered public confidence | 58,000 Americans and 2 million Vietnamese died | Saigon fell April 30 1975",https://upload.wikimedia.org/wikipedia/commons/4/4e/Vietnam_War_Collage.jpg,#VietnamWar #ColdWar #MilitaryHistory #HistoryTok,America watched its war on TV. And turned against it. #VietnamWar #ColdWar #MilitaryHistory #HistoryTok
163,Gulf War 1991,100 hours. Desert STORM.,"Create a 30-second vertical history short about Gulf War 1991. Hook: 100 hours. Desert STORM. Cover: Iraq invaded Kuwait August 1990. Coalition of 35 nations led by US. Operation Desert Storm January-February 1991. Ground war lasted only 100 hours. Introduced precision-guided weapons to world. Tone: dramatic, fast-paced, documentary style. 9:16 vertical.",Iraq invaded Kuwait August 1990 | Coalition of 35 nations led by US | Operation Desert Storm January-February 1991 | Ground war lasted only 100 hours | Introduced precision-guided weapons to world,https://upload.wikimedia.org/wikipedia/commons/4/4e/Desert_Storm.jpg,#GulfWar #Iraq #MilitaryHistory #HistoryTok,100 hours. A new kind of war. #GulfWar #Iraq #MilitaryHistory #HistoryTok
164,Iraq War 2003,WMDs. NEVER found.,"Create a 30-second vertical history short about Iraq War 2003. Hook: WMDs. NEVER found. Cover: US-led invasion March 2003 toppled Saddam Hussein. Justified by alleged weapons of mass destruction. No WMDs ever found. Insurgency and sectarian violence followed. Last US troops left 2011. Tone: dramatic, fast-paced, documentary style. 9:16 vertical.",US-led invasion March 2003 toppled Saddam Hussein | Justified by alleged weapons of mass destruction | No WMDs ever found | Insurgency and sectarian violence followed | Last US troops left 2011,https://upload.wikimedia.org/wikipedia/commons/4/4e/Iraq_War_U.S._Soldiers.jpg,#IraqWar #MiddleEast #MilitaryHistory #HistoryTok,They said WMDs. They found none. #IraqWar #MiddleEast #MilitaryHistory #HistoryTok
165,War in Afghanistan,Longest war in US history.,"Create a 30-second vertical history short about War in Afghanistan. Hook: Longest war in US history. Cover: US invaded October 2001 after 9/11. Toppled Taliban harboring al-Qaeda. Longest war in American history 20 years. Taliban regained power August 2021. Cost trillions and thousands of lives. Tone: dramatic, fast-paced, documentary style. 9:16 vertical.",US invaded October 2001 after 9/11 | Toppled Taliban harboring al-Qaeda | Longest war in American history 20 years | Taliban regained power August 2021 | Cost trillions and thousands of lives,https://upload.wikimedia.org/wikipedia/commons/4/4e/Afghanistan_war_collage.jpg,#Afghanistan #WarOnTerror #MilitaryHistory #HistoryTok,20 years. Trillions. Taliban won anyway. #Afghanistan #WarOnTerror #MilitaryHistory #HistoryTok
166,Falklands War,"Britain sailed 8,000 miles to FIGHT.","Create a 30-second vertical history short about Falklands War. Hook: Britain sailed 8,000 miles to FIGHT. Cover: Argentina invaded Falkland Islands April 1982. Britain sent task force 8,000 miles south. War lasted 74 days 900 died. Britain recaptured islands. Margaret Thatcher's popularity soared. Tone: dramatic, fast-paced, documentary style. 9:16 vertical.","Argentina invaded Falkland Islands April 1982 | Britain sent task force 8,000 miles south | War lasted 74 days 900 died | Britain recaptured islands | Margaret Thatcher's popularity soared",https://upload.wikimedia.org/wikipedia/commons/4/4e/HMS_Antelope_sinking.jpg,#FalklandsWar #Britain #MilitaryHistory #HistoryTok,"8,000 miles for a rocky island. #FalklandsWar #Britain #MilitaryHistory #HistoryTok"
167,Six-Day War,6 days. Middle East REWRITTEN.,"Create a 30-second vertical history short about Six-Day War. Hook: 6 days. Middle East REWRITTEN. Cover: Israel vs Egypt Syria Jordan June 1967. Israel destroyed Arab air forces on ground. Captured West Bank Gaza Sinai and Golan. Redrew Middle East borders in six days. Consequences still shape region today. Tone: dramatic, fast-paced, documentary style. 9:16 vertical.",Israel vs Egypt Syria Jordan June 1967 | Israel destroyed Arab air forces on ground | Captured West Bank Gaza Sinai and Golan | Redrew Middle East borders in six days | Consequences still shape region today,https://upload.wikimedia.org/wikipedia/commons/4/4e/Six_Day_War_Territories.svg,#SixDayWar #MiddleEast #Israel #HistoryTok,Six days. Borders changed forever. #SixDayWar #MiddleEast #Israel #HistoryTok
168,Yom Kippur War,Israel nearly LOST.,"Create a 30-second vertical history short about Yom Kippur War. Hook: Israel nearly LOST. Cover: Egypt and Syria attacked October 6 1973. Surprise attack on holiest Jewish day. Israel pushed back with US resupply. Led to Camp David Accords peace. Oil embargo hit global economy. Tone: dramatic, fast-paced, documentary style. 9:16 vertical.",Egypt and Syria attacked October 6 1973 | Surprise attack on holiest Jewish day | Israel pushed back with US resupply | Led to Camp David Accords peace | Oil embargo hit global economy,https://upload.wikimedia.org/wikipedia/commons/4/4e/Yom_Kippur_War_map.svg,#YomKippurWar #MiddleEast #MilitaryHistory #HistoryTok,They attacked on the holiest day. Almost worked. #YomKippurWar #MiddleEast #MilitaryHistory #HistoryTok
169,Iran-Iraq War,8 years. 1 million DEAD.,"Create a 30-second vertical history short about Iran-Iraq War. Hook: 8 years. 1 million DEAD. Cover: Fought 1980-1988 longest conventional war of 20th century. Saddam Hussein invaded Iran after revolution. Trench warfare and chemical weapons used. Estimated 1 million total deaths. Ended in stalemate both sides exhausted. Tone: dramatic, fast-paced, documentary style. 9:16 vertical.",Fought 1980-1988 longest conventional war of 20th century | Saddam Hussein invaded Iran after revolution | Trench warfare and chemical weapons used | Estimated 1 million total deaths | Ended in stalemate both sides exhausted,https://upload.wikimedia.org/wikipedia/commons/4/4e/Iran-Iraq_War_map.jpg,#IranIraqWar #MiddleEast #MilitaryHistory #HistoryTok,8 years. 1 million dead. Nobody won. #IranIraqWar #MiddleEast #MilitaryHistory #HistoryTok
170,Spanish Civil War,Picasso painted the HORROR.,"Create a 30-second vertical history short about Spanish Civil War. Hook: Picasso painted the HORROR. Cover: Republicans vs Nationalists 1936-1939. Franco's fascists backed by Hitler and Mussolini. Guernica bombing inspired Picasso's masterpiece. International brigades volunteers fought fascism. Franco ruled Spain until 1975. Tone: dramatic, fast-paced, documentary style. 9:16 vertical.",Republicans vs Nationalists 1936-1939 | Franco's fascists backed by Hitler and Mussolini | Guernica bombing inspired Picasso's masterpiece | International brigades volunteers fought fascism | Franco ruled Spain until 1975,https://upload.wikimedia.org/wikipedia/commons/4/4e/Guernica.jpg,#SpanishCivilWar #Picasso #Fascism #HistoryTok,Picasso painted the bombing. History never forgot. #SpanishCivilWar #Picasso #Fascism #HistoryTok
171,Crimean War,Florence Nightingale. Modern NURSING.,"Create a 30-second vertical history short about Crimean War. Hook: Florence Nightingale. Modern NURSING. Cover: Britain France vs Russia 1853-1856. Charge of Light Brigade disaster. Florence Nightingale revolutionized nursing. First war photographed by Roger Fenton. Russia weakened Ottoman Empire preserved. Tone: dramatic, fast-paced, documentary style. 9:16 vertical.",Britain France vs Russia 1853-1856 | Charge of Light Brigade disaster | Florence Nightingale revolutionized nursing | First war photographed by Roger Fenton | Russia weakened Ottoman Empire preserved,https://upload.wikimedia.org/wikipedia/commons/4/4e/Florence_Nightingale_%28H_Hering_NPG%29.jpg,#CrimeanWar #Nursing #MilitaryHistory #HistoryTok,She turned nursing into a profession. #CrimeanWar #Nursing #MilitaryHistory #HistoryTok
172,Boer War,Concentration camps. First use.,"Create a 30-second vertical history short about Boer War. Hook: Concentration camps. First use. Cover: British vs Boer settlers 1899-1902 South Africa. Guerrilla war led to scorched earth policy. British created concentration camps for civilians. 28,000 Boer women and children died in camps. Foreshadowed horrors of 20th century. Tone: dramatic, fast-paced, documentary style. 9:16 vertical.","British vs Boer settlers 1899-1902 South Africa | Guerrilla war led to scorched earth policy | British created concentration camps for civilians | 28,000 Boer women and children died in camps | Foreshadowed horrors of 20th century",https://upload.wikimedia.org/wikipedia/commons/4/4e/Boer_War_collage.jpg,#BoerWar #SouthAfrica #BritishEmpire #HistoryTok,The first concentration camps. Britain built them. #BoerWar #SouthAfrica #BritishEmpire #HistoryTok
173,Opium Wars,Britain fought for DRUGS.,"Create a 30-second vertical history short about Opium Wars. Hook: Britain fought for DRUGS. Cover: China tried banning opium trade 1839. Britain went to war to protect drug profits. Two Opium Wars 1839-1842 and 1856-1860. Hong Kong ceded to Britain. Humiliated China opened ports to foreign trade. Tone: dramatic, fast-paced, documentary style. 9:16 vertical.",China tried banning opium trade 1839 | Britain went to war to protect drug profits | Two Opium Wars 1839-1842 and 1856-1860 | Hong Kong ceded to Britain | Humiliated China opened ports to foreign trade,https://upload.wikimedia.org/wikipedia/commons/4/4e/Opium_Wars_map.jpg,#OpiumWars #China #BritishEmpire #HistoryTok,Britain went to war for drug money. #OpiumWars #China #BritishEmpire #HistoryTok
174,Boxer Rebellion,China vs the WORLD.,"Create a 30-second vertical history short about Boxer Rebellion. Hook: China vs the WORLD. Cover: Anti-foreign uprising 1899-1901 in China. Boxers attacked missionaries and Chinese Christians. Eight-nation alliance including US sent troops. Peking Legation Quarter besieged 55 days. China forced to pay massive indemnity. Tone: dramatic, fast-paced, documentary style. 9:16 vertical.",Anti-foreign uprising 1899-1901 in China | Boxers attacked missionaries and Chinese Christians | Eight-nation alliance including US sent troops | Peking Legation Quarter besieged 55 days | China forced to pay massive indemnity,https://upload.wikimedia.org/wikipedia/commons/4/4e/Boxer_Rebellion.jpg,#BoxerRebellion #China #Colonialism #HistoryTok,China fought the world. And lost. #BoxerRebellion #China #Colonialism #HistoryTok
175,Russo-Japanese War,Japan beat a EUROPEAN power.,"Create a 30-second vertical history short about Russo-Japanese War. Hook: Japan beat a EUROPEAN power. Cover: Fought 1904-1905 over Korea and Manchuria. Japan destroyed Russian fleet at Tsushima. First Asian victory over European power. Led to 1905 Russian Revolution. Showed Japan as rising world power. Tone: dramatic, fast-paced, documentary style. 9:16 vertical.",Fought 1904-1905 over Korea and Manchuria | Japan destroyed Russian fleet at Tsushima | First Asian victory over European power | Led to 1905 Russian Revolution | Showed Japan as rising world power,https://upload.wikimedia.org/wikipedia/commons/4/4e/Battle_of_Tsushima.jpg,#RussoJapaneseWar #Japan #MilitaryHistory #HistoryTok,Asia beat Europe. The world noticed. #RussoJapaneseWar #Japan #MilitaryHistory #HistoryTok
176,Franco-Prussian War,France lost. Germany BORN.,"Create a 30-second vertical history short about Franco-Prussian War. Hook: France lost. Germany BORN. Cover: Prussia defeated France 1870-1871. Napoleon III captured at Sedan. Paris Commune uprising followed. German Empire proclaimed at Versailles 1871. Alsace-Lorraine lost planted seeds of WWI. Tone: dramatic, fast-paced, documentary style. 9:16 vertical.",Prussia defeated France 1870-1871 | Napoleon III captured at Sedan | Paris Commune uprising followed | German Empire proclaimed at Versailles 1871 | Alsace-Lorraine lost planted seeds of WWI,https://upload.wikimedia.org/wikipedia/commons/4/4e/Franco-Prussian_War.jpg,#FrancoPrussianWar #Germany #MilitaryHistory #HistoryTok,One war. Germany born. WWI seeded. #FrancoPrussianWar #Germany #MilitaryHistory #HistoryTok
177,War of 1812,White House BURNED.,"Create a 30-second vertical history short about War of 1812. Hook: White House BURNED. Cover: US vs Britain 1812-1815 over trade and impressment. British burned White House August 1814. Battle of New Orleans fought after peace signed. Star-Spangled Banner written during bombardment. Neither side gained much territory. Tone: dramatic, fast-paced, documentary style. 9:16 vertical.",US vs Britain 1812-1815 over trade and impressment | British burned White House August 1814 | Battle of New Orleans fought after peace signed | Star-Spangled Banner written during bombardment | Neither side gained much territory,https://upload.wikimedia.org/wikipedia/commons/4/4e/Burning_of_Washington.jpg,#WarOf1812 #AmericanHistory #BritishHistory #HistoryTok,They burned the White House. America survived. #WarOf1812 #AmericanHistory #BritishHistory #HistoryTok
178,Mexican-American War,Half of Mexico. GONE.,"Create a 30-second vertical history short about Mexican-American War. Hook: Half of Mexico. GONE. Cover: Fought 1846-1848 over Texas annexation. US forces captured Mexico City. Treaty of Guadalupe Hidalgo 1848. US gained California and Southwest. Mexico lost half its territory. Tone: dramatic, fast-paced, documentary style. 9:16 vertical.",Fought 1846-1848 over Texas annexation | US forces captured Mexico City | Treaty of Guadalupe Hidalgo 1848 | US gained California and Southwest | Mexico lost half its territory,https://upload.wikimedia.org/wikipedia/commons/4/4e/Mexican-American_War_map.jpg,#MexicanAmericanWar #AmericanHistory #Mexico #HistoryTok,One war. Half a country gone. #MexicanAmericanWar #AmericanHistory #Mexico #HistoryTok
179,Punic Wars,Hannibal. Scipio. Rome TRIUMPHS.,"Create a 30-second vertical history short about Punic Wars. Hook: Hannibal. Scipio. Rome TRIUMPHS. Cover: Three wars Rome vs Carthage 264-146 BCE. Hannibal invaded Italy with elephants. Scipio Africanus defeated Hannibal at Zama. Carthage destroyed utterly after Third Punic War. Rome became Mediterranean superpower. Tone: dramatic, fast-paced, documentary style. 9:16 vertical.",Three wars Rome vs Carthage 264-146 BCE | Hannibal invaded Italy with elephants | Scipio Africanus defeated Hannibal at Zama | Carthage destroyed utterly after Third Punic War | Rome became Mediterranean superpower,https://upload.wikimedia.org/wikipedia/commons/4/4e/Punic_Wars_map.jpg,#PunicWars #AncientRome #Hannibal #HistoryTok,Three wars. One civilization erased. #PunicWars #AncientRome #Hannibal #HistoryTok
180,Battle of Stalingrad,Deadliest battle EVER.,"Create a 30-second vertical history short about Battle of Stalingrad. Hook: Deadliest battle EVER. Cover: Fought August 1942-February 1943. Turning point of Eastern Front WWII. Estimated 2 million total casualties. German 6th Army surrounded and destroyed. Marked beginning of end for Nazi Germany. Tone: dramatic, fast-paced, documentary style. 9:16 vertical.",Fought August 1942-February 1943 | Turning point of Eastern Front WWII | Estimated 2 million total casualties | German 6th Army surrounded and destroyed | Marked beginning of end for Nazi Germany,https://upload.wikimedia.org/wikipedia/commons/4/4e/Battle_of_Stalingrad.jpg,#Stalingrad #WW2 #EasternFront #HistoryTok,2 million casualties. One city. Hell on Earth. #Stalingrad #WW2 #EasternFront #HistoryTok
181,Battle of Midway,4 carriers. 5 MINUTES.,"Create a 30-second vertical history short about Battle of Midway. Hook: 4 carriers. 5 MINUTES. Cover: June 4-7 1942 Pacific naval battle. US codebreakers knew Japanese plans. Sank four Japanese carriers in minutes. Turning point of Pacific War. Never recovered Japanese naval dominance. Tone: dramatic, fast-paced, documentary style. 9:16 vertical.",June 4-7 1942 Pacific naval battle | US codebreakers knew Japanese plans | Sank four Japanese carriers in minutes | Turning point of Pacific War | Never recovered Japanese naval dominance,https://upload.wikimedia.org/wikipedia/commons/4/4e/Battle_of_Midway.jpg,#Midway #WW2 #NavalHistory #HistoryTok,Five minutes. Four carriers. War changed. #Midway #WW2 #NavalHistory #HistoryTok
182,Battle of the Bulge,Hitler's last gamble. FAILED.,"Create a 30-second vertical history short about Battle of the Bulge. Hook: Hitler's last gamble. FAILED. Cover: German counteroffensive December 1944 Ardennes. Caught Allies by surprise in harsh winter. Siege of Bastogne became legend. Allies recovered and pushed into Germany. Last major German offensive of WWII. Tone: dramatic, fast-paced, documentary style. 9:16 vertical.",German counteroffensive December 1944 Ardennes | Caught Allies by surprise in harsh winter | Siege of Bastogne became legend | Allies recovered and pushed into Germany | Last major German offensive of WWII,https://upload.wikimedia.org/wikipedia/commons/4/4e/Battle_of_the_Bulge.jpg,#BattleOfTheBulge #WW2 #MilitaryHistory #HistoryTok,Hitler's last throw of the dice. Failed. #BattleOfTheBulge #WW2 #MilitaryHistory #HistoryTok
183,Atomic Bombing of Hiroshima,"One bomb. 80,000 INSTANT deaths.","Create a 30-second vertical history short about Atomic Bombing of Hiroshima. Hook: One bomb. 80,000 INSTANT deaths. Cover: Enola Gay dropped Little Boy August 6 1945. Estimated 80,000 killed instantly. Tens of thousands died from radiation later. First use of nuclear weapon in war. Japan surrendered six days later. Tone: dramatic, fast-paced, documentary style. 9:16 vertical.","Enola Gay dropped Little Boy August 6 1945 | Estimated 80,000 killed instantly | Tens of thousands died from radiation later | First use of nuclear weapon in war | Japan surrendered six days later",https://upload.wikimedia.org/wikipedia/commons/4/4e/Hiroshima_aftermath.jpg,#Hiroshima #WW2 #NuclearHistory #HistoryTok,One bomb. A city gone. World changed. #Hiroshima #WW2 #NuclearHistory #HistoryTok
184,Attack on Pearl Harbor,Day of infamy. America ENTERS.,"Create a 30-second vertical history short about Attack on Pearl Harbor. Hook: Day of infamy. America ENTERS. Cover: Japanese surprise attack December 7 1941. 2,403 Americans killed. Eight battleships damaged or sunk. FDR declared war next day. Awakened sleeping giant of US industry. Tone: dramatic, fast-paced, documentary style. 9:16 vertical.","Japanese surprise attack December 7 1941 | 2,403 Americans killed | Eight battleships damaged or sunk | FDR declared war next day | Awakened sleeping giant of US industry",https://upload.wikimedia.org/wikipedia/commons/4/4e/USS_Arizona_Pearl_Harbor.jpg,#PearlHarbor #WW2 #AmericanHistory #HistoryTok,One morning. America at war. #PearlHarbor #WW2 #AmericanHistory #HistoryTok
185,The Blitz,57 nights. City DIDN'T break.,"Create a 30-second vertical history short about The Blitz. Hook: 57 nights. City DIDN'T break. Cover: German bombing of London September 1940-May 1941. 57 consecutive nights of bombing. 40,000 civilians killed. Londoners sheltered in Underground stations. Churchill's spirit kept Britain fighting. Tone: dramatic, fast-paced, documentary style. 9:16 vertical.","German bombing of London September 1940-May 1941 | 57 consecutive nights of bombing | 40,000 civilians killed | Londoners sheltered in Underground stations | Churchill's spirit kept Britain fighting",https://upload.wikimedia.org/wikipedia/commons/4/4e/Blitz_London.jpg,#TheBlitz #WW2 #London #HistoryTok,57 nights of bombs. London didn't break. #TheBlitz #WW2 #London #HistoryTok
186,Battle of Britain,The Few. Saved CIVILIZATION.,"Create a 30-second vertical history short about Battle of Britain. Hook: The Few. Saved CIVILIZATION. Cover: Air battle July-October 1940. RAF vs Luftwaffe over English Channel. Never was so much owed by so many to so few. Radar and Spitfires turned the tide. Prevented German invasion of Britain. Tone: dramatic, fast-paced, documentary style. 9:16 vertical.",Air battle July-October 1940 | RAF vs Luftwaffe over English Channel | Never was so much owed by so many to so few | Radar and Spitfires turned the tide | Prevented German invasion of Britain,https://upload.wikimedia.org/wikipedia/commons/4/4e/Battle_of_Britain.jpg,#BattleOfBritain #WW2 #RAF #HistoryTok,The Few saved everything. #BattleOfBritain #WW2 #RAF #HistoryTok
187,Tet Offensive,They said we were WINNING.,"Create a 30-second vertical history short about Tet Offensive. Hook: They said we were WINNING. Cover: North Vietnamese attacked January 1968. Coordinated strikes across South Vietnam. US embassy attacked in Saigon on TV. Military defeat but psychological victory. Turned American public against the war. Tone: dramatic, fast-paced, documentary style. 9:16 vertical.",North Vietnamese attacked January 1968 | Coordinated strikes across South Vietnam | US embassy attacked in Saigon on TV | Military defeat but psychological victory | Turned American public against the war,https://upload.wikimedia.org/wikipedia/commons/4/4e/Tet_Offensive.jpg,#TetOffensive #VietnamWar #ColdWar #HistoryTok,They said we were winning. TV said otherwise. #TetOffensive #VietnamWar #ColdWar #HistoryTok
188,Charge of the Light Brigade,Into the valley of DEATH.,"Create a 30-second vertical history short about Charge of the Light Brigade. Hook: Into the valley of DEATH. Cover: Crimean War cavalry charge October 25 1854. 600 British cavalry charged wrong valley. Miscommunication sent them into Russian guns. Tennyson immortalized in poem. Over 100 killed 160 wounded. Tone: dramatic, fast-paced, documentary style. 9:16 vertical.",Crimean War cavalry charge October 25 1854 | 600 British cavalry charged wrong valley | Miscommunication sent them into Russian guns | Tennyson immortalized in poem | Over 100 killed 160 wounded,https://upload.wikimedia.org/wikipedia/commons/4/4e/Charge_of_the_Light_Brigade.jpg,#LightBrigade #CrimeanWar #MilitaryHistory #HistoryTok,Into the valley of death rode the six hundred. #LightBrigade #CrimeanWar #MilitaryHistory #HistoryTok
189,Battle of Verdun,"10 months. 700,000 casualties.","Create a 30-second vertical history short about Battle of Verdun. Hook: 10 months. 700,000 casualties. Cover: Longest battle of WWI February-December 1916. France vs Germany over symbolic fortress. They shall not pass became rallying cry. Estimated 700,000 total casualties. Horror of attrition warfare epitomized. Tone: dramatic, fast-paced, documentary style. 9:16 vertical.","Longest battle of WWI February-December 1916 | France vs Germany over symbolic fortress | They shall not pass became rallying cry | Estimated 700,000 total casualties | Horror of attrition warfare epitomized",https://upload.wikimedia.org/wikipedia/commons/4/4e/Verdun_1916.jpg,#Verdun #WW1 #TrenchWarfare #HistoryTok,"10 months. 700,000 casualties. One fortress. #Verdun #WW1 #TrenchWarfare #HistoryTok"
190,Battle of the Somme,"60,000 dead. FIRST day.","Create a 30-second vertical history short about Battle of the Somme. Hook: 60,000 dead. FIRST day. Cover: July 1 1916 opening day of Somme offensive. British suffered 57,000 casualties first day. 20,000 killed on day one alone. Tanks used in battle for first time. Five months 1 million total casualties. Tone: dramatic, fast-paced, documentary style. 9:16 vertical.","July 1 1916 opening day of Somme offensive | British suffered 57,000 casualties first day | 20,000 killed on day one alone | Tanks used in battle for first time | Five months 1 million total casualties",https://upload.wikimedia.org/wikipedia/commons/4/4e/Battle_of_the_Somme.jpg,#TheSomme #WW1 #TrenchWarfare #HistoryTok,"60,000 casualties. Day one. #TheSomme #WW1 #TrenchWarfare #HistoryTok"
191,Gallipoli Campaign,ANZAC legend BORN.,"Create a 30-second vertical history short about Gallipoli Campaign. Hook: ANZAC legend BORN. Cover: Allied invasion of Ottoman Turkey 1915. Australian and New Zealand troops landed April 25. Stalemated in trenches eight months. Evacuated December 1915 total failure. ANZAC Day commemorates the landing. Tone: dramatic, fast-paced, documentary style. 9:16 vertical.",Allied invasion of Ottoman Turkey 1915 | Australian and New Zealand troops landed April 25 | Stalemated in trenches eight months | Evacuated December 1915 total failure | ANZAC Day commemorates the landing,https://upload.wikimedia.org/wikipedia/commons/4/4e/Gallipoli_landings.jpg,#Gallipoli #WW1 #ANZAC #HistoryTok,Failure on the beach. Legend for a nation. #Gallipoli #WW1 #ANZAC #HistoryTok
192,Siege of Leningrad,900 days. 1 million STARVED.,"Create a 30-second vertical history short about Siege of Leningrad. Hook: 900 days. 1 million STARVED. Cover: Nazi siege September 1941-January 1944. Longest and most destructive siege in history. Estimated 1 million civilians died of starvation. People ate wallpaper paste and leather. City never surrendered. Tone: dramatic, fast-paced, documentary style. 9:16 vertical.",Nazi siege September 1941-January 1944 | Longest and most destructive siege in history | Estimated 1 million civilians died of starvation | People ate wallpaper paste and leather | City never surrendered,https://upload.wikimedia.org/wikipedia/commons/4/4e/Siege_of_Leningrad.jpg,#Leningrad #WW2 #EasternFront #HistoryTok,900 days. 1 million starved. Never surrendered. #Leningrad #WW2 #EasternFront #HistoryTok
193,Battle of Okinawa,Bloodiest Pacific battle.,"Create a 30-second vertical history short about Battle of Okinawa. Hook: Bloodiest Pacific battle. Cover: Fought April-June 1945 last major Pacific battle. Estimated 150,000 Okinawan civilians died. Kamikaze attacks devastated US fleet. Convinced US atomic bomb was necessary. Led directly to Hiroshima decision. Tone: dramatic, fast-paced, documentary style. 9:16 vertical.","Fought April-June 1945 last major Pacific battle | Estimated 150,000 Okinawan civilians died | Kamikaze attacks devastated US fleet | Convinced US atomic bomb was necessary | Led directly to Hiroshima decision",https://upload.wikimedia.org/wikipedia/commons/4/4e/Battle_of_Okinawa.jpg,#Okinawa #WW2 #PacificWar #HistoryTok,The battle that made the bomb inevitable. #Okinawa #WW2 #PacificWar #HistoryTok
194,Battle of Iwo Jima,One photo. One FLAG.,"Create a 30-second vertical history short about Battle of Iwo Jima. Hook: One photo. One FLAG. Cover: February-March 1945 Pacific island battle. Joe Rosenthal's flag raising photo iconic. 27 Medals of Honor awarded. 6,800 Americans killed taking 8 square miles. Island used for emergency B-29 landings. Tone: dramatic, fast-paced, documentary style. 9:16 vertical.","February-March 1945 Pacific island battle | Joe Rosenthal's flag raising photo iconic | 27 Medals of Honor awarded | 6,800 Americans killed taking 8 square miles | Island used for emergency B-29 landings",https://upload.wikimedia.org/wikipedia/commons/4/4e/Raising_the_Flag_on_Iwo_Jima.jpg,#IwoJima #WW2 #PacificWar #HistoryTok,"One photo. One flag. 6,800 dead. #IwoJima #WW2 #PacificWar #HistoryTok"
195,Bay of Pigs Invasion,CIA's worst day. CUBA won.,"Create a 30-second vertical history short about Bay of Pigs Invasion. Hook: CIA's worst day. CUBA won. Cover: Failed US-backed invasion April 1961. 1,400 Cuban exiles landed in Cuba. Kennedy cancelled air support at last minute. Captured within 72 hours. Emboldened Castro and pushed him toward USSR. Tone: dramatic, fast-paced, documentary style. 9:16 vertical.","Failed US-backed invasion April 1961 | 1,400 Cuban exiles landed in Cuba | Kennedy cancelled air support at last minute | Captured within 72 hours | Emboldened Castro and pushed him toward USSR",https://upload.wikimedia.org/wikipedia/commons/4/4e/Bay_of_Pigs.jpg,#BayOfPigs #ColdWar #Cuba #HistoryTok,CIA's plan. 72 hours. Total failure. #BayOfPigs #ColdWar #Cuba #HistoryTok
196,Suez Crisis 1956,Empire's last GASP.,"Create a 30-second vertical history short about Suez Crisis 1956. Hook: Empire's last GASP. Cover: Britain France Israel invaded Egypt over canal. US and USSR forced them to withdraw. Humiliated Britain and France globally. Nasser became Arab hero. Marked end of British imperial power. Tone: dramatic, fast-paced, documentary style. 9:16 vertical.",Britain France Israel invaded Egypt over canal | US and USSR forced them to withdraw | Humiliated Britain and France globally | Nasser became Arab hero | Marked end of British imperial power,https://upload.wikimedia.org/wikipedia/commons/4/4e/Suez_Crisis.jpg,#SuezCrisis #ColdWar #BritishEmpire #HistoryTok,Britain's last imperial adventure. Failed. #SuezCrisis #ColdWar #BritishEmpire #HistoryTok
197,Arab-Israeli War 1948,One day. Forever WAR.,"Create a 30-second vertical history short about Arab-Israeli War 1948. Hook: One day. Forever WAR. Cover: Israel declared independence May 14 1948. Arab states invaded next day. 700,000 Palestinians displaced Nakba. Israel survived and expanded territory. Conflict unresolved 75+ years later. Tone: dramatic, fast-paced, documentary style. 9:16 vertical.","Israel declared independence May 14 1948 | Arab states invaded next day | 700,000 Palestinians displaced Nakba | Israel survived and expanded territory | Conflict unresolved 75+ years later",https://upload.wikimedia.org/wikipedia/commons/4/4e/1948_Arab-Israeli_War_map.jpg,#1948War #MiddleEast #Israel #HistoryTok,One declaration. 75 years of war. #1948War #MiddleEast #Israel #HistoryTok
198,Second Sino-Japanese War,"Rape of Nanking. 300,000 DEAD.","Create a 30-second vertical history short about Second Sino-Japanese War. Hook: Rape of Nanking. 300,000 DEAD. Cover: Japan invaded China 1937 full-scale war. Nanking Massacre December 1937 300,000 killed. Merged into Pacific theater of WWII. Estimated 15-20 million Chinese deaths total. War crimes trials held after 1945. Tone: dramatic, fast-paced, documentary style. 9:16 vertical.","Japan invaded China 1937 full-scale war | Nanking Massacre December 1937 300,000 killed | Merged into Pacific theater of WWII | Estimated 15-20 million Chinese deaths total | War crimes trials held after 1945",https://upload.wikimedia.org/wikipedia/commons/4/4e/Nanking_Massacre.jpg,#SinoJapaneseWar #WW2 #China #HistoryTok,"300,000 in six weeks. History's darkest chapter. #SinoJapaneseWar #WW2 #China #HistoryTok"
199,Nanking Massacre,"Six weeks. 300,000 DEAD.","Create a 30-second vertical history short about Nanking Massacre. Hook: Six weeks. 300,000 DEAD. Cover: Japanese troops captured Nanking December 1937. Six-week orgy of killing rape and looting. Estimated 200,000-300,000 civilians murdered. International Safety Zone saved some lives. Denial and debate continue today. Tone: dramatic, fast-paced, documentary style. 9:16 vertical.","Japanese troops captured Nanking December 1937 | Six-week orgy of killing rape and looting | Estimated 200,000-300,000 civilians murdered | International Safety Zone saved some lives | Denial and debate continue today",https://upload.wikimedia.org/wikipedia/commons/4/4e/Nanking_Massacre_memorial.jpg,#Nanking #WW2 #WarCrimes #HistoryMatters,"300,000 dead in six weeks. Never forget. #Nanking #WW2 #WarCrimes #HistoryMatters"
200,Battle of Waterloo,One day. Napoleon FINISHED.,"Create a 30-second vertical history short about Battle of Waterloo. Hook: One day. Napoleon FINISHED. Cover: Fought June 18 1815 in Belgium. Wellington and Blucher defeated Napoleon. Napoleon's final defeat after return from Elba. Ended Napoleonic Wars in Europe. Redrew European map at Congress of Vienna. Tone: dramatic, fast-paced, documentary style. 9:16 vertical.",Fought June 18 1815 in Belgium | Wellington and Blucher defeated Napoleon | Napoleon's final defeat after return from Elba | Ended Napoleonic Wars in Europe | Redrew European map at Congress of Vienna,https://upload.wikimedia.org/wikipedia/commons/4/4e/Battle_of_Waterloo_1815.PNG,#Waterloo #Napoleon #MilitaryHistory #HistoryTok,One battle. One emperor. Finished. #Waterloo #Napoleon #MilitaryHistory #HistoryTok
201,Battle of Gettysburg,3 days. Turning point.,"Create a 30-second vertical history short about Battle of Gettysburg. Hook: 3 days. Turning point. Cover: Fought July 1-3 1863 in Pennsylvania. Bloodiest battle of American Civil War. Pickett's Charge failed on day three. 51,000 casualties in three days. Lincoln's Address four months later. Tone: dramatic, fast-paced, documentary style. 9:16 vertical.","Fought July 1-3 1863 in Pennsylvania | Bloodiest battle of American Civil War | Pickett's Charge failed on day three | 51,000 casualties in three days | Lincoln's Address four months later",https://upload.wikimedia.org/wikipedia/commons/4/4e/Gettysburg_Battlefield.jpg,#Gettysburg #CivilWar #AmericanHistory #HistoryTok,"Three days. 51,000 casualties. Union saved. #Gettysburg #CivilWar #AmericanHistory #HistoryTok"
202,Normandy Breakout,Liberation of FRANCE.,"Create a 30-second vertical history short about Normandy Breakout. Hook: Liberation of FRANCE. Cover: Allied breakout from Normandy July-August 1944. Operation Cobra punched through German lines. Paris liberated August 25 1944. Falaise Pocket trapped German army. Opened road to Germany. Tone: dramatic, fast-paced, documentary style. 9:16 vertical.",Allied breakout from Normandy July-August 1944 | Operation Cobra punched through German lines | Paris liberated August 25 1944 | Falaise Pocket trapped German army | Opened road to Germany,https://upload.wikimedia.org/wikipedia/commons/4/4e/Liberation_of_Paris.jpg,#Normandy #WW2 #Liberation #HistoryTok,From beachhead to Paris in weeks. #Normandy #WW2 #Liberation #HistoryTok
203,Dien Bien Phu,France's last stand in ASIA.,"Create a 30-second vertical history short about Dien Bien Phu. Hook: France's last stand in ASIA. Cover: Viet Minh besieged French base 1954. Giap's forces defeated French after 57 days. Ended French colonial rule in Indochina. Led to division of Vietnam. Foreshadowed American involvement. Tone: dramatic, fast-paced, documentary style. 9:16 vertical.",Viet Minh besieged French base 1954 | Giap's forces defeated French after 57 days | Ended French colonial rule in Indochina | Led to division of Vietnam | Foreshadowed American involvement,https://upload.wikimedia.org/wikipedia/commons/4/4e/Dien_Bien_Phu.jpg,#DienBienPhu #Vietnam #Colonialism #HistoryTok,France's last stand. America watched. #DienBienPhu #Vietnam #Colonialism #HistoryTok
204,Algerian War of Independence,1 million dead. France LEFT.,"Create a 30-second vertical history short about Algerian War of Independence. Hook: 1 million dead. France LEFT. Cover: FLN fought France 1954-1962. Brutal guerrilla war and torture used. Estimated 1 million Algerians died. Charles de Gaulle granted independence 1962. Model for anti-colonial struggles. Tone: dramatic, fast-paced, documentary style. 9:16 vertical.",FLN fought France 1954-1962 | Brutal guerrilla war and torture used | Estimated 1 million Algerians died | Charles de Gaulle granted independence 1962 | Model for anti-colonial struggles,https://upload.wikimedia.org/wikipedia/commons/4/4e/Algerian_War.jpg,#Algeria #Independence #Colonialism #HistoryTok,1 million dead. Freedom won. #Algeria #Independence #Colonialism #HistoryTok
205,Mau Mau Uprising,Britain's secret TORTURE.,"Create a 30-second vertical history short about Mau Mau Uprising. Hook: Britain's secret TORTURE. Cover: Kenyan rebellion against British rule 1952-1960. Kikuyu people fought for land and freedom. British used detention camps and torture. Documents declassified revealed atrocities. Kenya independent 1963. Tone: dramatic, fast-paced, documentary style. 9:16 vertical.",Kenyan rebellion against British rule 1952-1960 | Kikuyu people fought for land and freedom | British used detention camps and torture | Documents declassified revealed atrocities | Kenya independent 1963,https://upload.wikimedia.org/wikipedia/commons/4/4e/Mau_Mau.jpg,#MauMau #Kenya #Colonialism #HistoryTok,Britain's secret torture camps. Finally exposed. #MauMau #Kenya #Colonialism #HistoryTok
206,Biafran War,Starvation as WEAPON.,"Create a 30-second vertical history short about Biafran War. Hook: Starvation as WEAPON. Cover: Nigerian civil war 1967-1970. Biafra seceded over ethnic tensions. Blockade caused mass starvation. Images of starving children shocked world. Created modern humanitarian aid movement. Tone: dramatic, fast-paced, documentary style. 9:16 vertical.",Nigerian civil war 1967-1970 | Biafra seceded over ethnic tensions | Blockade caused mass starvation | Images of starving children shocked world | Created modern humanitarian aid movement,https://upload.wikimedia.org/wikipedia/commons/4/4e/Biafran_war.jpg,#Biafra #Nigeria #CivilWar #HistoryTok,Starvation used as a weapon. World watched. #Biafra #Nigeria #CivilWar #HistoryTok
207,Partition of Poland,Three empires. One country GONE.,"Create a 30-second vertical history short about Partition of Poland. Hook: Three empires. One country GONE. Cover: Poland divided 1772 1793 1795. Russia Prussia Austria carved it up. Poland disappeared from map for 123 years. Polish culture survived underground. Restored after WWI then invaded again 1939. Tone: dramatic, fast-paced, documentary style. 9:16 vertical.",Poland divided 1772 1793 1795 | Russia Prussia Austria carved it up | Poland disappeared from map for 123 years | Polish culture survived underground | Restored after WWI then invaded again 1939,https://upload.wikimedia.org/wikipedia/commons/4/4e/Partitions_of_Poland.png,#Poland #EuropeanHistory #Empire #HistoryTok,A nation erased from the map. #Poland #EuropeanHistory #Empire #HistoryTok
208,Easter Rising 1916,Dublin. 6 days. IRELAND changed.,"Create a 30-second vertical history short about Easter Rising 1916. Hook: Dublin. 6 days. IRELAND changed. Cover: Irish republicans seized Dublin April 1916. Held out six days against British forces. Leaders executed including Padraig Pearse. Executions turned public opinion to independence. Led to Irish Free State 1922. Tone: dramatic, fast-paced, documentary style. 9:16 vertical.",Irish republicans seized Dublin April 1916 | Held out six days against British forces | Leaders executed including Padraig Pearse | Executions turned public opinion to independence | Led to Irish Free State 1922,https://upload.wikimedia.org/wikipedia/commons/4/4e/Easter_Rising_1916.jpg,#EasterRising #Ireland #Revolution #HistoryTok,Six days. Executions. A nation born. #EasterRising #Ireland #Revolution #HistoryTok
209,Irish War of Independence,Guerrilla war. Empire BROKE.,"Create a 30-second vertical history short about Irish War of Independence. Hook: Guerrilla war. Empire BROKE. Cover: 1919-1921 IRA vs British forces. Michael Collins led guerrilla campaign. Black and Tans terrorized civilians. Anglo-Irish Treaty 1921 partitioned island. Civil war followed over treaty terms. Tone: dramatic, fast-paced, documentary style. 9:16 vertical.",1919-1921 IRA vs British forces | Michael Collins led guerrilla campaign | Black and Tans terrorized civilians | Anglo-Irish Treaty 1921 partitioned island | Civil war followed over treaty terms,https://upload.wikimedia.org/wikipedia/commons/4/4e/Irish_War_of_Independence.jpg,#IrishIndependence #Ireland #Revolution #HistoryTok,Guerrilla war broke an empire. #IrishIndependence #Ireland #Revolution #HistoryTok
210,Good Friday Agreement,Peace after 30 YEARS.,"Create a 30-second vertical history short about Good Friday Agreement. Hook: Peace after 30 YEARS. Cover: Signed April 10 1998 Northern Ireland. Ended decades of Troubles violence. Power-sharing between unionists and nationalists. Referendums passed in both Irelands. Still fragile but holding. Tone: dramatic, fast-paced, documentary style. 9:16 vertical.",Signed April 10 1998 Northern Ireland | Ended decades of Troubles violence | Power-sharing between unionists and nationalists | Referendums passed in both Irelands | Still fragile but holding,https://upload.wikimedia.org/wikipedia/commons/4/4e/Good_Friday_Agreement.jpg,#GoodFriday #NorthernIreland #Peace #HistoryTok,30 years of terror. One agreement. Peace. #GoodFriday #NorthernIreland #Peace #HistoryTok
211,Amritsar Massacre,379 killed. Empire EXPOSED.,"Create a 30-second vertical history short about Amritsar Massacre. Hook: 379 killed. Empire EXPOSED. Cover: British troops fired on crowd April 13 1919. Unarmed Indians gathered in Jallianwala Bagh. 379 killed over 1,200 wounded. General Dyer ordered firing without warning. Turning point in Indian independence movement. Tone: dramatic, fast-paced, documentary style. 9:16 vertical.","British troops fired on crowd April 13 1919 | Unarmed Indians gathered in Jallianwala Bagh | 379 killed over 1,200 wounded | General Dyer ordered firing without warning | Turning point in Indian independence movement",https://upload.wikimedia.org/wikipedia/commons/4/4e/Jallianwala_Bagh.jpg,#Amritsar #IndianHistory #BritishEmpire #HistoryTok,379 unarmed. One order. Empire doomed. #Amritsar #IndianHistory #BritishEmpire #HistoryTok
212,Salt March,One man. One SALT.,"Create a 30-second vertical history short about Salt March. Hook: One man. One SALT. Cover: Gandhi marched 240 miles to sea March 1930. Protested British salt monopoly and tax. Thousands joined making salt illegally. Nonviolent civil disobedience at its peak. Global symbol of resistance to empire. Tone: dramatic, fast-paced, documentary style. 9:16 vertical.",Gandhi marched 240 miles to sea March 1930 | Protested British salt monopoly and tax | Thousands joined making salt illegally | Nonviolent civil disobedience at its peak | Global symbol of resistance to empire,https://upload.wikimedia.org/wikipedia/commons/4/4e/Salt_March.jpg,#SaltMarch #Gandhi #IndianHistory #HistoryTok,240 miles for salt. Changed a nation. #SaltMarch #Gandhi #IndianHistory #HistoryTok
213,Quit India Movement,Do or DIE.,"Create a 30-second vertical history short about Quit India Movement. Hook: Do or DIE. Cover: Gandhi launched August 1942 during WWII. Demand immediate British withdrawal. Mass arrests including all Congress leaders. Underground resistance continued. Accelerated path to independence 1947. Tone: dramatic, fast-paced, documentary style. 9:16 vertical.",Gandhi launched August 1942 during WWII | Demand immediate British withdrawal | Mass arrests including all Congress leaders | Underground resistance continued | Accelerated path to independence 1947,https://upload.wikimedia.org/wikipedia/commons/4/4e/Quit_India_Movement.jpg,#QuitIndia #Gandhi #IndianHistory #HistoryTok,Do or die. India did. #QuitIndia #Gandhi #IndianHistory #HistoryTok
214,Bangladesh Liberation War,3 million dead. One NATION born.,"Create a 30-second vertical history short about Bangladesh Liberation War. Hook: 3 million dead. One NATION born. Cover: East Pakistan fought West Pakistan 1971. Estimated 3 million killed in genocide. India intervened and Bangladesh born December 1971. War crimes trials continue today. Created eighth most populous nation. Tone: dramatic, fast-paced, documentary style. 9:16 vertical.",East Pakistan fought West Pakistan 1971 | Estimated 3 million killed in genocide | India intervened and Bangladesh born December 1971 | War crimes trials continue today | Created eighth most populous nation,https://upload.wikimedia.org/wikipedia/commons/4/4e/Bangladesh_Liberation_War.jpg,#Bangladesh #Independence #SouthAsia #HistoryTok,3 million dead. One nation born. #Bangladesh #Independence #SouthAsia #HistoryTok
215,Partition of Bengal,Lines drawn. Millions DISPLACED.,"Create a 30-second vertical history short about Partition of Bengal. Hook: Lines drawn. Millions DISPLACED. Cover: British partitioned Bengal 1905 and 1947. 1947 partition split India and Pakistan. 10-20 million displaced largest migration ever. 1-2 million killed in communal violence. Borders still cause tension today. Tone: dramatic, fast-paced, documentary style. 9:16 vertical.",British partitioned Bengal 1905 and 1947 | 1947 partition split India and Pakistan | 10-20 million displaced largest migration ever | 1-2 million killed in communal violence | Borders still cause tension today,https://upload.wikimedia.org/wikipedia/commons/4/4e/Partition_of_India_map.jpg,#Partition #SouthAsia #Independence #HistoryTok,Lines on a map. Millions displaced. #Partition #SouthAsia #Independence #HistoryTok
216,Cuban Missile Crisis,13 days. Nuclear WAR close.,"Create a 30-second vertical history short about Cuban Missile Crisis. Hook: 13 days. Nuclear WAR close. Cover: US discovered Soviet missiles in Cuba October 1962. 13-day standoff brought world to nuclear brink. Kennedy blockaded Cuba. Khrushchev agreed to remove missiles. Closest humanity came to nuclear war. Tone: dramatic, fast-paced, documentary style. 9:16 vertical.",US discovered Soviet missiles in Cuba October 1962 | 13-day standoff brought world to nuclear brink | Kennedy blockaded Cuba | Khrushchev agreed to remove missiles | Closest humanity came to nuclear war,https://upload.wikimedia.org/wikipedia/commons/4/4e/Cuban_Missile_Crisis_map.jpg,#CubanMissileCrisis #ColdWar #NuclearHistory #HistoryTok,13 days from nuclear annihilation. #CubanMissileCrisis #ColdWar #NuclearHistory #HistoryTok
217,Fall of Saigon,Helicopters on the ROOF.,"Create a 30-second vertical history short about Fall of Saigon. Hook: Helicopters on the ROOF. Cover: North Vietnamese captured Saigon April 30 1975. Iconic helicopter evacuations from US embassy roof. Ended Vietnam War after 20 years. Vietnam reunified under communist rule. Last images of American defeat. Tone: dramatic, fast-paced, documentary style. 9:16 vertical.",North Vietnamese captured Saigon April 30 1975 | Iconic helicopter evacuations from US embassy roof | Ended Vietnam War after 20 years | Vietnam reunified under communist rule | Last images of American defeat,https://upload.wikimedia.org/wikipedia/commons/4/4e/Fall_of_Saigon.jpg,#FallOfSaigon #VietnamWar #ColdWar #HistoryTok,Helicopters on the roof. America left. #FallOfSaigon #VietnamWar #ColdWar #HistoryTok
218,Gulf of Tonkin Incident,One lie. One WAR.,"Create a 30-second vertical history short about Gulf of Tonkin Incident. Hook: One lie. One WAR. Cover: August 1964 alleged North Vietnamese attack. Congress passed Gulf of Tonkin Resolution. Gave Johnson authority to escalate Vietnam War. Later evidence showed attack may not have happened. Based on questionable intelligence. Tone: dramatic, fast-paced, documentary style. 9:16 vertical.",August 1964 alleged North Vietnamese attack | Congress passed Gulf of Tonkin Resolution | Gave Johnson authority to escalate Vietnam War | Later evidence showed attack may not have happened | Based on questionable intelligence,https://upload.wikimedia.org/wikipedia/commons/4/4e/Gulf_of_Tonkin.jpg,#GulfOfTonkin #VietnamWar #AmericanHistory #HistoryTok,One incident. One lie. 20 years of war. #GulfOfTonkin #VietnamWar #AmericanHistory #HistoryTok
219,War of the Pacific,Bird poop caused a WAR.,"Create a 30-second vertical history short about War of the Pacific. Hook: Bird poop caused a WAR. Cover: Chile vs Peru and Bolivia 1879-1884. Fought over guano and nitrate deposits. Chile won and took Bolivia's coastline. Bolivia landlocked ever since. Guano was worth its weight in gold. Tone: dramatic, fast-paced, documentary style. 9:16 vertical.",Chile vs Peru and Bolivia 1879-1884 | Fought over guano and nitrate deposits | Chile won and took Bolivia's coastline | Bolivia landlocked ever since | Guano was worth its weight in gold,https://upload.wikimedia.org/wikipedia/commons/4/4e/War_of_the_Pacific_map.jpg,#WarOfThePacific #SouthAmerica #WeirdHistory #HistoryTok,Bird poop caused a war. Bolivia lost the sea. #WarOfThePacific #SouthAmerica #WeirdHistory #HistoryTok
220,Franco-Prussian War Siege of Paris,Rats on the MENU.,"Create a 30-second vertical history short about Franco-Prussian War Siege of Paris. Hook: Rats on the MENU. Cover: Paris besieged four months September 1870-January 1871. Citizens ate rats cats dogs and zoo animals. Hot air balloons carried mail out of city. Paris Commune uprising followed surrender. Humiliation planted seeds of WWI. Tone: dramatic, fast-paced, documentary style. 9:16 vertical.",Paris besieged four months September 1870-January 1871 | Citizens ate rats cats dogs and zoo animals | Hot air balloons carried mail out of city | Paris Commune uprising followed surrender | Humiliation planted seeds of WWI,https://upload.wikimedia.org/wikipedia/commons/4/4e/Siege_of_Paris_1870.jpg,#SiegeOfParis #FrancoPrussianWar #France #HistoryTok,Four months. Rats for dinner. #SiegeOfParis #FrancoPrussianWar #France #HistoryTok
221,Anglo-Zulu War,Spears vs CANNONS.,"Create a 30-second vertical history short about Anglo-Zulu War. Hook: Spears vs CANNONS. Cover: British invaded Zululand January 1879. Zulu warriors destroyed British at Isandlwana. Rorke's Drift 11 Victoria Crosses earned. British ultimately conquered Zulu kingdom. Epic tale of resistance and conquest. Tone: dramatic, fast-paced, documentary style. 9:16 vertical.",British invaded Zululand January 1879 | Zulu warriors destroyed British at Isandlwana | Rorke's Drift 11 Victoria Crosses earned | British ultimately conquered Zulu kingdom | Epic tale of resistance and conquest,https://upload.wikimedia.org/wikipedia/commons/4/4e/Battle_of_Isandlwana.jpg,#ZuluWar #Africa #BritishEmpire #HistoryTok,Spears vs cannons. Both sides legendary. #ZuluWar #Africa #BritishEmpire #HistoryTok
222,Sepoy Mutiny,Company rule ENDED.,"Create a 30-second vertical history short about Sepoy Mutiny. Hook: Company rule ENDED. Cover: Indian soldiers rebelled 1857 against East India Company. Sparked by rumored greased cartridges. Massacres and reprisals on both sides. British Crown took direct control of India. First war of Indian independence to many. Tone: dramatic, fast-paced, documentary style. 9:16 vertical.",Indian soldiers rebelled 1857 against East India Company | Sparked by rumored greased cartridges | Massacres and reprisals on both sides | British Crown took direct control of India | First war of Indian independence to many,https://upload.wikimedia.org/wikipedia/commons/4/4e/Sepoy_Mutiny.jpg,#SepoyMutiny #India #BritishEmpire #HistoryTok,One cartridge rumor. An empire shaken. #SepoyMutiny #India #BritishEmpire #HistoryTok
223,War of the Triple Alliance,Deadliest war in South AMERICA.,"Create a 30-second vertical history short about War of the Triple Alliance. Hook: Deadliest war in South AMERICA. Cover: Paraguay vs Brazil Argentina Uruguay 1864-1870. Paraguay fought all three neighbors simultaneously. Estimated 60-70 percent of Paraguay population died. Most destructive war in South American history. Paraguay devastated for generations. Tone: dramatic, fast-paced, documentary style. 9:16 vertical.",Paraguay vs Brazil Argentina Uruguay 1864-1870 | Paraguay fought all three neighbors simultaneously | Estimated 60-70 percent of Paraguay population died | Most destructive war in South American history | Paraguay devastated for generations,https://upload.wikimedia.org/wikipedia/commons/4/4e/War_of_the_Triple_Alliance.jpg,#TripleAlliance #Paraguay #SouthAmerica #HistoryTok,70 percent of a nation dead. One war. #TripleAlliance #Paraguay #SouthAmerica #HistoryTok
224,Napoleonic Wars Peninsular Campaign,Spanish ulcer BLEED France.,"Create a 30-second vertical history short about Napoleonic Wars Peninsular Campaign. Hook: Spanish ulcer BLEED France. Cover: 1807-1814 Spain guerrilla war against French. Spanish resistance tied down French armies. Wellington's campaigns from Portugal. Guerrilla warfare bled Napoleon dry. Called the Spanish ulcer by Napoleon. Tone: dramatic, fast-paced, documentary style. 9:16 vertical.",1807-1814 Spain guerrilla war against French | Spanish resistance tied down French armies | Wellington's campaigns from Portugal | Guerrilla warfare bled Napoleon dry | Called the Spanish ulcer by Napoleon,https://upload.wikimedia.org/wikipedia/commons/4/4e/Peninsular_War.jpg,#PeninsularWar #Napoleon #Spain #HistoryTok,Spain bled Napoleon dry. #PeninsularWar #Napoleon #Spain #HistoryTok
225,Battle of Trafalgar,One admiral. Sea RULED.,"Create a 30-second vertical history short about Battle of Trafalgar. Hook: One admiral. Sea RULED. Cover: Horatio Nelson defeated French-Spanish fleet 1805. Nelson killed by sniper during victory. Ended Napoleon's invasion plans of Britain. Britain ruled seas for century after. Nelson's Column stands in Trafalgar Square. Tone: dramatic, fast-paced, documentary style. 9:16 vertical.",Horatio Nelson defeated French-Spanish fleet 1805 | Nelson killed by sniper during victory | Ended Napoleon's invasion plans of Britain | Britain ruled seas for century after | Nelson's Column stands in Trafalgar Square,https://upload.wikimedia.org/wikipedia/commons/4/4e/Battle_of_Trafalgar.jpg,#Trafalgar #Nelson #NavalHistory #HistoryTok,He won. He died. Britain ruled the seas. #Trafalgar #Nelson #NavalHistory #HistoryTok
226,War of Austrian Succession,Maria Theresa. They said NO.,"Create a 30-second vertical history short about War of Austrian Succession. Hook: Maria Theresa. They said NO. Cover: 1740-1748 European powers challenged Habsburg heir. Maria Theresa fought to keep throne. Frederick the Great seized Silesia from Austria. War spread across Europe and colonies. Set stage for Seven Years War. Tone: dramatic, fast-paced, documentary style. 9:16 vertical.",1740-1748 European powers challenged Habsburg heir | Maria Theresa fought to keep throne | Frederick the Great seized Silesia from Austria | War spread across Europe and colonies | Set stage for Seven Years War,https://upload.wikimedia.org/wikipedia/commons/4/4e/Maria_Theresa.jpg,#MariaTheresa #EuropeanHistory #War #HistoryTok,They said a woman couldn't rule. She did. #MariaTheresa #EuropeanHistory #War #HistoryTok
227,War of the Roses,Two roses. One THRONE.,"Create a 30-second vertical history short about War of the Roses. Hook: Two roses. One THRONE. Cover: English civil war 1455-1487. House of Lancaster vs House of York. Thirty years of noble warfare. Richard III killed at Bosworth Field 1485. Tudor dynasty began with Henry VII. Tone: dramatic, fast-paced, documentary style. 9:16 vertical.",English civil war 1455-1487 | House of Lancaster vs House of York | Thirty years of noble warfare | Richard III killed at Bosworth Field 1485 | Tudor dynasty began with Henry VII,https://upload.wikimedia.org/wikipedia/commons/4/4e/Wars_of_the_Roses_map.jpg,#WarOfTheRoses #BritishHistory #Medieval #HistoryTok,Two roses. One throne. 30 years of war. #WarOfTheRoses #BritishHistory #Medieval #HistoryTok
228,Battle of Lepanto,Holy League vs OTTOMANS.,"Create a 30-second vertical history short about Battle of Lepanto. Hook: Holy League vs OTTOMANS. Cover: Naval battle October 7 1571 Mediterranean. Holy League defeated Ottoman fleet. Largest galley battle in history. Cervantes fought and lost use of left hand. Ottoman naval dominance temporarily broken. Tone: dramatic, fast-paced, documentary style. 9:16 vertical.",Naval battle October 7 1571 Mediterranean | Holy League defeated Ottoman fleet | Largest galley battle in history | Cervantes fought and lost use of left hand | Ottoman naval dominance temporarily broken,https://upload.wikimedia.org/wikipedia/commons/4/4e/Battle_of_Lepanto_1571.jpg,#Lepanto #Ottoman #NavalHistory #HistoryTok,The day the Ottoman navy broke. #Lepanto #Ottoman #NavalHistory #HistoryTok
229,Thirty Years War Defenestration,They threw him out a WINDOW.,"Create a 30-second vertical history short about Thirty Years War Defenestration. Hook: They threw him out a WINDOW. Cover: Prague Defenestration May 1618 sparked war. Protestants threw Catholic officials from window. All three survived 70-foot fall called miracle. Direct cause of Thirty Years War. Window still exists in Prague Castle. Tone: dramatic, fast-paced, documentary style. 9:16 vertical.",Prague Defenestration May 1618 sparked war | Protestants threw Catholic officials from window | All three survived 70-foot fall called miracle | Direct cause of Thirty Years War | Window still exists in Prague Castle,https://upload.wikimedia.org/wikipedia/commons/4/4e/Defenestration_of_Prague.jpg,#Defenestration #Prague #WeirdHistory #HistoryTok,Thrown from a window. Started a war. Survived. #Defenestration #Prague #WeirdHistory #HistoryTok
230,Battle of Plassey,One bribe. India CONQUERED.,"Create a 30-second vertical history short about Battle of Plassey. Hook: One bribe. India CONQUERED. Cover: Robert Clive defeated Nawab of Bengal 1757. Victory secured by bribing general Mir Jafar. Foundation of British rule in India. East India Company gained control of Bengal. Beginning of British Raj. Tone: dramatic, fast-paced, documentary style. 9:16 vertical.",Robert Clive defeated Nawab of Bengal 1757 | Victory secured by bribing general Mir Jafar | Foundation of British rule in India | East India Company gained control of Bengal | Beginning of British Raj,https://upload.wikimedia.org/wikipedia/commons/4/4e/Battle_of_Plassey.jpg,#Plassey #India #BritishEmpire #HistoryTok,One bribe. An empire conquered. #Plassey #India #BritishEmpire #HistoryTok
231,Zulu War Isandlwana,Spears beat CANNONS.,"Create a 30-second vertical history short about Zulu War Isandlwana. Hook: Spears beat CANNONS. Cover: January 22 1879 Zulu destroyed British camp. Over 1,300 British and allies killed. Worst defeat of British army against indigenous force. Zulu king Cetshwayo led 20,000 warriors. Same day Rorke's Drift heroic defense. Tone: dramatic, fast-paced, documentary style. 9:16 vertical.","January 22 1879 Zulu destroyed British camp | Over 1,300 British and allies killed | Worst defeat of British army against indigenous force | Zulu king Cetshwayo led 20,000 warriors | Same day Rorke's Drift heroic defense",https://upload.wikimedia.org/wikipedia/commons/4/4e/Isandlwana_battlefield.jpg,#Isandlwana #ZuluWar #Africa #HistoryTok,Spears destroyed a modern army. #Isandlwana #ZuluWar #Africa #HistoryTok
232,Battle of the Alamo,183 men. 13 DAYS.,"Create a 30-second vertical history short about Battle of the Alamo. Hook: 183 men. 13 DAYS. Cover: Texan defenders held Alamo mission February-March 1836. 183 defenders vs thousands of Mexican troops. All defenders killed including Davy Crockett. Remember the Alamo became rallying cry. Texas independence won weeks later. Tone: dramatic, fast-paced, documentary style. 9:16 vertical.",Texan defenders held Alamo mission February-March 1836 | 183 defenders vs thousands of Mexican troops | All defenders killed including Davy Crockett | Remember the Alamo became rallying cry | Texas independence won weeks later,https://upload.wikimedia.org/wikipedia/commons/4/4e/The_Alamo_2016.jpg,#TheAlamo #Texas #AmericanHistory #HistoryTok,183 men. 13 days. Legend forever. #TheAlamo #Texas #AmericanHistory #HistoryTok
233,War of Jenkins Ear,One ear. One WAR.,"Create a 30-second vertical history short about War of Jenkins Ear. Hook: One ear. One WAR. Cover: Britain vs Spain 1739-1748. Named after alleged ear mutilation of Captain Jenkins. Merged into War of Austrian Succession. Fought over Caribbean trade routes. One of history's strangest war names. Tone: dramatic, fast-paced, documentary style. 9:16 vertical.",Britain vs Spain 1739-1748 | Named after alleged ear mutilation of Captain Jenkins | Merged into War of Austrian Succession | Fought over Caribbean trade routes | One of history's strangest war names,https://upload.wikimedia.org/wikipedia/commons/4/4e/Jenkins_Ear.jpg,#JenkinsEar #WeirdHistory #BritishHistory #HistoryTok,One ear. One war. History is weird. #JenkinsEar #WeirdHistory #BritishHistory #HistoryTok
234,Great Northern War,Peter vs Charles. SWEDEN fell.,"Create a 30-second vertical history short about Great Northern War. Hook: Peter vs Charles. SWEDEN fell. Cover: Sweden vs Russia coalition 1700-1721. Charles XII of Sweden invaded Russia and lost. Peter the Great built St Petersburg during war. Sweden lost superpower status forever. Russia became major European power. Tone: dramatic, fast-paced, documentary style. 9:16 vertical.",Sweden vs Russia coalition 1700-1721 | Charles XII of Sweden invaded Russia and lost | Peter the Great built St Petersburg during war | Sweden lost superpower status forever | Russia became major European power,https://upload.wikimedia.org/wikipedia/commons/4/4e/Great_Northern_War_map.jpg,#GreatNorthernWar #Russia #Sweden #HistoryTok,Sweden was a superpower. Then Russia happened. #GreatNorthernWar #Russia #Sweden #HistoryTok
235,Battle of Austerlitz,Napoleon's greatest VICTORY.,"Create a 30-second vertical history short about Battle of Austerlitz. Hook: Napoleon's greatest VICTORY. Cover: December 2 1805 Moravian plateau. Napoleon defeated larger Russian-Austrian army. Called Battle of the Three Emperors. Masterpiece of tactical warfare. Cemented Napoleon's dominance of Europe. Tone: dramatic, fast-paced, documentary style. 9:16 vertical.",December 2 1805 Moravian plateau | Napoleon defeated larger Russian-Austrian army | Called Battle of the Three Emperors | Masterpiece of tactical warfare | Cemented Napoleon's dominance of Europe,https://upload.wikimedia.org/wikipedia/commons/1/1e/Napoleon_Austerlitz.jpg,#Austerlitz #Napoleon #MilitaryHistory #HistoryTok,His masterpiece. Europe trembled. #Austerlitz #Napoleon #MilitaryHistory #HistoryTok
236,Battle of Borodino,Bloodiest day in RUSSIA.,"Create a 30-second vertical history short about Battle of Borodino. Hook: Bloodiest day in RUSSIA. Cover: September 7 1812 Napoleon's invasion of Russia. Bloodiest single day of Napoleonic Wars. Estimated 70,000 casualties in one day. Both sides claimed victory. Pyrrhic victory before Moscow burned. Tone: dramatic, fast-paced, documentary style. 9:16 vertical.","September 7 1812 Napoleon's invasion of Russia | Bloodiest single day of Napoleonic Wars | Estimated 70,000 casualties in one day | Both sides claimed victory | Pyrrhic victory before Moscow burned",https://upload.wikimedia.org/wikipedia/commons/4/4e/Battle_of_Borodino.jpg,#Borodino #Napoleon #Russia #HistoryTok,"70,000 casualties. One day. Moscow burned anyway. #Borodino #Napoleon #Russia #HistoryTok"
237,War of 1812 Burning of Washington,Library of Congress BURNED.,"Create a 30-second vertical history short about War of 1812 Burning of Washington. Hook: Library of Congress BURNED. Cover: British troops captured Washington August 1814. Burned White House Capitol and Library of Congress. First Lady Dolley Madison saved Washington portrait. Retaliated for US burning York Canada. Storm ended burning saved much of city. Tone: dramatic, fast-paced, documentary style. 9:16 vertical.",British troops captured Washington August 1814 | Burned White House Capitol and Library of Congress | First Lady Dolley Madison saved Washington portrait | Retaliated for US burning York Canada | Storm ended burning saved much of city,https://upload.wikimedia.org/wikipedia/commons/4/4e/Burning_of_Washington_1814.jpg,#WarOf1812 #Washington #AmericanHistory #HistoryTok,They burned the capital. America rebuilt. #WarOf1812 #Washington #AmericanHistory #HistoryTok
238,First Battle of Bull Run,Picnic watchers RAN.,"Create a 30-second vertical history short about First Battle of Bull Run. Hook: Picnic watchers RAN. Cover: First major battle of Civil War July 1861. Confederate victory shocked Union. Civilians picnicked watching expected easy win. Ran in panic when battle turned. Both sides realized war would be long and bloody. Tone: dramatic, fast-paced, documentary style. 9:16 vertical.",First major battle of Civil War July 1861 | Confederate victory shocked Union | Civilians picnicked watching expected easy win | Ran in panic when battle turned | Both sides realized war would be long and bloody,https://upload.wikimedia.org/wikipedia/commons/4/4e/First_Bull_Run.jpg,#BullRun #CivilWar #AmericanHistory #HistoryTok,They came to picnic. They ran screaming. #BullRun #CivilWar #AmericanHistory #HistoryTok
239,Sherman's March to the Sea,Total WAR. Georgia burned.,"Create a 30-second vertical history short about Sherman's March to the Sea. Hook: Total WAR. Georgia burned. Cover: Union General Sherman marched November-December 1864. 60-mile wide path of destruction to Savannah. Total war strategy destroyed infrastructure. Aimed to break Confederate will to fight. Controversial but effective. Tone: dramatic, fast-paced, documentary style. 9:16 vertical.",Union General Sherman marched November-December 1864 | 60-mile wide path of destruction to Savannah | Total war strategy destroyed infrastructure | Aimed to break Confederate will to fight | Controversial but effective,https://upload.wikimedia.org/wikipedia/commons/4/4e/Shermans_March.jpg,#Sherman #CivilWar #TotalWar #HistoryTok,60 miles wide. Everything burned. #Sherman #CivilWar #TotalWar #HistoryTok
240,Battle of Little Bighorn,Custer's last STAND.,"Create a 30-second vertical history short about Battle of Little Bighorn. Hook: Custer's last STAND. Cover: June 25-26 1876 Montana Territory. Lakota and Cheyenne defeated Custer's 7th Cavalry. Custer and all 210 men killed. Greatest Native American victory over US Army. Led to intensified campaigns against Plains tribes. Tone: dramatic, fast-paced, documentary style. 9:16 vertical.",June 25-26 1876 Montana Territory | Lakota and Cheyenne defeated Custer's 7th Cavalry | Custer and all 210 men killed | Greatest Native American victory over US Army | Led to intensified campaigns against Plains tribes,https://upload.wikimedia.org/wikipedia/commons/4/4e/Little_Bighorn_battlefield.jpg,#LittleBighorn #NativeAmerican #AmericanHistory #HistoryTok,Custer's last stand. Native victory. #LittleBighorn #NativeAmerican #AmericanHistory #HistoryTok
241,Wounded Knee Massacre,300 killed. Ghost Dance ENDED.,"Create a 30-second vertical history short about Wounded Knee Massacre. Hook: 300 killed. Ghost Dance ENDED. Cover: December 29 1890 South Dakota. US cavalry killed 300 Lakota men women children. Last major conflict of Indian Wars. Occurred during Ghost Dance religious movement. Medals of Honor awarded to soldiers later questioned. Tone: dramatic, fast-paced, documentary style. 9:16 vertical.",December 29 1890 South Dakota | US cavalry killed 300 Lakota men women children | Last major conflict of Indian Wars | Occurred during Ghost Dance religious movement | Medals of Honor awarded to soldiers later questioned,https://upload.wikimedia.org/wikipedia/commons/4/4e/Wounded_Knee_massacre.jpg,#WoundedKnee #NativeAmerican #AmericanHistory #HistoryMatters,300 unarmed. One massacre. Shame. #WoundedKnee #NativeAmerican #AmericanHistory #HistoryMatters
242,Chernobyl Disaster,"One mistake. 4,000 square miles POISONED.","Create a 30-second vertical history short about Chernobyl Disaster. Hook: One mistake. 4,000 square miles POISONED. Cover: Reactor 4 exploded April 26 1986 Ukraine. Worst nuclear disaster in history. Exclusion zone still uninhabitable today. Firefighters died of radiation within weeks. Changed nuclear safety worldwide. Tone: dramatic, fast-paced, documentary style. 9:16 vertical.",Reactor 4 exploded April 26 1986 Ukraine | Worst nuclear disaster in history | Exclusion zone still uninhabitable today | Firefighters died of radiation within weeks | Changed nuclear safety worldwide,https://upload.wikimedia.org/wikipedia/commons/4/4e/Chernobyl_Nuclear_Power_Plant.jpg,#Chernobyl #NuclearDisaster #Ukraine #HistoryTok,One mistake. A zone poisoned forever. #Chernobyl #NuclearDisaster #Ukraine #HistoryTok
243,Fukushima Nuclear Disaster,A wave. Three meltdowns.,"Create a 30-second vertical history short about Fukushima Nuclear Disaster. Hook: A wave. Three meltdowns. Cover: March 11 2011 tsunami hit Fukushima Daiichi. Three reactors melted down. 160,000 people evacuated permanently. Worst nuclear disaster since Chernobyl. Japan still dealing with contaminated water. Tone: dramatic, fast-paced, documentary style. 9:16 vertical.","March 11 2011 tsunami hit Fukushima Daiichi | Three reactors melted down | 160,000 people evacuated permanently | Worst nuclear disaster since Chernobyl | Japan still dealing with contaminated water",https://upload.wikimedia.org/wikipedia/commons/4/4e/Fukushima_Daiichi_Nuclear_Power_Plant.jpg,#Fukushima #NuclearDisaster #Japan #HistoryTok,A tsunami. Three meltdowns. A nation changed. #Fukushima #NuclearDisaster #Japan #HistoryTok
244,Bhopal Gas Tragedy,"Midnight. 3,000 DEAD in hours.","Create a 30-second vertical history short about Bhopal Gas Tragedy. Hook: Midnight. 3,000 DEAD in hours. Cover: Union Carbide pesticide plant leaked December 1984. Methyl isocyanate gas killed 3,000 instantly. Estimated 15,000-20,000 total deaths. Worst industrial disaster in history. Site still contaminated decades later. Tone: dramatic, fast-paced, documentary style. 9:16 vertical.","Union Carbide pesticide plant leaked December 1984 | Methyl isocyanate gas killed 3,000 instantly | Estimated 15,000-20,000 total deaths | Worst industrial disaster in history | Site still contaminated decades later",https://upload.wikimedia.org/wikipedia/commons/4/4e/Bhopal_memorial.jpg,#Bhopal #IndustrialDisaster #India #HistoryTok,"3,000 dead in one night. Corporate crime. #Bhopal #IndustrialDisaster #India #HistoryTok"
245,Hindenburg Disaster,Oh the HUMANITY.,"Create a 30-second vertical history short about Hindenburg Disaster. Hook: Oh the HUMANITY. Cover: German airship exploded May 6 1937 New Jersey. 36 of 97 aboard died. Herbert Morrison's radio cry immortalized. Ended era of passenger airship travel. Cause still debated hydrogen or sabotage. Tone: dramatic, fast-paced, documentary style. 9:16 vertical.",German airship exploded May 6 1937 New Jersey | 36 of 97 aboard died | Herbert Morrison's radio cry immortalized | Ended era of passenger airship travel | Cause still debated hydrogen or sabotage,https://upload.wikimedia.org/wikipedia/commons/4/4e/Hindenburg_disaster.jpg,#Hindenburg #AviationDisaster #1937 #HistoryTok,Oh the humanity. Airship era ended. #Hindenburg #AviationDisaster #1937 #HistoryTok
246,Challenger Space Shuttle,73 seconds. School children WATCHED.,"Create a 30-second vertical history short about Challenger Space Shuttle. Hook: 73 seconds. School children WATCHED. Cover: Exploded January 28 1986 killing all 7 crew. Millions watched live including schoolchildren. Teacher Christa McAuliffe was aboard. O-ring failure in cold weather caused disaster. Shuttle program paused 32 months. Tone: dramatic, fast-paced, documentary style. 9:16 vertical.",Exploded January 28 1986 killing all 7 crew | Millions watched live including schoolchildren | Teacher Christa McAuliffe was aboard | O-ring failure in cold weather caused disaster | Shuttle program paused 32 months,https://upload.wikimedia.org/wikipedia/commons/4/4e/Challenger_explosion.jpg,#Challenger #SpaceDisaster #NASA #HistoryTok,73 seconds. Children watched. America wept. #Challenger #SpaceDisaster #NASA #HistoryTok
247,Columbia Space Shuttle,Foam. 7 DEAD.,"Create a 30-second vertical history short about Columbia Space Shuttle. Hook: Foam. 7 DEAD. Cover: Disintegrated on reentry February 1 2003. All 7 crew killed including first Israeli astronaut. Foam strike damaged wing during launch. NASA knew of damage but underestimated risk. End of space shuttle program accelerated. Tone: dramatic, fast-paced, documentary style. 9:16 vertical.",Disintegrated on reentry February 1 2003 | All 7 crew killed including first Israeli astronaut | Foam strike damaged wing during launch | NASA knew of damage but underestimated risk | End of space shuttle program accelerated,https://upload.wikimedia.org/wikipedia/commons/4/4e/Space_Shuttle_Columbia_launch.jpg,#Columbia #SpaceDisaster #NASA #HistoryTok,A piece of foam. Seven lives. #Columbia #SpaceDisaster #NASA #HistoryTok
248,San Francisco Earthquake 1906,3 minutes. City on FIRE.,"Create a 30-second vertical history short about San Francisco Earthquake 1906. Hook: 3 minutes. City on FIRE. Cover: Magnitude 7.9 earthquake April 18 1906. Fires burned for three days after quake. Estimated 3,000 deaths 80 percent of city destroyed. Army dynamited buildings to stop fire spread. Led to modern earthquake building codes. Tone: dramatic, fast-paced, documentary style. 9:16 vertical.","Magnitude 7.9 earthquake April 18 1906 | Fires burned for three days after quake | Estimated 3,000 deaths 80 percent of city destroyed | Army dynamited buildings to stop fire spread | Led to modern earthquake building codes",https://upload.wikimedia.org/wikipedia/commons/4/4e/1906_San_Francisco_earthquake.jpg,#SanFrancisco #Earthquake #Disaster #HistoryTok,Three minutes. Three days of fire. #SanFrancisco #Earthquake #Disaster #HistoryTok
249,Great Lisbon Earthquake,"Church on a HOLY day. 60,000 dead.","Create a 30-second vertical history short about Great Lisbon Earthquake. Hook: Church on a HOLY day. 60,000 dead. Cover: November 1 1755 All Saints Day magnitude 8.5-9. Tsunami followed earthquake. Estimated 60,000-100,000 deaths. Philosophers questioned God's role Voltaire wrote Candide. Rebuilt city with first earthquake-resistant design. Tone: dramatic, fast-paced, documentary style. 9:16 vertical.","November 1 1755 All Saints Day magnitude 8.5-9 | Tsunami followed earthquake | Estimated 60,000-100,000 deaths | Philosophers questioned God's role Voltaire wrote Candide | Rebuilt city with first earthquake-resistant design",https://upload.wikimedia.org/wikipedia/commons/4/4e/1755_Lisbon_earthquake.jpg,#Lisbon #Earthquake #Disaster #HistoryTok,Church full on holy day. Earth shook. #Lisbon #Earthquake #Disaster #HistoryTok
250,Tunguska Event,600 miles of forest FLATTENED.,"Create a 30-second vertical history short about Tunguska Event. Hook: 600 miles of forest FLATTENED. Cover: Massive explosion June 30 1908 Siberia. Flattened 800 square miles of forest. Estimated 1,000 times Hiroshima blast power. No crater found likely airburst meteor. Largest impact event in recorded history. Tone: dramatic, fast-paced, documentary style. 9:16 vertical.","Massive explosion June 30 1908 Siberia | Flattened 800 square miles of forest | Estimated 1,000 times Hiroshima blast power | No crater found likely airburst meteor | Largest impact event in recorded history",https://upload.wikimedia.org/wikipedia/commons/4/4e/Tunguska_Effect.jpg,#Tunguska #Meteor #WeirdHistory #HistoryTok,600 miles of forest. No crater. What hit? #Tunguska #Meteor #WeirdHistory #HistoryTok
251,Triangle Shirtwaist Fire,146 workers. Doors LOCKED.,"Create a 30-second vertical history short about Triangle Shirtwaist Fire. Hook: 146 workers. Doors LOCKED. Cover: Factory fire March 25 1911 New York City. 146 garment workers mostly young women died. Exit doors locked to prevent theft. Jumped from windows to escape flames. Sparked labor reform and fire safety laws. Tone: dramatic, fast-paced, documentary style. 9:16 vertical.",Factory fire March 25 1911 New York City | 146 garment workers mostly young women died | Exit doors locked to prevent theft | Jumped from windows to escape flames | Sparked labor reform and fire safety laws,https://upload.wikimedia.org/wikipedia/commons/4/4e/Triangle_Shirtwaist_Factory_fire.jpg,#TriangleFire #LaborHistory #NewYork #HistoryMatters,146 dead. Doors locked. Reform followed. #TriangleFire #LaborHistory #NewYork #HistoryMatters
252,Halifax Explosion,Biggest man-made blast BEFORE nukes.,"Create a 30-second vertical history short about Halifax Explosion. Hook: Biggest man-made blast BEFORE nukes. Cover: December 6 1917 Halifax Nova Scotia. Ship collision ignited munitions cargo. Largest man-made explosion before atomic age. Estimated 2,000 killed 9,000 injured. Boston sent immediate medical aid. Tone: dramatic, fast-paced, documentary style. 9:16 vertical.","December 6 1917 Halifax Nova Scotia | Ship collision ignited munitions cargo | Largest man-made explosion before atomic age | Estimated 2,000 killed 9,000 injured | Boston sent immediate medical aid",https://upload.wikimedia.org/wikipedia/commons/4/4e/Halifax_Explosion.jpg,#Halifax #Explosion #Canada #HistoryTok,Biggest blast before the bomb. #Halifax #Explosion #Canada #HistoryTok
253,Spanish Flu Pandemic,50 million dead. Forgotten PANDEMIC.,"Create a 30-second vertical history short about Spanish Flu Pandemic. Hook: 50 million dead. Forgotten PANDEMIC. Cover: 1918-1920 killed estimated 50-100 million worldwide. More deadly than WWI which it overlapped. Killed healthy young adults unusually. No vaccine no effective treatment. Origin still debated Kansas China or elsewhere. Tone: dramatic, fast-paced, documentary style. 9:16 vertical.",1918-1920 killed estimated 50-100 million worldwide | More deadly than WWI which it overlapped | Killed healthy young adults unusually | No vaccine no effective treatment | Origin still debated Kansas China or elsewhere,https://upload.wikimedia.org/wikipedia/commons/4/4e/Spanish_flu_hospital.jpg,#SpanishFlu #Pandemic #1918 #HistoryTok,50 million dead. History forgot. #SpanishFlu #Pandemic #1918 #HistoryTok
254,AIDS Crisis,Silent epidemic. Millions DEAD.,"Create a 30-second vertical history short about AIDS Crisis. Hook: Silent epidemic. Millions DEAD. Cover: First identified 1981 among gay men in US. Killed estimated 40 million worldwide. Initial government response was shamefully slow. ACT UP activists forced change. Transformative antiretroviral drugs arrived 1996. Tone: dramatic, fast-paced, documentary style. 9:16 vertical.",First identified 1981 among gay men in US | Killed estimated 40 million worldwide | Initial government response was shamefully slow | ACT UP activists forced change | Transformative antiretroviral drugs arrived 1996,https://upload.wikimedia.org/wikipedia/commons/4/4e/AIDS_memorial_quilt.jpg,#AIDS #PublicHealth #LGBTQHistory #HistoryMatters,40 million dead. Silence killed. #AIDS #PublicHealth #LGBTQHistory #HistoryMatters
255,COVID-19 Pandemic,One virus. World STOPPED.,"Create a 30-second vertical history short about COVID-19 Pandemic. Hook: One virus. World STOPPED. Cover: Declared pandemic March 2020. Killed over 7 million officially worldwide. Lockdowns closed schools businesses borders. Fastest vaccine development in history. Changed work travel and society permanently. Tone: dramatic, fast-paced, documentary style. 9:16 vertical.",Declared pandemic March 2020 | Killed over 7 million officially worldwide | Lockdowns closed schools businesses borders | Fastest vaccine development in history | Changed work travel and society permanently,https://upload.wikimedia.org/wikipedia/commons/4/4e/COVID-19_pandemic_map.svg,#COVID19 #Pandemic #ModernHistory #HistoryTok,One virus. The world stopped. #COVID19 #Pandemic #ModernHistory #HistoryTok
256,2004 Indian Ocean Tsunami,"Boxing Day. 230,000 DEAD.","Create a 30-second vertical history short about 2004 Indian Ocean Tsunami. Hook: Boxing Day. 230,000 DEAD. Cover: December 26 2004 magnitude 9.1 earthquake. Tsunami hit 14 countries across Indian Ocean. Estimated 230,000 killed. No warning system existed in region. Led to global tsunami warning network. Tone: dramatic, fast-paced, documentary style. 9:16 vertical.","December 26 2004 magnitude 9.1 earthquake | Tsunami hit 14 countries across Indian Ocean | Estimated 230,000 killed | No warning system existed in region | Led to global tsunami warning network",https://upload.wikimedia.org/wikipedia/commons/4/4e/2004_Indian_Ocean_earthquake.jpg,#Tsunami #Disaster #Asia #HistoryTok,"Boxing Day. 230,000 dead. No warning. #Tsunami #Disaster #Asia #HistoryTok"
257,Exxon Valdez Oil Spill,11 million gallons. Coast RUINED.,"Create a 30-second vertical history short about Exxon Valdez Oil Spill. Hook: 11 million gallons. Coast RUINED. Cover: Tanker ran aground March 24 1989 Alaska. Spilled 11 million gallons of crude oil. Coated 1,300 miles of coastline. Wildlife devastated for decades. Changed oil shipping regulations. Tone: dramatic, fast-paced, documentary style. 9:16 vertical.","Tanker ran aground March 24 1989 Alaska | Spilled 11 million gallons of crude oil | Coated 1,300 miles of coastline | Wildlife devastated for decades | Changed oil shipping regulations",https://upload.wikimedia.org/wikipedia/commons/4/4e/Exxon_Valdez_oil_spill.jpg,#ExxonValdez #Environment #Disaster #HistoryTok,11 million gallons. Coast destroyed. #ExxonValdez #Environment #Disaster #HistoryTok
258,Deepwater Horizon,87 days. Gulf POISONED.,"Create a 30-second vertical history short about Deepwater Horizon. Hook: 87 days. Gulf POISONED. Cover: Oil rig exploded April 20 2010 Gulf of Mexico. 11 workers killed. Spilled 4.9 million barrels over 87 days. Worst marine oil spill in US history. BP paid $65 billion in settlements. Tone: dramatic, fast-paced, documentary style. 9:16 vertical.",Oil rig exploded April 20 2010 Gulf of Mexico | 11 workers killed | Spilled 4.9 million barrels over 87 days | Worst marine oil spill in US history | BP paid $65 billion in settlements,https://upload.wikimedia.org/wikipedia/commons/4/4e/Deepwater_Horizon_offshore_drilling_unit_on_fire.jpg,#DeepwaterHorizon #Environment #Disaster #HistoryTok,87 days of oil. Gulf poisoned. #DeepwaterHorizon #Environment #Disaster #HistoryTok
259,Great Chicago Fire,3 days. City REBUILT.,"Create a 30-second vertical history short about Great Chicago Fire. Hook: 3 days. City REBUILT. Cover: Burned October 8-10 1871. Killed approximately 300 destroyed 17,000 buildings. Legend blames Mrs. O'Leary's cow likely false. Chicago rebuilt with steel skyscrapers. Led to modern fire codes and building standards. Tone: dramatic, fast-paced, documentary style. 9:16 vertical.","Burned October 8-10 1871 | Killed approximately 300 destroyed 17,000 buildings | Legend blames Mrs. O'Leary's cow likely false | Chicago rebuilt with steel skyscrapers | Led to modern fire codes and building standards",https://upload.wikimedia.org/wikipedia/commons/4/4e/Chicago_fire_1871.jpg,#ChicagoFire #Disaster #AmericanHistory #HistoryTok,Burned to ash. Rebuilt in steel. #ChicagoFire #Disaster #AmericanHistory #HistoryTok
260,Johnstown Flood,"2,209 dead. Dam FAILED.","Create a 30-second vertical history short about Johnstown Flood. Hook: 2,209 dead. Dam FAILED. Cover: May 31 1889 Pennsylvania. Dam burst after heavy rains. 20 million tons of water hit town. 2,209 people killed. Wealthy club members owned failed dam. Tone: dramatic, fast-paced, documentary style. 9:16 vertical.","May 31 1889 Pennsylvania | Dam burst after heavy rains | 20 million tons of water hit town | 2,209 people killed | Wealthy club members owned failed dam",https://upload.wikimedia.org/wikipedia/commons/4/4e/Johnstown_Flood.jpg,#JohnstownFlood #Disaster #AmericanHistory #HistoryTok,Rich men's dam. Poor town drowned. #JohnstownFlood #Disaster #AmericanHistory #HistoryTok
261,Galveston Hurricane 1900,Deadliest US natural DISASTER.,"Create a 30-second vertical history short about Galveston Hurricane 1900. Hook: Deadliest US natural DISASTER. Cover: September 8 1900 Category 4 hurricane. Estimated 6,000-12,000 killed. Entire island city devastated. Led to construction of seawall. Deadliest natural disaster in US history. Tone: dramatic, fast-paced, documentary style. 9:16 vertical.","September 8 1900 Category 4 hurricane | Estimated 6,000-12,000 killed | Entire island city devastated | Led to construction of seawall | Deadliest natural disaster in US history",https://upload.wikimedia.org/wikipedia/commons/4/4e/Galveston_hurricane_1900.jpg,#Galveston #Hurricane #Disaster #HistoryTok,"12,000 dead. America's deadliest disaster. #Galveston #Hurricane #Disaster #HistoryTok"
262,Mount St Helens Eruption,57 dead. Mountain GONE.,"Create a 30-second vertical history short about Mount St Helens Eruption. Hook: 57 dead. Mountain GONE. Cover: Erupted May 18 1980 Washington State. 57 people killed including scientist David Johnston. Top 1,300 feet of mountain blown off. Ash cloud circled Earth. Most destructive volcanic eruption in US history. Tone: dramatic, fast-paced, documentary style. 9:16 vertical.","Erupted May 18 1980 Washington State | 57 people killed including scientist David Johnston | Top 1,300 feet of mountain blown off | Ash cloud circled Earth | Most destructive volcanic eruption in US history",https://upload.wikimedia.org/wikipedia/commons/4/4e/Mount_St_Helens_05-18-1980.jpg,#MountStHelens #Volcano #Disaster #HistoryTok,The top of a mountain. Gone. #MountStHelens #Volcano #Disaster #HistoryTok
263,Krakatoa Eruption,Loudest sound in HISTORY.,"Create a 30-second vertical history short about Krakatoa Eruption. Hook: Loudest sound in HISTORY. Cover: Erupted August 1883 Indonesia. Heard 3,000 miles away loudest recorded sound. Tsunami killed 36,000. Global temperatures dropped for years. Created new island Anak Krakatau. Tone: dramatic, fast-paced, documentary style. 9:16 vertical.","Erupted August 1883 Indonesia | Heard 3,000 miles away loudest recorded sound | Tsunami killed 36,000 | Global temperatures dropped for years | Created new island Anak Krakatau",https://upload.wikimedia.org/wikipedia/commons/4/4e/Krakatoa_eruption_1883.jpg,#Krakatoa #Volcano #Disaster #HistoryTok,"Heard 3,000 miles away. Loudest ever. #Krakatoa #Volcano #Disaster #HistoryTok"
264,Great Molasses Flood,15 feet of MOLASSES.,"Create a 30-second vertical history short about Great Molasses Flood. Hook: 15 feet of MOLASSES. Cover: January 15 1919 Boston. Storage tank burst releasing 2.3 million gallons. Wave 15 feet high 35 mph through streets. 21 killed 150 injured. Sticky cleanup took months. Tone: dramatic, fast-paced, documentary style. 9:16 vertical.",January 15 1919 Boston | Storage tank burst releasing 2.3 million gallons | Wave 15 feet high 35 mph through streets | 21 killed 150 injured | Sticky cleanup took months,https://upload.wikimedia.org/wikipedia/commons/4/4e/Molasses_disaster.jpg,#MolassesFlood #WeirdHistory #Boston #HistoryTok,15 feet of molasses. 21 dead. Boston. #MolassesFlood #WeirdHistory #Boston #HistoryTok
265,Great Smog of London,"5 days. 12,000 DEAD.","Create a 30-second vertical history short about Great Smog of London. Hook: 5 days. 12,000 DEAD. Cover: December 1952 coal smoke trapped over London. Visibility dropped to a few feet. Estimated 12,000 died from respiratory failure. Led to Clean Air Act 1956. Changed environmental policy worldwide. Tone: dramatic, fast-paced, documentary style. 9:16 vertical.","December 1952 coal smoke trapped over London | Visibility dropped to a few feet | Estimated 12,000 died from respiratory failure | Led to Clean Air Act 1956 | Changed environmental policy worldwide",https://upload.wikimedia.org/wikipedia/commons/4/4e/Great_Smog_of_London.jpg,#LondonSmog #Environment #Disaster #HistoryTok,"Five days of smog. 12,000 dead. #LondonSmog #Environment #Disaster #HistoryTok"
266,Three Mile Island,America's closest nuclear SCARE.,"Create a 30-second vertical history short about Three Mile Island. Hook: America's closest nuclear SCARE. Cover: Partial meltdown March 28 1979 Pennsylvania. No deaths but public trust shattered. Released small amount of radiation. Led to stricter nuclear regulations. Ended US nuclear plant construction for decades. Tone: dramatic, fast-paced, documentary style. 9:16 vertical.",Partial meltdown March 28 1979 Pennsylvania | No deaths but public trust shattered | Released small amount of radiation | Led to stricter nuclear regulations | Ended US nuclear plant construction for decades,https://upload.wikimedia.org/wikipedia/commons/4/4e/Three_Mile_Island_Nuclear_Generating_Station.jpg,#ThreeMileIsland #NuclearDisaster #AmericanHistory #HistoryTok,No deaths. But nuclear fear forever. #ThreeMileIsland #NuclearDisaster #AmericanHistory #HistoryTok
267,Discovery of DNA Structure,Double helix. Life DECODED.,"Create a 30-second vertical history short about Discovery of DNA Structure. Hook: Double helix. Life DECODED. Cover: Watson and Crick published model April 1953. Rosalind Franklin's X-ray image was crucial. Explained how genetic information is stored. Foundation of modern genetics and biotech. Franklin died before Nobel Prize awarded. Tone: dramatic, fast-paced, documentary style. 9:16 vertical.",Watson and Crick published model April 1953 | Rosalind Franklin's X-ray image was crucial | Explained how genetic information is stored | Foundation of modern genetics and biotech | Franklin died before Nobel Prize awarded,https://upload.wikimedia.org/wikipedia/commons/4/4e/DNA_Structure%2BKey%2BLabelled.pn_NoBB.png,#DNA #ScienceHistory #Genetics #HistoryTok,One shape. All of life explained. #DNA #ScienceHistory #Genetics #HistoryTok
268,Polio Vaccine,One doctor. Millions SAVED.,"Create a 30-second vertical history short about Polio Vaccine. Hook: One doctor. Millions SAVED. Cover: Jonas Salk developed vaccine 1955. Tested on himself family and volunteers. Refused to patent called owned by people. Polio cases dropped 99 percent. Salk became national hero overnight. Tone: dramatic, fast-paced, documentary style. 9:16 vertical.",Jonas Salk developed vaccine 1955 | Tested on himself family and volunteers | Refused to patent called owned by people | Polio cases dropped 99 percent | Salk became national hero overnight,https://upload.wikimedia.org/wikipedia/commons/4/4e/Jonas_Salk.jpg,#PolioVaccine #MedicalHistory #Science #HistoryTok,He refused to patent it. Saved millions. #PolioVaccine #MedicalHistory #Science #HistoryTok
269,First Heart Transplant,One heart. New LIFE.,"Create a 30-second vertical history short about First Heart Transplant. Hook: One heart. New LIFE. Cover: Christiaan Barnard performed first December 1967. Patient Louis Washkansky lived 18 days. Opened era of organ transplantation. Ethical debates erupted worldwide. Today thousands of transplants yearly. Tone: dramatic, fast-paced, documentary style. 9:16 vertical.",Christiaan Barnard performed first December 1967 | Patient Louis Washkansky lived 18 days | Opened era of organ transplantation | Ethical debates erupted worldwide | Today thousands of transplants yearly,https://upload.wikimedia.org/wikipedia/commons/4/4e/Christiaan_Barnard.jpg,#HeartTransplant #MedicalHistory #Science #HistoryTok,One heart. One surgeon. Medicine changed. #HeartTransplant #MedicalHistory #Science #HistoryTok
270,First IVF Baby,Test tube BABY. World changed.,"Create a 30-second vertical history short about First IVF Baby. Hook: Test tube BABY. World changed. Cover: Louise Brown born July 25 1978 England. First human conceived via in vitro fertilization. Parents had tried 9 years to conceive. Ethical firestorm followed birth. Millions of IVF babies born since. Tone: dramatic, fast-paced, documentary style. 9:16 vertical.",Louise Brown born July 25 1978 England | First human conceived via in vitro fertilization | Parents had tried 9 years to conceive | Ethical firestorm followed birth | Millions of IVF babies born since,https://upload.wikimedia.org/wikipedia/commons/4/4e/Louise_Brown.jpg,#IVF #MedicalHistory #Science #HistoryTok,Test tube baby. Millions followed. #IVF #MedicalHistory #Science #HistoryTok
271,Human Genome Project,3 billion letters. MAPPED.,"Create a 30-second vertical history short about Human Genome Project. Hook: 3 billion letters. MAPPED. Cover: Completed 2003 mapped entire human DNA. 13-year international collaboration. Cost $2.7 billion. Opened era of personalized medicine. Raised privacy and ethics questions. Tone: dramatic, fast-paced, documentary style. 9:16 vertical.",Completed 2003 mapped entire human DNA | 13-year international collaboration | Cost $2.7 billion | Opened era of personalized medicine | Raised privacy and ethics questions,https://upload.wikimedia.org/wikipedia/commons/4/4e/Human_genome_project_sequencing_summary.jpg,#GenomeProject #Genetics #ScienceHistory #HistoryTok,3 billion letters. All of you mapped. #GenomeProject #Genetics #ScienceHistory #HistoryTok
272,Discovery of X-Rays,She saw her own BONES.,"Create a 30-second vertical history short about Discovery of X-Rays. Hook: She saw her own BONES. Cover: Wilhelm Roentgen discovered November 1895. First medical X-ray was his wife's hand. She said I have seen my death. Revolutionized medical diagnosis. Won first Nobel Prize in Physics 1901. Tone: dramatic, fast-paced, documentary style. 9:16 vertical.",Wilhelm Roentgen discovered November 1895 | First medical X-ray was his wife's hand | She said I have seen my death | Revolutionized medical diagnosis | Won first Nobel Prize in Physics 1901,https://upload.wikimedia.org/wikipedia/commons/4/4e/First_medical_X-ray_by_Wilhelm_R%C3%B6ntgen_of_his_wife_Anna_Bertha_Ludwig%27s_hand.jpg,#XRays #MedicalHistory #Science #DidYouKnow,She saw her bones. Medicine changed forever. #XRays #MedicalHistory #Science #DidYouKnow
273,Smallpox Eradication,Only disease we BEAT.,"Create a 30-second vertical history short about Smallpox Eradication. Hook: Only disease we BEAT. Cover: WHO declared eradicated 1980. Only human disease ever eliminated globally. Edward Jenner created vaccine 1796. Mass vaccination campaigns worldwide. Last natural case 1977 Somalia. Tone: dramatic, fast-paced, documentary style. 9:16 vertical.",WHO declared eradicated 1980 | Only human disease ever eliminated globally | Edward Jenner created vaccine 1796 | Mass vaccination campaigns worldwide | Last natural case 1977 Somalia,https://upload.wikimedia.org/wikipedia/commons/4/4e/Smallpox_vaccine.jpg,#Smallpox #Vaccines #MedicalHistory #HistoryTok,One disease. Eradicated. Forever. #Smallpox #Vaccines #MedicalHistory #HistoryTok
274,Einstein's Theory of Relativity,E equals mc SQUARED.,"Create a 30-second vertical history short about Einstein's Theory of Relativity. Hook: E equals mc SQUARED. Cover: Special relativity 1905 general relativity 1915. Revolutionized physics and cosmology. Proved time and space are relative. Led to nuclear energy and GPS technology. Einstein became global celebrity. Tone: dramatic, fast-paced, documentary style. 9:16 vertical.",Special relativity 1905 general relativity 1915 | Revolutionized physics and cosmology | Proved time and space are relative | Led to nuclear energy and GPS technology | Einstein became global celebrity,https://upload.wikimedia.org/wikipedia/commons/4/4e/Albert_Einstein_Head.jpg,#Einstein #Physics #ScienceHistory #HistoryTok,One equation. Universe rewritten. #Einstein #Physics #ScienceHistory #HistoryTok
275,Discovery of Penicillin's Mass Production,From mold to MILLIONS.,"Create a 30-second vertical history short about Discovery of Penicillin's Mass Production. Hook: From mold to MILLIONS. Cover: Howard Florey and Ernst Chain mass-produced 1940s. Built on Fleming's 1928 discovery. Saved countless lives in WWII. Launched antibiotic era. Nobel Prize 1945 shared with Fleming. Tone: dramatic, fast-paced, documentary style. 9:16 vertical.",Howard Florey and Ernst Chain mass-produced 1940s | Built on Fleming's 1928 discovery | Saved countless lives in WWII | Launched antibiotic era | Nobel Prize 1945 shared with Fleming,https://upload.wikimedia.org/wikipedia/commons/b/bf/Alexander_Fleming_in_his_lab.jpg,#Antibiotics #MedicalHistory #WW2 #HistoryTok,Mold to medicine. Millions saved. #Antibiotics #MedicalHistory #WW2 #HistoryTok
276,First Antibiotic Resistant Bacteria,We created SUPERBUGS.,"Create a 30-second vertical history short about First Antibiotic Resistant Bacteria. Hook: We created SUPERBUGS. Cover: Penicillin-resistant bacteria found 1940s. Overuse of antibiotics created superbugs. MRSA and other resistant strains spread. WHO calls it global health crisis. Post-antibiotic era feared. Tone: dramatic, fast-paced, documentary style. 9:16 vertical.",Penicillin-resistant bacteria found 1940s | Overuse of antibiotics created superbugs | MRSA and other resistant strains spread | WHO calls it global health crisis | Post-antibiotic era feared,https://upload.wikimedia.org/wikipedia/commons/4/4e/MRSA.jpg,#Superbugs #MedicalHistory #PublicHealth #HistoryTok,We beat bacteria. They adapted. #Superbugs #MedicalHistory #PublicHealth #HistoryTok
277,Discovery of Insulin,Diabetes was a DEATH sentence.,"Create a 30-second vertical history short about Discovery of Insulin. Hook: Diabetes was a DEATH sentence. Cover: Banting and Best isolated insulin 1921. First patient treated 1922 13-year-old boy. Before insulin diabetes meant slow death. Nobel Prize 1923. Saved millions of diabetics worldwide. Tone: dramatic, fast-paced, documentary style. 9:16 vertical.",Banting and Best isolated insulin 1921 | First patient treated 1922 13-year-old boy | Before insulin diabetes meant slow death | Nobel Prize 1923 | Saved millions of diabetics worldwide,https://upload.wikimedia.org/wikipedia/commons/4/4e/Frederick_Banting.jpg,#Insulin #MedicalHistory #Science #HistoryTok,Before this diabetes meant death. #Insulin #MedicalHistory #Science #HistoryTok
278,First Anesthesia,Pain-free SURGERY.,"Create a 30-second vertical history short about First Anesthesia. Hook: Pain-free SURGERY. Cover: Ether demonstrated publicly 1846 Massachusetts. William Morton performed at Massachusetts General. Before this surgery meant being held down. Revolutionized medicine overnight. Changed surgery from torture to treatment. Tone: dramatic, fast-paced, documentary style. 9:16 vertical.",Ether demonstrated publicly 1846 Massachusetts | William Morton performed at Massachusetts General | Before this surgery meant being held down | Revolutionized medicine overnight | Changed surgery from torture to treatment,https://upload.wikimedia.org/wikipedia/commons/4/4e/Ether_fountain.jpg,#Anesthesia #MedicalHistory #Science #HistoryTok,Before this surgery was torture. #Anesthesia #MedicalHistory #Science #HistoryTok
279,Germ Theory of Disease,Invisible killers EXPOSED.,"Create a 30-second vertical history short about Germ Theory of Disease. Hook: Invisible killers EXPOSED. Cover: Louis Pasteur proved germs cause disease 1860s. Before this miasma and bad air blamed. Led to sterilization and vaccines. Joseph Lister pioneered antiseptic surgery. Saved more lives than any theory in history. Tone: dramatic, fast-paced, documentary style. 9:16 vertical.",Louis Pasteur proved germs cause disease 1860s | Before this miasma and bad air blamed | Led to sterilization and vaccines | Joseph Lister pioneered antiseptic surgery | Saved more lives than any theory in history,https://upload.wikimedia.org/wikipedia/commons/4/4e/Louis_Pasteur.jpg,#GermTheory #MedicalHistory #Science #HistoryTok,Invisible killers. Finally seen. #GermTheory #MedicalHistory #Science #HistoryTok
280,Discovery of Pluto,Ninth planet. Then NOT.,"Create a 30-second vertical history short about Discovery of Pluto. Hook: Ninth planet. Then NOT. Cover: Clyde Tombaugh discovered 1930. Named by 11-year-old Venetia Burney. Demoted to dwarf planet 2006. New Horizons flew by 2015. Still debated among astronomers. Tone: dramatic, fast-paced, documentary style. 9:16 vertical.",Clyde Tombaugh discovered 1930 | Named by 11-year-old Venetia Burney | Demoted to dwarf planet 2006 | New Horizons flew by 2015 | Still debated among astronomers,https://upload.wikimedia.org/wikipedia/commons/4/4e/Pluto_in_True_Color_-_High-Res.jpg,#Pluto #Astronomy #ScienceHistory #HistoryTok,Planet for 76 years. Then demoted. #Pluto #Astronomy #ScienceHistory #HistoryTok
281,Hubble Space Telescope,Universe REVEALED.,"Create a 30-second vertical history short about Hubble Space Telescope. Hook: Universe REVEALED. Cover: Launched April 24 1990. Initial mirror flaw fixed by astronauts 1993. Captured deepest images of universe. Determined age of universe 13.8 billion years. Named for astronomer Edwin Hubble. Tone: dramatic, fast-paced, documentary style. 9:16 vertical.",Launched April 24 1990 | Initial mirror flaw fixed by astronauts 1993 | Captured deepest images of universe | Determined age of universe 13.8 billion years | Named for astronomer Edwin Hubble,https://upload.wikimedia.org/wikipedia/commons/4/4e/Hubble_Space_Telescope.jpg,#Hubble #Space #Astronomy #HistoryTok,One telescope. Universe revealed. #Hubble #Space #Astronomy #HistoryTok
282,Apollo 11 Moon Landing,One small step. GIANT leap.,"Create a 30-second vertical history short about Apollo 11 Moon Landing. Hook: One small step. GIANT leap. Cover: Neil Armstrong walked Moon July 20 1969. Buzz Aldrin joined him on surface. 600 million people watched live. Fulfilled Kennedy's 1961 challenge. Only 12 humans have walked the Moon. Tone: dramatic, fast-paced, documentary style. 9:16 vertical.",Neil Armstrong walked Moon July 20 1969 | Buzz Aldrin joined him on surface | 600 million people watched live | Fulfilled Kennedy's 1961 challenge | Only 12 humans have walked the Moon,https://upload.wikimedia.org/wikipedia/commons/9/98/AldrinApollo11Original.jpg,#MoonLanding #SpaceRace #NASA #HistoryTok,One small step. Humanity changed. #MoonLanding #SpaceRace #NASA #HistoryTok
283,First Human in Space,108 minutes. Earth SHRANK.,"Create a 30-second vertical history short about First Human in Space. Hook: 108 minutes. Earth SHRANK. Cover: Yuri Gagarin orbited Earth April 12 1961. Soviet Vostok 1 mission 108 minutes. First human to leave Earth's atmosphere. Became global hero in Soviet Union. International Day of Human Space Flight commemorates. Tone: dramatic, fast-paced, documentary style. 9:16 vertical.",Yuri Gagarin orbited Earth April 12 1961 | Soviet Vostok 1 mission 108 minutes | First human to leave Earth's atmosphere | Became global hero in Soviet Union | International Day of Human Space Flight commemorates,https://upload.wikimedia.org/wikipedia/commons/4/4e/Yuri_Gagarin.jpg,#Gagarin #SpaceRace #ColdWar #HistoryTok,108 minutes. Earth never looked the same. #Gagarin #SpaceRace #ColdWar #HistoryTok
284,Apollo 13 Crisis,"Houston, we have a PROBLEM.","Create a 30-second vertical history short about Apollo 13 Crisis. Hook: Houston, we have a PROBLEM. Cover: Oxygen tank exploded April 1970 en route to Moon. Three astronauts stranded 200,000 miles away. Mission Control improvised CO2 filter fix. Safe splashdown April 17 1970. Failure turned into NASA's finest hour. Tone: dramatic, fast-paced, documentary style. 9:16 vertical.","Oxygen tank exploded April 1970 en route to Moon | Three astronauts stranded 200,000 miles away | Mission Control improvised CO2 filter fix | Safe splashdown April 17 1970 | Failure turned into NASA's finest hour",https://upload.wikimedia.org/wikipedia/commons/4/4e/Apollo_13_crew.jpg,#Apollo13 #NASA #Space #HistoryTok,"200,000 miles from home. They made it. #Apollo13 #NASA #Space #HistoryTok"
285,Sputnik Launch,Beep beep. America PANICKED.,"Create a 30-second vertical history short about Sputnik Launch. Hook: Beep beep. America PANICKED. Cover: Soviet Union launched first satellite October 4 1957. Beeping radio signal heard worldwide. Started Space Race and Sputnik crisis. US accelerated science education programs. Size of beach ball changed world forever. Tone: dramatic, fast-paced, documentary style. 9:16 vertical.",Soviet Union launched first satellite October 4 1957 | Beeping radio signal heard worldwide | Started Space Race and Sputnik crisis | US accelerated science education programs | Size of beach ball changed world forever,https://upload.wikimedia.org/wikipedia/commons/4/4e/Sputnik_1_satellite_replica.jpg,#Sputnik #SpaceRace #ColdWar #HistoryTok,Beep beep. America panicked. #Sputnik #SpaceRace #ColdWar #HistoryTok
286,Manhattan Project,Secret city. Atomic AGE.,"Create a 30-second vertical history short about Manhattan Project. Hook: Secret city. Atomic AGE. Cover: US developed atomic bomb 1942-1945. Los Alamos New Mexico secret laboratory. 130,000 people involved largest secret project ever. Trinity test July 16 1945 first nuclear explosion. Changed warfare and world forever. Tone: dramatic, fast-paced, documentary style. 9:16 vertical.","US developed atomic bomb 1942-1945 | Los Alamos New Mexico secret laboratory | 130,000 people involved largest secret project ever | Trinity test July 16 1945 first nuclear explosion | Changed warfare and world forever",https://upload.wikimedia.org/wikipedia/commons/4/4e/Trinity_Detonation_T%26B.jpg,#ManhattanProject #NuclearHistory #WW2 #HistoryTok,Secret city. Atomic age born. #ManhattanProject #NuclearHistory #WW2 #HistoryTok
287,Discovery of Radiation,She died for SCIENCE.,"Create a 30-second vertical history short about Discovery of Radiation. Hook: She died for SCIENCE. Cover: Marie Curie discovered radium and polonium. First woman to win Nobel Prize 1903. Only person to win Nobel in two sciences. Died from radiation exposure 1934. Paved way for nuclear medicine and physics. Tone: dramatic, fast-paced, documentary style. 9:16 vertical.",Marie Curie discovered radium and polonium | First woman to win Nobel Prize 1903 | Only person to win Nobel in two sciences | Died from radiation exposure 1934 | Paved way for nuclear medicine and physics,https://upload.wikimedia.org/wikipedia/commons/4/4e/Marie_Curie_c1920.jpg,#MarieCurie #ScienceHistory #Radiation #HistoryTok,She discovered radiation. It killed her. #MarieCurie #ScienceHistory #Radiation #HistoryTok
288,First Periodic Table,Elements ORGANIZED.,"Create a 30-second vertical history short about First Periodic Table. Hook: Elements ORGANIZED. Cover: Mendeleev published periodic table 1869. Predicted undiscovered elements by gaps. Organized by atomic weight and properties. Foundation of all modern chemistry. Predictions proved correct when elements found. Tone: dramatic, fast-paced, documentary style. 9:16 vertical.",Mendeleev published periodic table 1869 | Predicted undiscovered elements by gaps | Organized by atomic weight and properties | Foundation of all modern chemistry | Predictions proved correct when elements found,https://upload.wikimedia.org/wikipedia/commons/4/4e/Mendeleev%27s_periodic_table.jpg,#PeriodicTable #Chemistry #ScienceHistory #HistoryTok,He predicted elements that didn't exist yet. #PeriodicTable #Chemistry #ScienceHistory #HistoryTok
289,CRISPR Gene Editing,Cut and paste LIFE.,"Create a 30-second vertical history short about CRISPR Gene Editing. Hook: Cut and paste LIFE. Cover: Doudna and Charpentier developed CRISPR-Cas9 2012. Allows precise editing of DNA. Nobel Prize Chemistry 2020. Potential to cure genetic diseases. Ethical debates over designer babies. Tone: dramatic, fast-paced, documentary style. 9:16 vertical.",Doudna and Charpentier developed CRISPR-Cas9 2012 | Allows precise editing of DNA | Nobel Prize Chemistry 2020 | Potential to cure genetic diseases | Ethical debates over designer babies,https://upload.wikimedia.org/wikipedia/commons/4/4e/CRISPR-Cas9_mechanism.png,#CRISPR #Genetics #ScienceHistory #HistoryTok,Cut and paste DNA. Ethics tremble. #CRISPR #Genetics #ScienceHistory #HistoryTok
290,Higgs Boson Discovery,God particle FOUND.,"Create a 30-second vertical history short about Higgs Boson Discovery. Hook: God particle FOUND. Cover: Discovered July 2012 at CERN Large Hadron Collider. Confirms Standard Model of particle physics. Peter Higgs predicted it 1964. Called God particle by media not scientists. Cost $13 billion to find. Tone: dramatic, fast-paced, documentary style. 9:16 vertical.",Discovered July 2012 at CERN Large Hadron Collider | Confirms Standard Model of particle physics | Peter Higgs predicted it 1964 | Called God particle by media not scientists | Cost $13 billion to find,https://upload.wikimedia.org/wikipedia/commons/4/4e/LHC_CERN.jpg,#HiggsBoson #Physics #ScienceHistory #HistoryTok,$13 billion to find one particle. #HiggsBoson #Physics #ScienceHistory #HistoryTok
291,Green Revolution,Famine PREVENTED. Billions fed.,"Create a 30-second vertical history short about Green Revolution. Hook: Famine PREVENTED. Billions fed. Cover: Norman Borlaug developed high-yield wheat 1960s. Prevented mass famine in India and Pakistan. Nobel Peace Prize 1970. Saved estimated 1 billion lives. Also increased pesticide and water use. Tone: dramatic, fast-paced, documentary style. 9:16 vertical.",Norman Borlaug developed high-yield wheat 1960s | Prevented mass famine in India and Pakistan | Nobel Peace Prize 1970 | Saved estimated 1 billion lives | Also increased pesticide and water use,https://upload.wikimedia.org/wikipedia/commons/4/4e/Norman_Borlaug.jpg,#GreenRevolution #Agriculture #ScienceHistory #HistoryTok,One scientist. One billion lives saved. #GreenRevolution #Agriculture #ScienceHistory #HistoryTok
292,Invention of the Telephone,"Mr. Watson, come HERE.","Create a 30-second vertical history short about Invention of the Telephone. Hook: Mr. Watson, come HERE. Cover: Alexander Graham Bell patented 1876. First words transmitted March 10 1876. Competing claim from Elisha Gray same day. Changed communication forever. From novelty to essential in decades. Tone: dramatic, fast-paced, documentary style. 9:16 vertical.",Alexander Graham Bell patented 1876 | First words transmitted March 10 1876 | Competing claim from Elisha Gray same day | Changed communication forever | From novelty to essential in decades,https://upload.wikimedia.org/wikipedia/commons/4/4e/Alexander_Graham_Bell.jpg,#Telephone #Invention #TechHistory #HistoryTok,Mr. Watson come here. Everything changed. #Telephone #Invention #TechHistory #HistoryTok
293,Invention of the Light Bulb,Darkness CONQUERED.,"Create a 30-second vertical history short about Invention of the Light Bulb. Hook: Darkness CONQUERED. Cover: Edison perfected practical bulb 1879. Tested thousands of filaments. First public demonstration December 1879. Extended productive hours into night. Electrified the modern world. Tone: dramatic, fast-paced, documentary style. 9:16 vertical.",Edison perfected practical bulb 1879 | Tested thousands of filaments | First public demonstration December 1879 | Extended productive hours into night | Electrified the modern world,https://upload.wikimedia.org/wikipedia/commons/4/4e/Edison_bulb.jpg,#LightBulb #Edison #Invention #HistoryTok,One bulb. Night conquered. #LightBulb #Edison #Invention #HistoryTok
294,Model T Ford,A car for EVERYONE.,"Create a 30-second vertical history short about Model T Ford. Hook: A car for EVERYONE. Cover: Henry Ford launched 1908. Assembly line dropped price to $260 by 1924. First affordable car for average Americans. 15 million sold by 1927. Transformed society and suburbs. Tone: dramatic, fast-paced, documentary style. 9:16 vertical.",Henry Ford launched 1908 | Assembly line dropped price to $260 by 1924 | First affordable car for average Americans | 15 million sold by 1927 | Transformed society and suburbs,https://upload.wikimedia.org/wikipedia/commons/4/4e/1910_Ford_Model_T.jpg,#ModelT #Ford #AutomotiveHistory #HistoryTok,A car for everyone. America on wheels. #ModelT #Ford #AutomotiveHistory #HistoryTok
295,First Transatlantic Flight,33 hours. Ocean CONQUERED.,"Create a 30-second vertical history short about First Transatlantic Flight. Hook: 33 hours. Ocean CONQUERED. Cover: Charles Lindbergh flew May 20-21 1927. Solo nonstop New York to Paris. Spirit of St Louis custom-built plane. 33.5 hours without sleep. Instant global celebrity. Tone: dramatic, fast-paced, documentary style. 9:16 vertical.",Charles Lindbergh flew May 20-21 1927 | Solo nonstop New York to Paris | Spirit of St Louis custom-built plane | 33.5 hours without sleep | Instant global celebrity,https://upload.wikimedia.org/wikipedia/commons/4/4e/Charles_Lindbergh_and_the_Spirit_of_St._Louis.jpg,#Lindbergh #AviationHistory #Exploration #HistoryTok,33 hours alone over the ocean. #Lindbergh #AviationHistory #Exploration #HistoryTok
296,Concorde Supersonic Jet,"Mach 2. Champagne at 60,000 FEET.","Create a 30-second vertical history short about Concorde Supersonic Jet. Hook: Mach 2. Champagne at 60,000 FEET. Cover: First supersonic passenger jet entered service 1976. New York to London in 3.5 hours. Flew at twice the speed of sound. Retired 2003 after crash and economics. Never replaced in commercial aviation. Tone: dramatic, fast-paced, documentary style. 9:16 vertical.",First supersonic passenger jet entered service 1976 | New York to London in 3.5 hours | Flew at twice the speed of sound | Retired 2003 after crash and economics | Never replaced in commercial aviation,https://upload.wikimedia.org/wikipedia/commons/4/4e/Concorde_on_approach_to_JFK.jpg,#Concorde #AviationHistory #TechHistory #HistoryTok,Twice the speed of sound. Then gone. #Concorde #AviationHistory #TechHistory #HistoryTok
297,Hoover Dam,Concrete mountain. Desert POWERED.,"Create a 30-second vertical history short about Hoover Dam. Hook: Concrete mountain. Desert POWERED. Cover: Completed 1936 on Colorado River. 5 million barrels of cement used. Created Lake Mead largest US reservoir. Powered Las Vegas and California growth. Depression-era engineering marvel. Tone: dramatic, fast-paced, documentary style. 9:16 vertical.",Completed 1936 on Colorado River | 5 million barrels of cement used | Created Lake Mead largest US reservoir | Powered Las Vegas and California growth | Depression-era engineering marvel,https://upload.wikimedia.org/wikipedia/commons/4/4e/Hoover_Dam.jpg,#HooverDam #Engineering #AmericanHistory #HistoryTok,5 million barrels of cement. Desert powered. #HooverDam #Engineering #AmericanHistory #HistoryTok
298,Golden Gate Bridge,Suicide bridge. Icon BUILT.,"Create a 30-second vertical history short about Golden Gate Bridge. Hook: Suicide bridge. Icon BUILT. Cover: Opened May 27 1937 San Francisco. Longest suspension bridge span at time. International orange color chosen for visibility. Over 1,700 suicides since opening. Symbol of American engineering. Tone: dramatic, fast-paced, documentary style. 9:16 vertical.","Opened May 27 1937 San Francisco | Longest suspension bridge span at time | International orange color chosen for visibility | Over 1,700 suicides since opening | Symbol of American engineering",https://upload.wikimedia.org/wikipedia/commons/4/4e/Golden_Gate_Bridge.jpg,#GoldenGate #Engineering #SanFrancisco #HistoryTok,Beautiful. Deadly. Iconic. #GoldenGate #Engineering #SanFrancisco #HistoryTok
299,Channel Tunnel,31 miles UNDER the sea.,"Create a 30-second vertical history short about Channel Tunnel. Hook: 31 miles UNDER the sea. Cover: Opened 1994 connecting UK and France. Longest undersea tunnel in world. Took 6 years and $15 billion. Three tunnels two for trains one service. Britain physically connected to Europe. Tone: dramatic, fast-paced, documentary style. 9:16 vertical.",Opened 1994 connecting UK and France | Longest undersea tunnel in world | Took 6 years and $15 billion | Three tunnels two for trains one service | Britain physically connected to Europe,https://upload.wikimedia.org/wikipedia/commons/4/4e/Channel_Tunnel_northern_entrance.jpg,#ChannelTunnel #Engineering #Europe #HistoryTok,31 miles under the sea. Two nations linked. #ChannelTunnel #Engineering #Europe #HistoryTok
300,ENIAC First Computer,30 tons. One CALCULATION.,"Create a 30-second vertical history short about ENIAC First Computer. Hook: 30 tons. One CALCULATION. Cover: Electronic Numerical Integrator completed 1945. Weighed 30 tons filled entire room. Used 18,000 vacuum tubes. Built to calculate artillery trajectories. Birth of electronic computing. Tone: dramatic, fast-paced, documentary style. 9:16 vertical.","Electronic Numerical Integrator completed 1945 | Weighed 30 tons filled entire room | Used 18,000 vacuum tubes | Built to calculate artillery trajectories | Birth of electronic computing",https://upload.wikimedia.org/wikipedia/commons/4/4e/ENIAC_Penn1.jpg,#ENIAC #ComputerHistory #TechHistory #HistoryTok,30 tons. One room. Computing born. #ENIAC #ComputerHistory #TechHistory #HistoryTok
301,First Email Sent,QWERTYUIOP. History MADE.,"Create a 30-second vertical history short about First Email Sent. Hook: QWERTYUIOP. History MADE. Cover: Ray Tomlinson sent first email 1971. First message was QWERTYUIOP test. Chose @ symbol for addressing. Changed communication forever. Billions of emails sent daily now. Tone: dramatic, fast-paced, documentary style. 9:16 vertical.",Ray Tomlinson sent first email 1971 | First message was QWERTYUIOP test | Chose @ symbol for addressing | Changed communication forever | Billions of emails sent daily now,https://upload.wikimedia.org/wikipedia/commons/4/4e/Ray_Tomlinson.jpg,#Email #TechHistory #InternetHistory #DidYouKnow,QWERTYUIOP. First email ever. #Email #TechHistory #InternetHistory #DidYouKnow
302,Y2K Panic,Midnight. Planes DIDN'T fall.,"Create a 30-second vertical history short about Y2K Panic. Hook: Midnight. Planes DIDN'T fall. Cover: Fear computers would fail January 1 2000. Billions spent fixing date code worldwide. Some hoarded food and supplies. Midnight passed with minimal problems. Biggest non-disaster in tech history. Tone: dramatic, fast-paced, documentary style. 9:16 vertical.",Fear computers would fail January 1 2000 | Billions spent fixing date code worldwide | Some hoarded food and supplies | Midnight passed with minimal problems | Biggest non-disaster in tech history,https://upload.wikimedia.org/wikipedia/commons/4/4e/Y2K_logo.svg,#Y2K #TechHistory #2000s #HistoryTok,Billions spent. Nothing happened. #Y2K #TechHistory #2000s #HistoryTok
303,iPhone Launch,One phone. World REWIRED.,"Create a 30-second vertical history short about iPhone Launch. Hook: One phone. World REWIRED. Cover: Steve Jobs unveiled January 9 2007. Combined phone iPod and internet device. Revolutionized mobile computing. App economy created trillions in value. Changed how humans interact daily. Tone: dramatic, fast-paced, documentary style. 9:16 vertical.",Steve Jobs unveiled January 9 2007 | Combined phone iPod and internet device | Revolutionized mobile computing | App economy created trillions in value | Changed how humans interact daily,https://upload.wikimedia.org/wikipedia/commons/4/4e/IPhone_1st_Gen.svg,#iPhone #Apple #TechHistory #HistoryTok,One phone. Everything changed. #iPhone #Apple #TechHistory #HistoryTok
304,Tesla and AC Power,Current WARS.,"Create a 30-second vertical history short about Tesla and AC Power. Hook: Current WARS. Cover: Nikola Tesla pioneered alternating current. Edison promoted dangerous direct current. Tesla won War of Currents. AC powers modern electrical grid. Tesla died penniless despite genius. Tone: dramatic, fast-paced, documentary style. 9:16 vertical.",Nikola Tesla pioneered alternating current | Edison promoted dangerous direct current | Tesla won War of Currents | AC powers modern electrical grid | Tesla died penniless despite genius,https://upload.wikimedia.org/wikipedia/commons/4/4e/Tesla_circa_1890.jpeg,#Tesla #Electricity #Invention #HistoryTok,He powered the world. Died broke. #Tesla #Electricity #Invention #HistoryTok
305,Invention of Radio,Voices through the AIR.,"Create a 30-second vertical history short about Invention of Radio. Hook: Voices through the AIR. Cover: Marconi sent first transatlantic signal 1901. Guglielmo Marconi won Nobel Prize 1909. Radio broadcasting began 1920s. Connected world before television. Revolutionized news and entertainment. Tone: dramatic, fast-paced, documentary style. 9:16 vertical.",Marconi sent first transatlantic signal 1901 | Guglielmo Marconi won Nobel Prize 1909 | Radio broadcasting began 1920s | Connected world before television | Revolutionized news and entertainment,https://upload.wikimedia.org/wikipedia/commons/4/4e/Guglielmo_Marconi.jpg,#Radio #Invention #TechHistory #HistoryTok,Voices through the air. World connected. #Radio #Invention #TechHistory #HistoryTok
306,First Television Broadcast,Fuzzy pictures. World WATCHED.,"Create a 30-second vertical history short about First Television Broadcast. Hook: Fuzzy pictures. World WATCHED. Cover: BBC first regular TV service 1936. Early sets cost fortune showed blurry images. World War II paused development. Postwar TV transformed society and politics. Kennedy-Nixon debate proved TV power 1960. Tone: dramatic, fast-paced, documentary style. 9:16 vertical.",BBC first regular TV service 1936 | Early sets cost fortune showed blurry images | World War II paused development | Postwar TV transformed society and politics | Kennedy-Nixon debate proved TV power 1960,https://upload.wikimedia.org/wikipedia/commons/4/4e/John_Logie_Baird_in_1926.jpg,#Television #TechHistory #Broadcasting #HistoryTok,Fuzzy pictures. Society transformed. #Television #TechHistory #Broadcasting #HistoryTok
307,First Photograph Ever,8 hours. One BLUR.,"Create a 30-second vertical history short about First Photograph Ever. Hook: 8 hours. One BLUR. Cover: Joseph Nicephore Niepce 1826-1827. Required 8-hour exposure. View from his window in France. Called heliograph. Birth of photography. Tone: dramatic, fast-paced, documentary style. 9:16 vertical.",Joseph Nicephore Niepce 1826-1827 | Required 8-hour exposure | View from his window in France | Called heliograph | Birth of photography,https://upload.wikimedia.org/wikipedia/commons/4/4e/Oldest_photo.jpg,#Photography #Invention #ArtHistory #DidYouKnow,8 hours of light. One blurry photo. #Photography #Invention #ArtHistory #DidYouKnow
308,First Motion Picture,Horse RUNNING.,"Create a 30-second vertical history short about First Motion Picture. Hook: Horse RUNNING. Cover: Eadweard Muybridge 1878 galloping horse. Proved all four hooves leave ground. Series of photographs created animation. Birth of cinema. Settled bet between businessmen. Tone: dramatic, fast-paced, documentary style. 9:16 vertical.",Eadweard Muybridge 1878 galloping horse | Proved all four hooves leave ground | Series of photographs created animation | Birth of cinema | Settled bet between businessmen,https://upload.wikimedia.org/wikipedia/commons/4/4e/Muybridge_Horse_in_Motion.jpg,#Cinema #Photography #Invention #HistoryTok,A bet. A horse. Movies born. #Cinema #Photography #Invention #HistoryTok
309,Assembly Line Revolution,93 minutes. One CAR.,"Create a 30-second vertical history short about Assembly Line Revolution. Hook: 93 minutes. One CAR. Cover: Henry Ford's moving assembly line 1913. Model T production time dropped to 93 minutes. Workers stood in one place as cars moved. Created modern mass production. Transformed manufacturing worldwide. Tone: dramatic, fast-paced, documentary style. 9:16 vertical.",Henry Ford's moving assembly line 1913 | Model T production time dropped to 93 minutes | Workers stood in one place as cars moved | Created modern mass production | Transformed manufacturing worldwide,https://upload.wikimedia.org/wikipedia/commons/4/4e/Ford_assembly_line_1913.jpg,#AssemblyLine #Ford #IndustrialHistory #HistoryTok,93 minutes. One car. Industry transformed. #AssemblyLine #Ford #IndustrialHistory #HistoryTok
310,Transatlantic Telegraph Cable,Messages in MINUTES not weeks.,"Create a 30-second vertical history short about Transatlantic Telegraph Cable. Hook: Messages in MINUTES not weeks. Cover: First successful cable 1866. Connected Europe and North America. Queen Victoria messaged President Buchanan. Collapsed distance between continents. Failed attempts cost fortunes and lives. Tone: dramatic, fast-paced, documentary style. 9:16 vertical.",First successful cable 1866 | Connected Europe and North America | Queen Victoria messaged President Buchanan | Collapsed distance between continents | Failed attempts cost fortunes and lives,https://upload.wikimedia.org/wikipedia/commons/4/4e/Transatlantic_cable.jpg,#Telegraph #Invention #Communication #HistoryTok,Weeks became minutes. World shrunk. #Telegraph #Invention #Communication #HistoryTok
311,First Personal Computer,Garage to DESKTOP.,"Create a 30-second vertical history short about First Personal Computer. Hook: Garage to DESKTOP. Cover: Altair 8800 released 1975. Bill Gates and Paul Allen wrote BASIC for it. Homebrew Computer Club inspired Jobs and Wozniak. Apple I followed 1976. Started personal computing revolution. Tone: dramatic, fast-paced, documentary style. 9:16 vertical.",Altair 8800 released 1975 | Bill Gates and Paul Allen wrote BASIC for it | Homebrew Computer Club inspired Jobs and Wozniak | Apple I followed 1976 | Started personal computing revolution,https://upload.wikimedia.org/wikipedia/commons/4/4e/Altair_8800_Computer.jpg,#PersonalComputer #TechHistory #SiliconValley #HistoryTok,From garage to every desk. #PersonalComputer #TechHistory #SiliconValley #HistoryTok
312,World Wide Web Launch,One proposal. Everything CONNECTED.,"Create a 30-second vertical history short about World Wide Web Launch. Hook: One proposal. Everything CONNECTED. Cover: Tim Berners-Lee proposed 1989 at CERN. First website went live 1991. Made internet accessible to everyone. Free and open by design. Changed commerce communication and society. Tone: dramatic, fast-paced, documentary style. 9:16 vertical.",Tim Berners-Lee proposed 1989 at CERN | First website went live 1991 | Made internet accessible to everyone | Free and open by design | Changed commerce communication and society,https://upload.wikimedia.org/wikipedia/commons/4/4e/First_Web_Server.jpg,#WorldWideWeb #InternetHistory #TechHistory #HistoryTok,One proposal at CERN. World connected. #WorldWideWeb #InternetHistory #TechHistory #HistoryTok
313,GPS Invention,Satellites know WHERE you are.,"Create a 30-second vertical history short about GPS Invention. Hook: Satellites know WHERE you are. Cover: Developed by US military 1970s. Full constellation operational 1995. Originally military now in every phone. 24 satellites orbit Earth twice daily. Changed navigation warfare and daily life. Tone: dramatic, fast-paced, documentary style. 9:16 vertical.",Developed by US military 1970s | Full constellation operational 1995 | Originally military now in every phone | 24 satellites orbit Earth twice daily | Changed navigation warfare and daily life,https://upload.wikimedia.org/wikipedia/commons/4/4e/GPS_satellite.jpg,#GPS #TechHistory #Navigation #HistoryTok,24 satellites. They know where you are. #GPS #TechHistory #Navigation #HistoryTok
314,Steam Engine Revolution,Steam changed EVERYTHING.,"Create a 30-second vertical history short about Steam Engine Revolution. Hook: Steam changed EVERYTHING. Cover: James Watt improved steam engine 1769. Powered factories ships and trains. Freed industry from water and wind power. Enabled Industrial Revolution. Foundation of modern mechanized world. Tone: dramatic, fast-paced, documentary style. 9:16 vertical.",James Watt improved steam engine 1769 | Powered factories ships and trains | Freed industry from water and wind power | Enabled Industrial Revolution | Foundation of modern mechanized world,https://upload.wikimedia.org/wikipedia/commons/4/4e/Watt_steam_pumping_engine.jpg,#SteamEngine #IndustrialRevolution #Invention #HistoryTok,Steam powered the modern world. #SteamEngine #IndustrialRevolution #Invention #HistoryTok
315,First Skyscraper,10 stories. City went UP.,"Create a 30-second vertical history short about First Skyscraper. Hook: 10 stories. City went UP. Cover: Home Insurance Building Chicago 1885. Steel frame allowed height previously impossible. Only 10 stories but started skyscraper era. Chicago and New York raced upward. Changed urban landscape forever. Tone: dramatic, fast-paced, documentary style. 9:16 vertical.",Home Insurance Building Chicago 1885 | Steel frame allowed height previously impossible | Only 10 stories but started skyscraper era | Chicago and New York raced upward | Changed urban landscape forever,https://upload.wikimedia.org/wikipedia/commons/4/4e/Home_Insurance_Building.jpg,#Skyscraper #Architecture #Chicago #HistoryTok,10 stories. Cities went up forever. #Skyscraper #Architecture #Chicago #HistoryTok
316,First Commercial Jet Flight,Jet age BEGINS.,"Create a 30-second vertical history short about First Commercial Jet Flight. Hook: Jet age BEGINS. Cover: De Havilland Comet first jet airliner 1952. BOAC flew London to Johannesburg. Cut travel times dramatically. Early Comets had fatal design flaws. Boeing 707 perfected jet travel 1958. Tone: dramatic, fast-paced, documentary style. 9:16 vertical.",De Havilland Comet first jet airliner 1952 | BOAC flew London to Johannesburg | Cut travel times dramatically | Early Comets had fatal design flaws | Boeing 707 perfected jet travel 1958,https://upload.wikimedia.org/wikipedia/commons/4/4e/De_Havilland_Comet_1.jpg,#JetAge #AviationHistory #TechHistory #HistoryTok,Jets changed how far humans could go. #JetAge #AviationHistory #TechHistory #HistoryTok
317,First Nuclear Power Plant,Atoms for PEACE.,"Create a 30-second vertical history short about First Nuclear Power Plant. Hook: Atoms for PEACE. Cover: Obninsk USSR 1954 first grid-connected plant. Calder Hall UK 1956 first commercial plant. Promised unlimited clean energy. Chernobyl and Fukushima changed perception. Still provides 10 percent of world electricity. Tone: dramatic, fast-paced, documentary style. 9:16 vertical.",Obninsk USSR 1954 first grid-connected plant | Calder Hall UK 1956 first commercial plant | Promised unlimited clean energy | Chernobyl and Fukushima changed perception | Still provides 10 percent of world electricity,https://upload.wikimedia.org/wikipedia/commons/4/4e/Obninsk_NPP.jpg,#NuclearPower #Energy #TechHistory #HistoryTok,Atoms for peace. Then atoms for fear. #NuclearPower #Energy #TechHistory #HistoryTok
318,MTV Launch,Video killed the radio STAR.,"Create a 30-second vertical history short about MTV Launch. Hook: Video killed the radio STAR. Cover: Launched August 1 1981. First video Video Killed the Radio Star. Revolutionized music marketing. Made stars of directors and VJs. Defined 1980s youth culture. Tone: dramatic, fast-paced, documentary style. 9:16 vertical.",Launched August 1 1981 | First video Video Killed the Radio Star | Revolutionized music marketing | Made stars of directors and VJs | Defined 1980s youth culture,https://upload.wikimedia.org/wikipedia/commons/4/4e/MTV_logo_1981.png,#MTV #MusicHistory #1980s #HistoryTok,Video killed the radio star. Literally. #MTV #MusicHistory #1980s #HistoryTok
319,Al Capone,Public enemy #1. Tax EVASION.,"Create a 30-second vertical history short about Al Capone. Hook: Public enemy #1. Tax EVASION. Cover: Ran Chicago bootlegging empire Prohibition era. St. Valentine's Day Massacre 1929. Convicted on tax evasion not murder 1931. Alcatraz inmate died of syphilis 1947. Symbol of organized crime golden age. Tone: dramatic, fast-paced, documentary style. 9:16 vertical.",Ran Chicago bootlegging empire Prohibition era | St. Valentine's Day Massacre 1929 | Convicted on tax evasion not murder 1931 | Alcatraz inmate died of syphilis 1947 | Symbol of organized crime golden age,https://upload.wikimedia.org/wikipedia/commons/4/4e/Al_Capone_mugshot.jpg,#AlCapone #TrueCrime #Prohibition #HistoryTok,They got him on taxes. Not murder. #AlCapone #TrueCrime #Prohibition #HistoryTok
320,Bonnie and Clyde,Lovers. Outlaws. LEGEND.,"Create a 30-second vertical history short about Bonnie and Clyde. Hook: Lovers. Outlaws. LEGEND. Cover: Robbed banks and killed during Great Depression. Killed in ambush May 23 1934 Louisiana. 50 officers fired 130 rounds into car. Romanticized in film and folklore. Symbol of desperate Depression-era America. Tone: dramatic, fast-paced, documentary style. 9:16 vertical.",Robbed banks and killed during Great Depression | Killed in ambush May 23 1934 Louisiana | 50 officers fired 130 rounds into car | Romanticized in film and folklore | Symbol of desperate Depression-era America,https://upload.wikimedia.org/wikipedia/commons/4/4e/Bonnieclyde.jpg,#BonnieAndClyde #TrueCrime #1930s #HistoryTok,Lovers. Outlaws. 130 bullets. #BonnieAndClyde #TrueCrime #1930s #HistoryTok
321,Zodiac Killer,Ciphers. Zero ARRESTS.,"Create a 30-second vertical history short about Zodiac Killer. Hook: Ciphers. Zero ARRESTS. Cover: Serial killer Northern California 1960s-70s. Sent taunting letters to newspapers. Some ciphers cracked others remain unsolved. Claimed 37 victims confirmed 5. Identity still unknown over 50 years later. Tone: dramatic, fast-paced, documentary style. 9:16 vertical.",Serial killer Northern California 1960s-70s | Sent taunting letters to newspapers | Some ciphers cracked others remain unsolved | Claimed 37 victims confirmed 5 | Identity still unknown over 50 years later,https://upload.wikimedia.org/wikipedia/commons/4/4e/Zodiac_Killer_letter.jpg,#ZodiacKiller #TrueCrime #Unsolved #HistoryTok,Ciphers sent. Zero arrests. Still unknown. #ZodiacKiller #TrueCrime #Unsolved #HistoryTok
322,Unabomber Ted Kaczynski,Manifesto. Cabin in WOODS.,"Create a 30-second vertical history short about Unabomber Ted Kaczynski. Hook: Manifesto. Cabin in WOODS. Cover: Harvard-educated mathematician turned bomber. Mail bombs killed 3 injured 23 over 17 years. Published anti-technology manifesto 1995. Brother David recognized writing and tipped FBI. Captured 1996 living in Montana cabin. Tone: dramatic, fast-paced, documentary style. 9:16 vertical.",Harvard-educated mathematician turned bomber | Mail bombs killed 3 injured 23 over 17 years | Published anti-technology manifesto 1995 | Brother David recognized writing and tipped FBI | Captured 1996 living in Montana cabin,https://upload.wikimedia.org/wikipedia/commons/4/4e/Ted_Kaczynski.jpg,#Unabomber #TrueCrime #Terrorism #HistoryTok,Genius turned bomber. Brother turned him in. #Unabomber #TrueCrime #Terrorism #HistoryTok
323,Lindbergh Baby Kidnapping,Crime of the CENTURY.,"Create a 30-second vertical history short about Lindbergh Baby Kidnapping. Hook: Crime of the CENTURY. Cover: Charles Lindbergh's 20-month-old son kidnapped 1932. Ransom paid baby found dead two months later. Bruno Hauptmann convicted and executed 1936. Trial of century media circus. Led to Federal Kidnapping Act. Tone: dramatic, fast-paced, documentary style. 9:16 vertical.",Charles Lindbergh's 20-month-old son kidnapped 1932 | Ransom paid baby found dead two months later | Bruno Hauptmann convicted and executed 1936 | Trial of century media circus | Led to Federal Kidnapping Act,https://upload.wikimedia.org/wikipedia/commons/4/4e/Charles_Augustus_Lindbergh_Jr.jpg,#Lindbergh #TrueCrime #1930s #HistoryTok,America's hero. Baby stolen. Nation obsessed. #Lindbergh #TrueCrime #1930s #HistoryTok
324,Great Train Robbery 1963,2.6 million pounds. MAIL train.,"Create a 30-second vertical history short about Great Train Robbery 1963. Hook: 2.6 million pounds. MAIL train. Cover: Robbed Royal Mail train August 8 1963 England. Gang stole 2.6 million pounds in cash. Most of money never recovered. Some robbers fled abroad. Became British folk legend. Tone: dramatic, fast-paced, documentary style. 9:16 vertical.",Robbed Royal Mail train August 8 1963 England | Gang stole 2.6 million pounds in cash | Most of money never recovered | Some robbers fled abroad | Became British folk legend,https://upload.wikimedia.org/wikipedia/commons/4/4e/Great_Train_Robbery_1963.jpg,#TrainRobbery #TrueCrime #Britain #HistoryTok,2.6 million pounds. One mail train. #TrainRobbery #TrueCrime #Britain #HistoryTok
325,D.B. Cooper Hijacking,Jumped. VANISHED.,"Create a 30-second vertical history short about D.B. Cooper Hijacking. Hook: Jumped. VANISHED. Cover: Hijacked Boeing 727 November 24 1971. Demanded $200,000 parachuted mid-flight. Never found dead or alive. Only unsolved air piracy in US history. FBI investigated until 2016. Tone: dramatic, fast-paced, documentary style. 9:16 vertical.","Hijacked Boeing 727 November 24 1971 | Demanded $200,000 parachuted mid-flight | Never found dead or alive | Only unsolved air piracy in US history | FBI investigated until 2016",https://upload.wikimedia.org/wikipedia/commons/4/4e/D.B._Cooper_sketch.jpg,#DBCooper #TrueCrime #Unsolved #HistoryTok,"He jumped. $200,000. Gone forever. #DBCooper #TrueCrime #Unsolved #HistoryTok"
326,Boston Strangler,13 women. One KILLER?,"Create a 30-second vertical history short about Boston Strangler. Hook: 13 women. One KILLER? Cover: Murdered 13 women Boston 1962-1964. Albert DeSalvo confessed but evidence weak. Killed by stabbing and strangulation. DeSalvo stabbed to death in prison 1973. True identity still debated. Tone: dramatic, fast-paced, documentary style. 9:16 vertical.",Murdered 13 women Boston 1962-1964 | Albert DeSalvo confessed but evidence weak | Killed by stabbing and strangulation | DeSalvo stabbed to death in prison 1973 | True identity still debated,https://upload.wikimedia.org/wikipedia/commons/4/4e/Albert_DeSalvo.jpg,#BostonStrangler #TrueCrime #SerialKiller #HistoryTok,13 women. One confession. Doubts remain. #BostonStrangler #TrueCrime #SerialKiller #HistoryTok
327,Ted Bundy,Charm. Horror. 30+ DEAD.,"Create a 30-second vertical history short about Ted Bundy. Hook: Charm. Horror. 30+ DEAD. Cover: Handsome law student serial killer 1970s. Confessed to 30 murders possibly more. Escaped custody twice. Executed in Florida electric chair 1989. Challenged assumptions about serial killers. Tone: dramatic, fast-paced, documentary style. 9:16 vertical.",Handsome law student serial killer 1970s | Confessed to 30 murders possibly more | Escaped custody twice | Executed in Florida electric chair 1989 | Challenged assumptions about serial killers,https://upload.wikimedia.org/wikipedia/commons/4/4e/Ted_Bundy_mugshot.jpg,#TedBundy #TrueCrime #SerialKiller #HistoryTok,Charming. Deadly. 30+ victims. #TedBundy #TrueCrime #SerialKiller #HistoryTok
328,Prohibition Era Crime,Speakeasies. Tommy GUNS.,"Create a 30-second vertical history short about Prohibition Era Crime. Hook: Speakeasies. Tommy GUNS. Cover: 18th Amendment banned alcohol 1920-1933. Organized crime flourished bootlegging. Al Capone and Lucky Luciano rose to power. St. Valentine's Day Massacre symbol of violence. Repeal 1933 crime networks stayed. Tone: dramatic, fast-paced, documentary style. 9:16 vertical.",18th Amendment banned alcohol 1920-1933 | Organized crime flourished bootlegging | Al Capone and Lucky Luciano rose to power | St. Valentine's Day Massacre symbol of violence | Repeal 1933 crime networks stayed,https://upload.wikimedia.org/wikipedia/commons/4/4e/Prohibition_agents_destroying_barrels.jpg,#Prohibition #OrganizedCrime #1920s #HistoryTok,Ban booze. Create gangsters. #Prohibition #OrganizedCrime #1920s #HistoryTok
329,Great Train Robbery 1963 Getaway,15 years. One PAROLE.,"Create a 30-second vertical history short about Great Train Robbery 1963 Getaway. Hook: 15 years. One PAROLE. Cover: Most robbers caught within weeks. Some fled to Brazil and Mexico. Ronnie Biggs escaped prison fled to Brazil. Lived as celebrity fugitive decades. Returned to UK voluntarily 2001. Tone: dramatic, fast-paced, documentary style. 9:16 vertical.",Most robbers caught within weeks | Some fled to Brazil and Mexico | Ronnie Biggs escaped prison fled to Brazil | Lived as celebrity fugitive decades | Returned to UK voluntarily 2001,https://upload.wikimedia.org/wikipedia/commons/4/4e/Ronnie_Biggs.jpg,#TrainRobbery #TrueCrime #Britain #HistoryTok,Robbed a train. Became a celebrity. #TrainRobbery #TrueCrime #Britain #HistoryTok
330,Rasputin's Death,Poison. Bullets. DROWNED.,"Create a 30-second vertical history short about Rasputin's Death. Hook: Poison. Bullets. DROWNED. Cover: Russian mystic influenced Tsar Nicholas II. Survived poison bullets and beating. Finally drowned in icy river December 1916. Nobles killed him fearing his influence. Legend says hard to kill. Tone: dramatic, fast-paced, documentary style. 9:16 vertical.",Russian mystic influenced Tsar Nicholas II | Survived poison bullets and beating | Finally drowned in icy river December 1916 | Nobles killed him fearing his influence | Legend says hard to kill,https://upload.wikimedia.org/wikipedia/commons/4/4e/Rasputin_screenshot.jpg,#Rasputin #Russia #WeirdHistory #HistoryTok,Poisoned. Shot. Beaten. Drowned. Still alive? #Rasputin #Russia #WeirdHistory #HistoryTok
331,Assassination of Archduke Franz Ferdinand,One wrong turn. One WORLD war.,"Create a 30-second vertical history short about Assassination of Archduke Franz Ferdinand. Hook: One wrong turn. One WORLD war. Cover: Shot June 28 1914 Sarajevo. Gavrilo Princip ate a sandwich then got lucky. Driver took wrong turn past Princip. Triggered chain reaction into WWI. Black Hand secret society behind plot. Tone: dramatic, fast-paced, documentary style. 9:16 vertical.",Shot June 28 1914 Sarajevo | Gavrilo Princip ate a sandwich then got lucky | Driver took wrong turn past Princip | Triggered chain reaction into WWI | Black Hand secret society behind plot,https://upload.wikimedia.org/wikipedia/commons/4/4e/Gavrilo_Princip_assassinates_Franz_Ferdinand.jpg,#FranzFerdinand #WW1 #Assassination #HistoryTok,Wrong turn. One shot. 20 million dead. #FranzFerdinand #WW1 #Assassination #HistoryTok
332,Lizzie Borden,40 whacks. Acquitted.,"Create a 30-second vertical history short about Lizzie Borden. Hook: 40 whacks. Acquitted. Cover: Ax murders of father and stepmother 1892. Lizzie Borden main suspect acquitted 1893. Nursery rhyme immortalized case. No one else ever charged. Case remains American true crime legend. Tone: dramatic, fast-paced, documentary style. 9:16 vertical.",Ax murders of father and stepmother 1892 | Lizzie Borden main suspect acquitted 1893 | Nursery rhyme immortalized case | No one else ever charged | Case remains American true crime legend,https://upload.wikimedia.org/wikipedia/commons/4/4e/Lizzie_Borden_1890.jpg,#LizzieBorden #TrueCrime #AmericanHistory #HistoryTok,40 whacks. Acquitted. Never solved. #LizzieBorden #TrueCrime #AmericanHistory #HistoryTok
333,Great Emu War,Australia LOST to birds.,"Create a 30-second vertical history short about Great Emu War. Hook: Australia LOST to birds. Cover: 1932 Australian military deployed against emus. Emus destroyed wheat crops in Western Australia. Soldiers with machine guns failed to stop them. Emus scattered and evaded effectively. Australia officially lost a war to birds. Tone: dramatic, fast-paced, documentary style. 9:16 vertical.",1932 Australian military deployed against emus | Emus destroyed wheat crops in Western Australia | Soldiers with machine guns failed to stop them | Emus scattered and evaded effectively | Australia officially lost a war to birds,https://upload.wikimedia.org/wikipedia/commons/4/4e/Emu_war.jpg,#EmuWar #WeirdHistory #Australia #HistoryTok,Australia declared war on emus. Emus won. #EmuWar #WeirdHistory #Australia #HistoryTok
334,Women's Suffrage Movement,Votes. Finally.,"Create a 30-second vertical history short about Women's Suffrage Movement. Hook: Votes. Finally. Cover: Decades of marches petitions and protests. Seneca Falls Convention 1848 launched movement. Emmeline Pankhurst led militant British suffragettes. 19th Amendment US 1920 women got vote. New Zealand first country 1893. Tone: dramatic, fast-paced, documentary style. 9:16 vertical.",Decades of marches petitions and protests | Seneca Falls Convention 1848 launched movement | Emmeline Pankhurst led militant British suffragettes | 19th Amendment US 1920 women got vote | New Zealand first country 1893,https://upload.wikimedia.org/wikipedia/commons/4/4e/Suffragists_Parade_Down_Fifth_Avenue%2C_1917.jpg,#Suffrage #WomensHistory #SocialMovements #HistoryTok,They marched for decades. Votes finally came. #Suffrage #WomensHistory #SocialMovements #HistoryTok
335,Seneca Falls Convention,68 women. 32 men. HISTORY.,"Create a 30-second vertical history short about Seneca Falls Convention. Hook: 68 women. 32 men. HISTORY. Cover: First women's rights convention July 1848. Elizabeth Cady Stanton wrote Declaration of Sentiments. Demanded vote property rights and education. Only one attendee lived to see 19th Amendment. Birth of organized women's rights movement. Tone: dramatic, fast-paced, documentary style. 9:16 vertical.",First women's rights convention July 1848 | Elizabeth Cady Stanton wrote Declaration of Sentiments | Demanded vote property rights and education | Only one attendee lived to see 19th Amendment | Birth of organized women's rights movement,https://upload.wikimedia.org/wikipedia/commons/4/4e/Seneca_Falls_Convention.jpg,#SenecaFalls #WomensHistory #SocialMovements #HistoryTok,68 women. 32 men. Rights demanded. #SenecaFalls #WomensHistory #SocialMovements #HistoryTok
336,Stonewall Riots,Riots that started a MOVEMENT.,"Create a 30-second vertical history short about Stonewall Riots. Hook: Riots that started a MOVEMENT. Cover: NYPD raided Stonewall Inn June 28 1969. Patrons fought back against police harassment. Six days of protests followed. Birth of modern LGBTQ+ rights movement. Pride Month commemorates Stonewall. Tone: dramatic, fast-paced, documentary style. 9:16 vertical.",NYPD raided Stonewall Inn June 28 1969 | Patrons fought back against police harassment | Six days of protests followed | Birth of modern LGBTQ+ rights movement | Pride Month commemorates Stonewall,https://upload.wikimedia.org/wikipedia/commons/4/4e/Stonewall_Inn_1969.jpg,#Stonewall #LGBTQHistory #SocialMovements #HistoryMatters,They fought back. A movement was born. #Stonewall #LGBTQHistory #SocialMovements #HistoryMatters
337,Fall of the Soviet Union,Empire collapsed in 69 HOURS.,"Create a 30-second vertical history short about Fall of the Soviet Union. Hook: Empire collapsed in 69 HOURS. Cover: Gorbachev resigned December 25 1991. Hammer and sickle lowered over Kremlin. 15 republics became independent nations. End of Cold War and communist bloc. Largest empire dissolution of 20th century. Tone: dramatic, fast-paced, documentary style. 9:16 vertical.",Gorbachev resigned December 25 1991 | Hammer and sickle lowered over Kremlin | 15 republics became independent nations | End of Cold War and communist bloc | Largest empire dissolution of 20th century,https://upload.wikimedia.org/wikipedia/commons/4/4e/Dmitry_Donskoy_and_Soviet_flag.jpg,#SovietUnion #ColdWar #1991 #HistoryTok,69 years. Gone in days. #SovietUnion #ColdWar #1991 #HistoryTok
338,Tiananmen Square,Tank man. One IMAGE.,"Create a 30-second vertical history short about Tiananmen Square. Hook: Tank man. One IMAGE. Cover: Student protests spring 1989 Beijing. Military crackdown June 4 killed hundreds to thousands. Tank Man stood before column of tanks. Image became global symbol of resistance. Topic censored in China today. Tone: dramatic, fast-paced, documentary style. 9:16 vertical.",Student protests spring 1989 Beijing | Military crackdown June 4 killed hundreds to thousands | Tank Man stood before column of tanks | Image became global symbol of resistance | Topic censored in China today,https://upload.wikimedia.org/wikipedia/commons/4/4e/Tiananmen_Square_protest.jpg,#Tiananmen #China #SocialMovements #HistoryMatters,One man. One tank. One image forever. #Tiananmen #China #SocialMovements #HistoryMatters
339,Arab Spring,One fruit seller. Region EXPLODED.,"Create a 30-second vertical history short about Arab Spring. Hook: One fruit seller. Region EXPLODED. Cover: Mohamed Bouazizi self-immolated Tunisia December 2010. Protests spread across Middle East and North Africa. Leaders toppled in Tunisia Egypt Libya. Syria descended into civil war. Mixed legacy of hope and chaos. Tone: dramatic, fast-paced, documentary style. 9:16 vertical.",Mohamed Bouazizi self-immolated Tunisia December 2010 | Protests spread across Middle East and North Africa | Leaders toppled in Tunisia Egypt Libya | Syria descended into civil war | Mixed legacy of hope and chaos,https://upload.wikimedia.org/wikipedia/commons/4/4e/Arab_Spring_map.svg,#ArabSpring #MiddleEast #Revolution #HistoryTok,One man burned himself. Region exploded. #ArabSpring #MiddleEast #Revolution #HistoryTok
340,Solidarity Movement Poland,Shipyard workers beat COMMUNISM.,"Create a 30-second vertical history short about Solidarity Movement Poland. Hook: Shipyard workers beat COMMUNISM. Cover: Lech Walesa led Gdansk shipyard strike 1980. First independent labor union in Soviet bloc. Martial law imposed 1981 movement underground. Returned 1989 helped end communism in Poland. Walesa won Nobel Peace Prize 1983. Tone: dramatic, fast-paced, documentary style. 9:16 vertical.",Lech Walesa led Gdansk shipyard strike 1980 | First independent labor union in Soviet bloc | Martial law imposed 1981 movement underground | Returned 1989 helped end communism in Poland | Walesa won Nobel Peace Prize 1983,https://upload.wikimedia.org/wikipedia/commons/4/4e/Lech_Walesa.jpg,#Solidarity #Poland #ColdWar #HistoryTok,Shipyard workers beat an empire. #Solidarity #Poland #ColdWar #HistoryTok
341,Velvet Revolution,Students with KEYS. No blood.,"Create a 30-second vertical history short about Velvet Revolution. Hook: Students with KEYS. No blood. Cover: Czechoslovakia November 1989 peaceful revolution. Students jingled keys symbolizing unlocking freedom. Communist government resigned within weeks. Vaclav Havel playwright became president. Split peacefully into Czech and Slovak republics. Tone: dramatic, fast-paced, documentary style. 9:16 vertical.",Czechoslovakia November 1989 peaceful revolution | Students jingled keys symbolizing unlocking freedom | Communist government resigned within weeks | Vaclav Havel playwright became president | Split peacefully into Czech and Slovak republics,https://upload.wikimedia.org/wikipedia/commons/4/4e/Velvet_Revolution_prague.jpg,#VelvetRevolution #Czechoslovakia #1989 #HistoryTok,Keys jingled. Communism fell. No blood. #VelvetRevolution #Czechoslovakia #1989 #HistoryTok
342,Iranian Revolution 1979,Shah out. Ayatollah IN.,"Create a 30-second vertical history short about Iranian Revolution 1979. Hook: Shah out. Ayatollah IN. Cover: Mass protests overthrew Shah Mohammad Reza Pahlavi. Ayatollah Khomeini returned from exile. Islamic Republic established February 1979. US Embassy hostage crisis followed. Reshaped Middle East for decades. Tone: dramatic, fast-paced, documentary style. 9:16 vertical.",Mass protests overthrew Shah Mohammad Reza Pahlavi | Ayatollah Khomeini returned from exile | Islamic Republic established February 1979 | US Embassy hostage crisis followed | Reshaped Middle East for decades,https://upload.wikimedia.org/wikipedia/commons/4/4e/Iranian_Revolution.jpg,#IranianRevolution #MiddleEast #Revolution #HistoryTok,Shah out. Ayatollah in. Region changed. #IranianRevolution #MiddleEast #Revolution #HistoryTok
343,Labor Movement Haymarket,8-hour day. Bought with BLOOD.,"Create a 30-second vertical history short about Labor Movement Haymarket. Hook: 8-hour day. Bought with BLOOD. Cover: Haymarket Affair Chicago May 4 1886. Bomb thrown at labor rally killed police. Four anarchists executed despite weak evidence. International Workers Day May 1 commemorates. Fought for eight-hour workday. Tone: dramatic, fast-paced, documentary style. 9:16 vertical.",Haymarket Affair Chicago May 4 1886 | Bomb thrown at labor rally killed police | Four anarchists executed despite weak evidence | International Workers Day May 1 commemorates | Fought for eight-hour workday,https://upload.wikimedia.org/wikipedia/commons/4/4e/Haymarket_Affair.jpg,#Haymarket #LaborHistory #SocialMovements #HistoryMatters,Eight-hour day. Bought with blood. #Haymarket #LaborHistory #SocialMovements #HistoryMatters
344,Universal Declaration of Human Rights,30 articles. Every PERSON.,"Create a 30-second vertical history short about Universal Declaration of Human Rights. Hook: 30 articles. Every PERSON. Cover: Adopted UN General Assembly December 10 1948. Eleanor Roosevelt led drafting committee. 30 articles defining fundamental human rights. Response to Holocaust and WWII atrocities. Most translated document in world. Tone: dramatic, fast-paced, documentary style. 9:16 vertical.",Adopted UN General Assembly December 10 1948 | Eleanor Roosevelt led drafting committee | 30 articles defining fundamental human rights | Response to Holocaust and WWII atrocities | Most translated document in world,https://upload.wikimedia.org/wikipedia/commons/4/4e/Eleanor_Roosevelt_UDHR.jpg,#HumanRights #UnitedNations #1948 #HistoryMatters,30 articles. Every human. Non-negotiable. #HumanRights #UnitedNations #1948 #HistoryMatters
345,Nuremberg Trials,Justice for MONSTERS.,"Create a 30-second vertical history short about Nuremberg Trials. Hook: Justice for MONSTERS. Cover: Allied trials of Nazi war criminals 1945-1946. Established crimes against humanity precedent. 12 defendants sentenced to death. Filmed for history and accountability. Foundation of modern international law. Tone: dramatic, fast-paced, documentary style. 9:16 vertical.",Allied trials of Nazi war criminals 1945-1946 | Established crimes against humanity precedent | 12 defendants sentenced to death | Filmed for history and accountability | Foundation of modern international law,https://upload.wikimedia.org/wikipedia/commons/4/4e/Nuremberg_Trials.jpg,#Nuremberg #WW2 #Justice #HistoryMatters,Monsters faced justice. Law was born. #Nuremberg #WW2 #Justice #HistoryMatters
346,Rwandan Genocide,"100 days. 800,000 DEAD.","Create a 30-second vertical history short about Rwandan Genocide. Hook: 100 days. 800,000 DEAD. Cover: Hutu extremists killed Tutsi minority April-July 1994. Estimated 800,000 killed in 100 days. World failed to intervene. Radio broadcasts incited mass murder. Never again broken again. Tone: dramatic, fast-paced, documentary style. 9:16 vertical.","Hutu extremists killed Tutsi minority April-July 1994 | Estimated 800,000 killed in 100 days | World failed to intervene | Radio broadcasts incited mass murder | Never again broken again",https://upload.wikimedia.org/wikipedia/commons/4/4e/Rwandan_Genocide_memorial.jpg,#Rwanda #Genocide #NeverForget #HistoryMatters,"800,000 in 100 days. World watched. #Rwanda #Genocide #NeverForget #HistoryMatters"
347,Armenian Genocide,1.5 million. DENIED still.,"Create a 30-second vertical history short about Armenian Genocide. Hook: 1.5 million. DENIED still. Cover: Ottoman Empire killed 1.5 million Armenians 1915-1923. Mass deportations starvation and massacres. Turkey denies genocide to this day. Recognized by 30+ countries. April 24 commemorated as Remembrance Day. Tone: dramatic, fast-paced, documentary style. 9:16 vertical.",Ottoman Empire killed 1.5 million Armenians 1915-1923 | Mass deportations starvation and massacres | Turkey denies genocide to this day | Recognized by 30+ countries | April 24 commemorated as Remembrance Day,https://upload.wikimedia.org/wikipedia/commons/4/4e/Armenian_Genocide_memorial.jpg,#ArmenianGenocide #NeverForget #WW1 #HistoryMatters,1.5 million dead. Still denied. #ArmenianGenocide #NeverForget #WW1 #HistoryMatters
348,Suffragette Emily Davison,Threw herself under the KING'S horse.,"Create a 30-second vertical history short about Suffragette Emily Davison. Hook: Threw herself under the KING'S horse. Cover: British suffragette militant movement. Emily Davison ran onto Derby track June 1913. Collided with King's horse died four days later. Funeral drew 100,000 mourners. Sacrifice advanced women's suffrage. Tone: dramatic, fast-paced, documentary style. 9:16 vertical.","British suffragette militant movement | Emily Davison ran onto Derby track June 1913 | Collided with King's horse died four days later | Funeral drew 100,000 mourners | Sacrifice advanced women's suffrage",https://upload.wikimedia.org/wikipedia/commons/4/4e/Emily_Davison_derby.jpg,#Suffragette #WomensHistory #Britain #HistoryTok,She died for the vote. #Suffragette #WomensHistory #Britain #HistoryTok
349,Woodstock Festival,"3 days. 400,000 PEACE.","Create a 30-second vertical history short about Woodstock Festival. Hook: 3 days. 400,000 PEACE. Cover: August 15-18 1969 Bethel New York. 400,000 attended rain mud and music. Jimi Hendrix Star-Spangled Banner iconic. Defined 1960s counterculture. No violence despite massive crowd. Tone: dramatic, fast-paced, documentary style. 9:16 vertical.","August 15-18 1969 Bethel New York | 400,000 attended rain mud and music | Jimi Hendrix Star-Spangled Banner iconic | Defined 1960s counterculture | No violence despite massive crowd",https://upload.wikimedia.org/wikipedia/commons/4/4e/Woodstock_redmond.jpg,#Woodstock #1960s #MusicHistory #HistoryTok,"400,000 people. Three days. Peace. #Woodstock #1960s #MusicHistory #HistoryTok"
350,Beatles Invasion,Four lads. America CHANGED.,"Create a 30-second vertical history short about Beatles Invasion. Hook: Four lads. America CHANGED. Cover: Ed Sullivan Show February 9 1964 73 million viewers. British Invasion transformed American music. Beatlemania swept the nation. Changed fashion hair and youth culture. Most influential band in history. Tone: dramatic, fast-paced, documentary style. 9:16 vertical.",Ed Sullivan Show February 9 1964 73 million viewers | British Invasion transformed American music | Beatlemania swept the nation | Changed fashion hair and youth culture | Most influential band in history,https://upload.wikimedia.org/wikipedia/commons/4/4e/The_Fabs.JPG,#Beatles #MusicHistory #1960s #HistoryTok,Four lads from Liverpool. America changed. #Beatles #MusicHistory #1960s #HistoryTok
351,Birth of Hip Hop,Two turntables. One BLOCK.,"Create a 30-second vertical history short about Birth of Hip Hop. Hook: Two turntables. One BLOCK. Cover: Born August 11 1973 Bronx New York. DJ Kool Herc back-to-back breakbeats. Started at sister's back-to-school party. Grew from block parties to global culture. Most influential music movement since rock. Tone: dramatic, fast-paced, documentary style. 9:16 vertical.",Born August 11 1973 Bronx New York | DJ Kool Herc back-to-back breakbeats | Started at sister's back-to-school party | Grew from block parties to global culture | Most influential music movement since rock,https://upload.wikimedia.org/wikipedia/commons/4/4e/DJ_Kool_Herc.jpg,#HipHop #MusicHistory #BlackHistory #HistoryTok,One party in the Bronx. Culture born. #HipHop #MusicHistory #BlackHistory #HistoryTok
352,Hollywood Golden Age,Stars. Studios. DREAMS.,"Create a 30-second vertical history short about Hollywood Golden Age. Hook: Stars. Studios. DREAMS. Cover: 1920s-1960s studio system dominated. MGM Warner Bros Paramount and Fox ruled. Star system created icons like Monroe and Bogart. Hays Code censored content 1934-1968. Defined global image of America. Tone: dramatic, fast-paced, documentary style. 9:16 vertical.",1920s-1960s studio system dominated | MGM Warner Bros Paramount and Fox ruled | Star system created icons like Monroe and Bogart | Hays Code censored content 1934-1968 | Defined global image of America,https://upload.wikimedia.org/wikipedia/commons/4/4e/Hollywood_Sign_%28Zuschnitt%29.jpg,#Hollywood #FilmHistory #GoldenAge #HistoryTok,Studio system. Star dreams. America exported. #Hollywood #FilmHistory #GoldenAge #HistoryTok
353,Ancient Olympic Games,Naked athletes. Olive CROWNS.,"Create a 30-second vertical history short about Ancient Olympic Games. Hook: Naked athletes. Olive CROWNS. Cover: Held Olympia Greece 776 BCE to 393 CE. Athletes competed nude. Truce called across Greece during games. Winners received olive wreath crowns. Banned by Christian emperor Theodosius. Tone: dramatic, fast-paced, documentary style. 9:16 vertical.",Held Olympia Greece 776 BCE to 393 CE | Athletes competed nude | Truce called across Greece during games | Winners received olive wreath crowns | Banned by Christian emperor Theodosius,https://upload.wikimedia.org/wikipedia/commons/4/4e/Olympia_in_Greece.jpg,#Olympics #AncientGreece #SportsHistory #HistoryTok,Naked athletes. Olive crowns. Glory. #Olympics #AncientGreece #SportsHistory #HistoryTok
354,Modern Olympics Revival,Pierre de Coubertin. Games REBORN.,"Create a 30-second vertical history short about Modern Olympics Revival. Hook: Pierre de Coubertin. Games REBORN. Cover: First modern Olympics Athens 1896. Pierre de Coubertin founded International Olympic Committee. 14 nations 241 athletes competed. Revived ancient Greek tradition. Now largest sporting event on Earth. Tone: dramatic, fast-paced, documentary style. 9:16 vertical.",First modern Olympics Athens 1896 | Pierre de Coubertin founded International Olympic Committee | 14 nations 241 athletes competed | Revived ancient Greek tradition | Now largest sporting event on Earth,https://upload.wikimedia.org/wikipedia/commons/4/4e/1896_Olympic_Games_opening_ceremony.jpg,#Olympics #SportsHistory #1896 #HistoryTok,Ancient tradition reborn. World united. #Olympics #SportsHistory #1896 #HistoryTok
355,Jazz Birth in New Orleans,Ragtime met the BLUES.,"Create a 30-second vertical history short about Jazz Birth in New Orleans. Hook: Ragtime met the BLUES. Cover: Emerged early 1900s New Orleans. Blend of African European and Caribbean music. Louis Armstrong took it global. Prohibition speakeasies spread jazz north. America's greatest cultural export. Tone: dramatic, fast-paced, documentary style. 9:16 vertical.",Emerged early 1900s New Orleans | Blend of African European and Caribbean music | Louis Armstrong took it global | Prohibition speakeasies spread jazz north | America's greatest cultural export,https://upload.wikimedia.org/wikipedia/commons/4/4e/Louis_Armstrong_restored.jpg,#Jazz #MusicHistory #NewOrleans #HistoryTok,New Orleans birthed America's music. #Jazz #MusicHistory #NewOrleans #HistoryTok
356,Impressionist Art Revolution,They painted LIGHT.,"Create a 30-second vertical history short about Impressionist Art Revolution. Hook: They painted LIGHT. Cover: Monet Renoir Degas rejected by Salon 1870s. First Impressionist exhibition 1874 Paris. Critics mocked name from Monet's Impression Sunrise. Painted outdoors capturing fleeting light. Changed art forever. Tone: dramatic, fast-paced, documentary style. 9:16 vertical.",Monet Renoir Degas rejected by Salon 1870s | First Impressionist exhibition 1874 Paris | Critics mocked name from Monet's Impression Sunrise | Painted outdoors capturing fleeting light | Changed art forever,https://upload.wikimedia.org/wikipedia/commons/4/4e/Claude_Monet%2C_Impression%2C_soleil_levant.jpg,#Impressionism #ArtHistory #Monet #HistoryTok,Critics mocked them. Art changed forever. #Impressionism #ArtHistory #Monet #HistoryTok
357,Bauhaus Movement,Form follows FUNCTION.,"Create a 30-second vertical history short about Bauhaus Movement. Hook: Form follows FUNCTION. Cover: Founded Walter Gropius Weimar 1919. Unified art craft and technology. Minimalist functional modern design. Closed by Nazis 1933 faculty fled worldwide. Shaped modern architecture and design. Tone: dramatic, fast-paced, documentary style. 9:16 vertical.",Founded Walter Gropius Weimar 1919 | Unified art craft and technology | Minimalist functional modern design | Closed by Nazis 1933 faculty fled worldwide | Shaped modern architecture and design,https://upload.wikimedia.org/wikipedia/commons/4/4e/Bauhaus_Dessau.jpg,#Bauhaus #ArtHistory #Design #HistoryTok,Form follows function. Design changed. #Bauhaus #ArtHistory #Design #HistoryTok
358,Pop Art Andy Warhol,Soup cans as ART.,"Create a 30-second vertical history short about Pop Art Andy Warhol. Hook: Soup cans as ART. Cover: Andy Warhol Campbell's Soup Cans 1962. Blurred line between commercial and fine art. Factory studio mass-produced art. Marilyn Monroe portraits iconic. Asked what is art in consumer age. Tone: dramatic, fast-paced, documentary style. 9:16 vertical.",Andy Warhol Campbell's Soup Cans 1962 | Blurred line between commercial and fine art | Factory studio mass-produced art | Marilyn Monroe portraits iconic | Asked what is art in consumer age,https://upload.wikimedia.org/wikipedia/commons/4/4e/Andy_Warhol_by_Jack_Mitchell.jpg,#PopArt #Warhol #ArtHistory #HistoryTok,Soup cans on walls. Art questioned. #PopArt #Warhol #ArtHistory #HistoryTok
359,Origin of Baseball,Abner Doubleday MYTH.,"Create a 30-second vertical history short about Origin of Baseball. Hook: Abner Doubleday MYTH. Cover: Cooperstown myth says Doubleday invented 1839. Actually evolved from English rounders. First professional team Cincinnati Red Stockings 1869. Called America's pastime. Integration Jackie Robinson 1947. Tone: dramatic, fast-paced, documentary style. 9:16 vertical.",Cooperstown myth says Doubleday invented 1839 | Actually evolved from English rounders | First professional team Cincinnati Red Stockings 1869 | Called America's pastime | Integration Jackie Robinson 1947,https://upload.wikimedia.org/wikipedia/commons/4/4e/Abner_Doubleday.jpg,#Baseball #SportsHistory #AmericanHistory #HistoryTok,America's pastime. Origin myth included. #Baseball #SportsHistory #AmericanHistory #HistoryTok
360,Origin of Basketball,Peach baskets. One INVENTOR.,"Create a 30-second vertical history short about Origin of Basketball. Hook: Peach baskets. One INVENTOR. Cover: James Naismith invented 1891 Springfield Massachusetts. Hung peach baskets as goals. Created to keep students active in winter. First game used soccer ball. Now global sport billions play. Tone: dramatic, fast-paced, documentary style. 9:16 vertical.",James Naismith invented 1891 Springfield Massachusetts | Hung peach baskets as goals | Created to keep students active in winter | First game used soccer ball | Now global sport billions play,https://upload.wikimedia.org/wikipedia/commons/4/4e/James_Naismith.jpg,#Basketball #SportsHistory #Invention #HistoryTok,Peach baskets. One gym teacher. Global sport. #Basketball #SportsHistory #Invention #HistoryTok
361,Easter Island Statues,887 heads. How MOVED?,"Create a 30-second vertical history short about Easter Island Statues. Hook: 887 heads. How MOVED? Cover: Moai statues carved 1250-1500 CE. 887 statues up to 82 tons. How moved remains debated. Civilization collapsed possibly from deforestation. Most remote inhabited island on Earth. Tone: dramatic, fast-paced, documentary style. 9:16 vertical.",Moai statues carved 1250-1500 CE | 887 statues up to 82 tons | How moved remains debated | Civilization collapsed possibly from deforestation | Most remote inhabited island on Earth,https://upload.wikimedia.org/wikipedia/commons/4/4e/Ahu_Tongariki%2C_Easter_Island%2C_Chile.jpg,#EasterIsland #Mystery #Archaeology #HistoryTok,887 giant heads. How did they move them? #EasterIsland #Mystery #Archaeology #HistoryTok
362,Dancing Plague of 1518,Danced until they DIED.,"Create a 30-second vertical history short about Dancing Plague of 1518. Hook: Danced until they DIED. Cover: Strasbourg July 1518 woman started dancing. Up to 400 joined dancing for days. Some died from exhaustion stroke or heart attack. Cause unknown mass hysteria or ergot poisoning. One of history's strangest events. Tone: dramatic, fast-paced, documentary style. 9:16 vertical.",Strasbourg July 1518 woman started dancing | Up to 400 joined dancing for days | Some died from exhaustion stroke or heart attack | Cause unknown mass hysteria or ergot poisoning | One of history's strangest events,https://upload.wikimedia.org/wikipedia/commons/4/4e/Dancing_plague_1518.jpg,#DancingPlague #WeirdHistory #Medieval #HistoryTok,They danced until they died. Why? #DancingPlague #WeirdHistory #Medieval #HistoryTok
363,War of the Worlds Panic,Radio play. Real PANIC.,"Create a 30-second vertical history short about War of the Worlds Panic. Hook: Radio play. Real PANIC. Cover: Orson Welles broadcast October 30 1938. Presented as news bulletin of Martian invasion. Some listeners believed and panicked. Newspapers exaggerated scale of panic. Showed power of mass media. Tone: dramatic, fast-paced, documentary style. 9:16 vertical.",Orson Welles broadcast October 30 1938 | Presented as news bulletin of Martian invasion | Some listeners believed and panicked | Newspapers exaggerated scale of panic | Showed power of mass media,https://upload.wikimedia.org/wikipedia/commons/4/4e/War_of_the_Worlds_1938.jpg,#WarOfTheWorlds #WeirdHistory #MediaHistory #HistoryTok,A radio play. People ran screaming. #WarOfTheWorlds #WeirdHistory #MediaHistory #HistoryTok
364,Codex Gigas Devil's Bible,One monk. One NIGHT?,"Create a 30-second vertical history short about Codex Gigas Devil's Bible. Hook: One monk. One NIGHT? Cover: Medieval manuscript largest surviving book. Legend says written in one night by monk. Full-page devil illustration inside. Actually took decades to complete. Swedish Army looted from Prague 1648. Tone: dramatic, fast-paced, documentary style. 9:16 vertical.",Medieval manuscript largest surviving book | Legend says written in one night by monk | Full-page devil illustration inside | Actually took decades to complete | Swedish Army looted from Prague 1648,https://upload.wikimedia.org/wikipedia/commons/4/4e/Codex_Gigas_devil.jpg,#DevilsBible #WeirdHistory #Medieval #HistoryTok,One monk. One night? Or decades of terror? #DevilsBible #WeirdHistory #Medieval #HistoryTok
365,Lead Poisoning Roman Empire,Sweet wine. Dying EMPIRE.,"Create a 30-second vertical history short about Lead Poisoning Roman Empire. Hook: Sweet wine. Dying EMPIRE. Cover: Romans used lead pipes and lead acetate sweetener. Lead poisoning caused mental decline. Some historians link to fall of Rome. Wealthy most affected by sweetened wine. Modern science confirms lead in Roman bones. Tone: dramatic, fast-paced, documentary style. 9:16 vertical.",Romans used lead pipes and lead acetate sweetener | Lead poisoning caused mental decline | Some historians link to fall of Rome | Wealthy most affected by sweetened wine | Modern science confirms lead in Roman bones,https://upload.wikimedia.org/wikipedia/commons/4/4e/Roman_lead_pipes.jpg,#LeadPoisoning #AncientRome #WeirdHistory #HistoryTok,Sweet wine. Lead pipes. Empire declined. #LeadPoisoning #AncientRome #WeirdHistory #HistoryTok
366,Antikythera Mechanism,2000-year-old COMPUTER.,"Create a 30-second vertical history short about Antikythera Mechanism. Hook: 2000-year-old COMPUTER. Cover: Discovered 1901 in Greek shipwreck. Ancient analog computer tracked astronomical positions. Dated 150-100 BCE. Gear technology not matched for 1,000 years. Most complex ancient mechanism ever found. Tone: dramatic, fast-paced, documentary style. 9:16 vertical.","Discovered 1901 in Greek shipwreck | Ancient analog computer tracked astronomical positions | Dated 150-100 BCE | Gear technology not matched for 1,000 years | Most complex ancient mechanism ever found",https://upload.wikimedia.org/wikipedia/commons/4/4e/Antikythera_mechanism_front.jpg,#Antikythera #AncientGreece #Mystery #HistoryTok,Ancient computer. 2000 years old. #Antikythera #AncientGreece #Mystery #HistoryTok
367,Tarrare the Insatiable,He ate EVERYTHING.,"Create a 30-second vertical history short about Tarrare the Insatiable. Hook: He ate EVERYTHING. Cover: French soldier 1770s-1790s ate constantly. Ate live animals corks and stones. Suspected of eating a toddler. Died age 26 body found rotting inside. Medical mystery never explained. Tone: dramatic, fast-paced, documentary style. 9:16 vertical.",French soldier 1770s-1790s ate constantly | Ate live animals corks and stones | Suspected of eating a toddler | Died age 26 body found rotting inside | Medical mystery never explained,https://upload.wikimedia.org/wikipedia/commons/4/4e/Tarrare.jpg,#Tarrare #WeirdHistory #MedicalHistory #HistoryTok,He ate everything. Even a toddler? #Tarrare #WeirdHistory #MedicalHistory #HistoryTok
368,Voynich Manuscript,500 years. Still UNREAD.,"Create a 30-second vertical history short about Voynich Manuscript. Hook: 500 years. Still UNREAD. Cover: Mysterious illustrated manuscript 15th century. Written in unknown script never decoded. Purchased by Wilfrid Voynich 1912. Depicts unknown plants and naked women. Most studied undeciphered manuscript. Tone: dramatic, fast-paced, documentary style. 9:16 vertical.",Mysterious illustrated manuscript 15th century | Written in unknown script never decoded | Purchased by Wilfrid Voynich 1912 | Depicts unknown plants and naked women | Most studied undeciphered manuscript,https://upload.wikimedia.org/wikipedia/commons/4/4e/Voynich_manuscript.jpg,#VoynichManuscript #Mystery #WeirdHistory #HistoryTok,500 years. Nobody can read it. #VoynichManuscript #Mystery #WeirdHistory #HistoryTok
369,Roman Concrete Secret,"2,000 years. Still STRONGER.","Create a 30-second vertical history short about Roman Concrete Secret. Hook: 2,000 years. Still STRONGER. Cover: Roman concrete stronger than modern versions. Self-healing properties from volcanic ash. Pantheon dome still standing 2,000 years. Recipe lost after empire fell. Scientists only recently decoded formula. Tone: dramatic, fast-paced, documentary style. 9:16 vertical.","Roman concrete stronger than modern versions | Self-healing properties from volcanic ash | Pantheon dome still standing 2,000 years | Recipe lost after empire fell | Scientists only recently decoded formula",https://upload.wikimedia.org/wikipedia/commons/4/4e/Pantheon_Rome.jpg,#RomanConcrete #AncientRome #Engineering #HistoryTok,Their concrete outlasts ours. Secret lost. #RomanConcrete #AncientRome #Engineering #HistoryTok
370,Boston Molasses Flood,15 feet of SWEET death.,"Create a 30-second vertical history short about Boston Molasses Flood. Hook: 15 feet of SWEET death. Cover: January 15 1919 storage tank burst Boston. 2.3 million gallons molasses flooded streets. Wave 25 feet high 35 mph. 21 killed 150 injured. Cleanup took months in winter. Tone: dramatic, fast-paced, documentary style. 9:16 vertical.",January 15 1919 storage tank burst Boston | 2.3 million gallons molasses flooded streets | Wave 25 feet high 35 mph | 21 killed 150 injured | Cleanup took months in winter,https://upload.wikimedia.org/wikipedia/commons/4/4e/Molasses_disaster.jpg,#MolassesFlood #WeirdHistory #Boston #HistoryTok,Sweet death flooded Boston. #MolassesFlood #WeirdHistory #Boston #HistoryTok
371,Queen Elizabeth I,Virgin Queen. Empire BUILT.,"Create a 30-second vertical history short about Queen Elizabeth I. Hook: Virgin Queen. Empire BUILT. Cover: Reigned England 1558-1603 45 years. Defeated Spanish Armada 1588. Never married called Virgin Queen. Golden Age of English culture Shakespeare. Laid foundation for British Empire. Tone: dramatic, fast-paced, documentary style. 9:16 vertical.",Reigned England 1558-1603 45 years | Defeated Spanish Armada 1588 | Never married called Virgin Queen | Golden Age of English culture Shakespeare | Laid foundation for British Empire,https://upload.wikimedia.org/wikipedia/commons/4/4e/Elizabeth_I_in_coronation_robes.jpg,#ElizabethI #BritishHistory #Queens #HistoryTok,Virgin Queen. Empire builder. Legend. #ElizabethI #BritishHistory #Queens #HistoryTok
372,Catherine the Great,She modernized RUSSIA.,"Create a 30-second vertical history short about Catherine the Great. Hook: She modernized RUSSIA. Cover: Empress of Russia 1762-1796. Expanded empire and modernized administration. Patron of arts and Enlightenment ideas. Expanded territory into Poland and Crimea. One of history's most powerful women. Tone: dramatic, fast-paced, documentary style. 9:16 vertical.",Empress of Russia 1762-1796 | Expanded empire and modernized administration | Patron of arts and Enlightenment ideas | Expanded territory into Poland and Crimea | One of history's most powerful women,https://upload.wikimedia.org/wikipedia/commons/4/4e/Catherine_II_of_Russia.jpg,#CatherineTheGreat #Russia #Queens #HistoryTok,She dragged Russia into modernity. #CatherineTheGreat #Russia #Queens #HistoryTok
373,Queen Victoria,Empire where sun never SET.,"Create a 30-second vertical history short about Queen Victoria. Hook: Empire where sun never SET. Cover: Reigned Britain 1837-1901 63 years. British Empire at peak quarter of Earth. Victorian era defined morality and industry. Mourned Albert decades after his death. Empress of India title added 1876. Tone: dramatic, fast-paced, documentary style. 9:16 vertical.",Reigned Britain 1837-1901 63 years | British Empire at peak quarter of Earth | Victorian era defined morality and industry | Mourned Albert decades after his death | Empress of India title added 1876,https://upload.wikimedia.org/wikipedia/commons/4/4e/Victoria_Queen_1887.jpg,#QueenVictoria #BritishEmpire #Victorian #HistoryTok,Sun never set on her empire. #QueenVictoria #BritishEmpire #Victorian #HistoryTok
374,Winston Churchill,We shall NEVER surrender.,"Create a 30-second vertical history short about Winston Churchill. Hook: We shall NEVER surrender. Cover: British PM during WWII 1940-1945. Rallied nation during Blitz with speeches. We shall fight on the beaches. Also controversial colonial record. Nobel Prize Literature 1953. Tone: dramatic, fast-paced, documentary style. 9:16 vertical.",British PM during WWII 1940-1945 | Rallied nation during Blitz with speeches | We shall fight on the beaches | Also controversial colonial record | Nobel Prize Literature 1953,https://upload.wikimedia.org/wikipedia/commons/4/4e/Winston_Churchill_1940.jpg,#Churchill #WW2 #BritishHistory #HistoryTok,We shall never surrender. And they didn't. #Churchill #WW2 #BritishHistory #HistoryTok
375,Che Guevara,Revolutionary ICON.,"Create a 30-second vertical history short about Che Guevara. Hook: Revolutionary ICON. Cover: Argentine Marxist revolutionary 1928-1967. Fought alongside Castro in Cuban Revolution. Tried to spread revolution to Congo and Bolivia. Captured and executed Bolivia 1967. Face on t-shirts worldwide. Tone: dramatic, fast-paced, documentary style. 9:16 vertical.",Argentine Marxist revolutionary 1928-1967 | Fought alongside Castro in Cuban Revolution | Tried to spread revolution to Congo and Bolivia | Captured and executed Bolivia 1967 | Face on t-shirts worldwide,https://upload.wikimedia.org/wikipedia/commons/4/4e/Che_Guevara.jpg,#CheGuevara #Revolution #LatinAmerica #HistoryTok,Revolutionary. Martyr. T-shirt icon. #CheGuevara #Revolution #LatinAmerica #HistoryTok
376,Mao Zedong,One man. 45 million DEAD.,"Create a 30-second vertical history short about Mao Zedong. Hook: One man. 45 million DEAD. Cover: Founded People's Republic of China 1949. Great Leap Forward killed estimated 45 million. Cultural Revolution destroyed culture and lives. Little Red Book mandatory reading. Legacy debated hero vs tyrant. Tone: dramatic, fast-paced, documentary style. 9:16 vertical.",Founded People's Republic of China 1949 | Great Leap Forward killed estimated 45 million | Cultural Revolution destroyed culture and lives | Little Red Book mandatory reading | Legacy debated hero vs tyrant,https://upload.wikimedia.org/wikipedia/commons/4/4e/Mao_Zedong_portrait.jpg,#MaoZedong #China #Revolution #HistoryTok,Revolutionary hero or mass murderer? #MaoZedong #China #Revolution #HistoryTok
377,Fidel Castro,800 attempts. Still ALIVE.,"Create a 30-second vertical history short about Fidel Castro. Hook: 800 attempts. Still ALIVE. Cover: Led Cuban Revolution 1959 overthrew Batista. Survived estimated 638 CIA assassination attempts. Aligned with Soviet Union during Cold War. Ruled Cuba 49 years until 2008. Embargo and communism shaped Caribbean. Tone: dramatic, fast-paced, documentary style. 9:16 vertical.",Led Cuban Revolution 1959 overthrew Batista | Survived estimated 638 CIA assassination attempts | Aligned with Soviet Union during Cold War | Ruled Cuba 49 years until 2008 | Embargo and communism shaped Caribbean,https://upload.wikimedia.org/wikipedia/commons/4/4e/Fidel_Castro.jpg,#FidelCastro #Cuba #ColdWar #HistoryTok,638 assassination attempts. He outlasted them all. #FidelCastro #Cuba #ColdWar #HistoryTok
378,Eva Peron,Don't cry for me ARGENTINA.,"Create a 30-second vertical history short about Eva Peron. Hook: Don't cry for me ARGENTINA. Cover: First Lady of Argentina 1946-1952. Champion of descamisados working poor. Fought for women's suffrage in Argentina. Died of cancer age 33 massive funeral. Musical Evita immortalized her story. Tone: dramatic, fast-paced, documentary style. 9:16 vertical.",First Lady of Argentina 1946-1952 | Champion of descamisados working poor | Fought for women's suffrage in Argentina | Died of cancer age 33 massive funeral | Musical Evita immortalized her story,https://upload.wikimedia.org/wikipedia/commons/4/4e/Eva_Peron.jpg,#Evita #Argentina #WomensHistory #HistoryTok,She loved the poor. Argentina loved her. #Evita #Argentina #WomensHistory #HistoryTok
379,Akbar the Great,Muslim emperor. Hindu ALLY.,"Create a 30-second vertical history short about Akbar the Great. Hook: Muslim emperor. Hindu ALLY. Cover: Mughal emperor 1556-1605. Expanded empire across most of India. Promoted religious tolerance and debate. Married Hindu princesses for alliances. Golden age of Mughal art and architecture. Tone: dramatic, fast-paced, documentary style. 9:16 vertical.",Mughal emperor 1556-1605 | Expanded empire across most of India | Promoted religious tolerance and debate | Married Hindu princesses for alliances | Golden age of Mughal art and architecture,https://upload.wikimedia.org/wikipedia/commons/4/4e/Akbar_the_Great.jpg,#Akbar #IndianHistory #Mughal #HistoryTok,Muslim emperor. Hindu allies. Golden age. #Akbar #IndianHistory #Mughal #HistoryTok
380,Saladin,Crusaders' worthy ENEMY.,"Create a 30-second vertical history short about Saladin. Hook: Crusaders' worthy ENEMY. Cover: Kurdish Muslim leader 1137-1193. Recaptured Jerusalem from Crusaders 1187. Showed mercy to defeated Christians. Richard the Lionheart's legendary rival. Respected by both Muslim and Christian historians. Tone: dramatic, fast-paced, documentary style. 9:16 vertical.",Kurdish Muslim leader 1137-1193 | Recaptured Jerusalem from Crusaders 1187 | Showed mercy to defeated Christians | Richard the Lionheart's legendary rival | Respected by both Muslim and Christian historians,https://upload.wikimedia.org/wikipedia/commons/4/4e/Saladin_and_Guy_of_Lusignan.jpg,#Saladin #Crusades #MiddleEast #HistoryTok,Crusaders' greatest enemy. Most honorable. #Saladin #Crusades #MiddleEast #HistoryTok
381,Richard the Lionheart,King who never saw ENGLAND.,"Create a 30-second vertical history short about Richard the Lionheart. Hook: King who never saw ENGLAND. Cover: King of England 1189-1199. Spent only 6 months in England during reign. Led Third Crusade against Saladin. Captured and ransomed by Austrian duke. Legend of Robin Hood set during his absence. Tone: dramatic, fast-paced, documentary style. 9:16 vertical.",King of England 1189-1199 | Spent only 6 months in England during reign | Led Third Crusade against Saladin | Captured and ransomed by Austrian duke | Legend of Robin Hood set during his absence,https://upload.wikimedia.org/wikipedia/commons/4/4e/Richard_I_of_England.jpg,#RichardTheLionheart #Crusades #BritishHistory #HistoryTok,King of England. Rarely in England. #RichardTheLionheart #Crusades #BritishHistory #HistoryTok
382,Tokugawa Ieyasu,Unified Japan. Closed it OFF.,"Create a 30-second vertical history short about Tokugawa Ieyasu. Hook: Unified Japan. Closed it OFF. Cover: Founded Tokugawa shogunate 1603. Unified Japan after century of civil war. Established Edo now Tokyo as capital. Sakoku isolation policy closed Japan. Ruled indirectly until death 1616. Tone: dramatic, fast-paced, documentary style. 9:16 vertical.",Founded Tokugawa shogunate 1603 | Unified Japan after century of civil war | Established Edo now Tokyo as capital | Sakoku isolation policy closed Japan | Ruled indirectly until death 1616,https://upload.wikimedia.org/wikipedia/commons/4/4e/Tokugawa_Ieyasu.jpg,#Tokugawa #JapaneseHistory #Samurai #HistoryTok,Unified Japan. Then locked the doors. #Tokugawa #JapaneseHistory #Samurai #HistoryTok
383,Great Famine Ireland,Potato blight. 1 million DEAD.,"Create a 30-second vertical history short about Great Famine Ireland. Hook: Potato blight. 1 million DEAD. Cover: 1845-1852 potato crop failed repeatedly. 1 million died 1 million emigrated. British policies worsened catastrophe. Population dropped 25 percent. Mass emigration to America and Australia. Tone: dramatic, fast-paced, documentary style. 9:16 vertical.",1845-1852 potato crop failed repeatedly | 1 million died 1 million emigrated | British policies worsened catastrophe | Population dropped 25 percent | Mass emigration to America and Australia,https://upload.wikimedia.org/wikipedia/commons/4/4e/Irish_potato_famine.jpg,#IrishFamine #Ireland #Disaster #HistoryMatters,Potato failed. Million died. Million fled. #IrishFamine #Ireland #Disaster #HistoryMatters
384,Tulip Mania,One bulb. Price of a HOUSE.,"Create a 30-second vertical history short about Tulip Mania. Hook: One bulb. Price of a HOUSE. Cover: Dutch tulip bubble 1636-1637. Single tulip bulb cost more than a house. First recorded speculative bubble. Market crashed February 1637 overnight. Became cautionary tale of greed. Tone: dramatic, fast-paced, documentary style. 9:16 vertical.",Dutch tulip bubble 1636-1637 | Single tulip bulb cost more than a house | First recorded speculative bubble | Market crashed February 1637 overnight | Became cautionary tale of greed,https://upload.wikimedia.org/wikipedia/commons/4/4e/Semper_Augustus_tulip.jpg,#TulipMania #Economics #WeirdHistory #HistoryTok,A flower cost more than a house. Then crashed. #TulipMania #Economics #WeirdHistory #HistoryTok
385,South Sea Bubble,Stock fraud. Newton LOST.,"Create a 30-second vertical history short about South Sea Bubble. Hook: Stock fraud. Newton LOST. Cover: British South Sea Company 1720. Stock soared then collapsed spectacularly. Isaac Newton lost fortune said can calculate motion not madness. Parliament investigated widespread corruption. First major modern financial crash. Tone: dramatic, fast-paced, documentary style. 9:16 vertical.",British South Sea Company 1720 | Stock soared then collapsed spectacularly | Isaac Newton lost fortune said can calculate motion not madness | Parliament investigated widespread corruption | First major modern financial crash,https://upload.wikimedia.org/wikipedia/commons/4/4e/South_Sea_Bubble.jpg,#SouthSeaBubble #Economics #BritishHistory #HistoryTok,Newton lost a fortune. Called it madness. #SouthSeaBubble #Economics #BritishHistory #HistoryTok
386,Bretton Woods Agreement,Dollar ruled the WORLD.,"Create a 30-second vertical history short about Bretton Woods Agreement. Hook: Dollar ruled the WORLD. Cover: 1944 conference shaped post-WWII economy. Dollar pegged to gold other currencies to dollar. Created IMF and World Bank. System collapsed 1971 Nixon ended gold standard. Foundation of modern global finance. Tone: dramatic, fast-paced, documentary style. 9:16 vertical.",1944 conference shaped post-WWII economy | Dollar pegged to gold other currencies to dollar | Created IMF and World Bank | System collapsed 1971 Nixon ended gold standard | Foundation of modern global finance,https://upload.wikimedia.org/wikipedia/commons/4/4e/Bretton_Woods_conference.jpg,#BrettonWoods #Economics #WW2 #HistoryFacts,1944. Dollar became world currency. #BrettonWoods #Economics #WW2 #HistoryFacts
387,OPEC Oil Crisis 1973,Gas lines. Economy SHOOK.,"Create a 30-second vertical history short about OPEC Oil Crisis 1973. Hook: Gas lines. Economy SHOOK. Cover: OPEC embargo after Yom Kippur War October 1973. Oil prices quadrupled overnight. Gas lines and rationing in US and Europe. Ended era of cheap energy. Reshaped global politics and economy. Tone: dramatic, fast-paced, documentary style. 9:16 vertical.",OPEC embargo after Yom Kippur War October 1973 | Oil prices quadrupled overnight | Gas lines and rationing in US and Europe | Ended era of cheap energy | Reshaped global politics and economy,https://upload.wikimedia.org/wikipedia/commons/4/4e/1973_oil_crisis_gas_lines.jpg,#OPEC #OilCrisis #1970s #HistoryTok,Gas lines. Economy shook. World changed. #OPEC #OilCrisis #1970s #HistoryTok
388,Hyperinflation Weimar Germany,Wheelbarrows of CASH.,"Create a 30-second vertical history short about Hyperinflation Weimar Germany. Hook: Wheelbarrows of CASH. Cover: 1921-1923 German mark collapsed. Prices doubled every few days. People paid with wheelbarrows of cash. Contributed to rise of Hitler. Worst hyperinflation in modern history. Tone: dramatic, fast-paced, documentary style. 9:16 vertical.",1921-1923 German mark collapsed | Prices doubled every few days | People paid with wheelbarrows of cash | Contributed to rise of Hitler | Worst hyperinflation in modern history,https://upload.wikimedia.org/wikipedia/commons/4/4e/Weimar_hyperinflation.jpg,#Hyperinflation #WeimarGermany #Economics #HistoryTok,Wheelbarrows of cash. For bread. #Hyperinflation #WeimarGermany #Economics #HistoryTok
389,Enron Scandal,Smartest guys. Biggest FRAUD.,"Create a 30-second vertical history short about Enron Scandal. Hook: Smartest guys. Biggest FRAUD. Cover: Energy company collapsed December 2001. Accounting fraud hid billions in debt. Employees lost pensions and jobs. Led to Sarbanes-Oxley regulations. Symbol of corporate greed and fraud. Tone: dramatic, fast-paced, documentary style. 9:16 vertical.",Energy company collapsed December 2001 | Accounting fraud hid billions in debt | Employees lost pensions and jobs | Led to Sarbanes-Oxley regulations | Symbol of corporate greed and fraud,https://upload.wikimedia.org/wikipedia/commons/4/4e/Enron_logo.svg,#Enron #CorporateCrime #Economics #HistoryTok,Smartest guys in the room. Biggest fraud. #Enron #CorporateCrime #Economics #HistoryTok
390,Lehman Brothers Collapse,One bank. Global CRASH.,"Create a 30-second vertical history short about Lehman Brothers Collapse. Hook: One bank. Global CRASH. Cover: Filed bankruptcy September 15 2008. Largest bankruptcy in US history. Triggered global financial crisis. Governments bailed out other banks. Great Recession followed worldwide. Tone: dramatic, fast-paced, documentary style. 9:16 vertical.",Filed bankruptcy September 15 2008 | Largest bankruptcy in US history | Triggered global financial crisis | Governments bailed out other banks | Great Recession followed worldwide,https://upload.wikimedia.org/wikipedia/commons/4/4e/Lehman_Brothers_headquarters.jpg,#LehmanBrothers #FinancialCrisis #2008 #HistoryTok,One bank fell. World economy crashed. #LehmanBrothers #FinancialCrisis #2008 #HistoryTok
391,Wall Street Crash 1929,Black Tuesday. Everything FELL.,"Create a 30-second vertical history short about Wall Street Crash 1929. Hook: Black Tuesday. Everything FELL. Cover: October 29 1929 stock market collapsed. Lost $14 billion in one day. Triggered Great Depression worldwide. Bank failures and unemployment followed. Changed economics and regulation forever. Tone: dramatic, fast-paced, documentary style. 9:16 vertical.",October 29 1929 stock market collapsed | Lost $14 billion in one day | Triggered Great Depression worldwide | Bank failures and unemployment followed | Changed economics and regulation forever,https://upload.wikimedia.org/wikipedia/commons/4/4e/Wall_Street_Crash_1929.jpg,#BlackTuesday #GreatDepression #Economics #HistoryTok,One day. Everything fell. #BlackTuesday #GreatDepression #Economics #HistoryTok
392,Gold Standard End,Nixon shock. Money UNANCHORED.,"Create a 30-second vertical history short about Gold Standard End. Hook: Nixon shock. Money UNANCHORED. Cover: Nixon ended dollar-gold convertibility August 1971. Called Nixon Shock. Ended Bretton Woods system. Currencies floated freely. Modern fiat money era began. Tone: dramatic, fast-paced, documentary style. 9:16 vertical.",Nixon ended dollar-gold convertibility August 1971 | Called Nixon Shock | Ended Bretton Woods system | Currencies floated freely | Modern fiat money era began,https://upload.wikimedia.org/wikipedia/commons/4/4e/Nixon_shock.jpg,#GoldStandard #Economics #1970s #HistoryFacts,Money unmoored from gold. World changed. #GoldStandard #Economics #1970s #HistoryFacts
393,Marshall Plan,America rebuilt ENEMIES.,"Create a 30-second vertical history short about Marshall Plan. Hook: America rebuilt ENEMIES. Cover: US aid to rebuild Western Europe 1948-1952. $13 billion equivalent $150 billion today. Rebuilt war-devastated economies. Prevented communist expansion. Created lasting transatlantic alliance. Tone: dramatic, fast-paced, documentary style. 9:16 vertical.",US aid to rebuild Western Europe 1948-1952 | $13 billion equivalent $150 billion today | Rebuilt war-devastated economies | Prevented communist expansion | Created lasting transatlantic alliance,https://upload.wikimedia.org/wikipedia/commons/4/4e/Marshall_Plan_poster.jpg,#MarshallPlan #WW2 #Economics #HistoryTok,America rebuilt its enemies. Smartest investment ever. #MarshallPlan #WW2 #Economics #HistoryTok
394,East India Company Collapse,Too big. Then BROKE.,"Create a 30-second vertical history short about East India Company Collapse. Hook: Too big. Then BROKE. Cover: Most powerful corporation in history. Ruled India with private army. Corruption and famine destroyed reputation. Government nationalized after 1857 mutiny. Dissolved 1874. Tone: dramatic, fast-paced, documentary style. 9:16 vertical.",Most powerful corporation in history | Ruled India with private army | Corruption and famine destroyed reputation | Government nationalized after 1857 mutiny | Dissolved 1874,https://upload.wikimedia.org/wikipedia/commons/4/4e/East_India_House.jpg,#EastIndiaCompany #BritishEmpire #Economics #HistoryTok,A company ruled India. Then collapsed. #EastIndiaCompany #BritishEmpire #Economics #HistoryTok
395,Ataturk Modern Turkey,He banned the FEZ.,"Create a 30-second vertical history short about Ataturk Modern Turkey. Hook: He banned the FEZ. Cover: Mustafa Kemal founded modern Turkey 1923. Abolished Ottoman sultanate and caliphate. Latinized alphabet westernized dress. Gave women vote before many European nations. Transformed Islamic empire into secular republic. Tone: dramatic, fast-paced, documentary style. 9:16 vertical.",Mustafa Kemal founded modern Turkey 1923 | Abolished Ottoman sultanate and caliphate | Latinized alphabet westernized dress | Gave women vote before many European nations | Transformed Islamic empire into secular republic,https://upload.wikimedia.org/wikipedia/commons/4/4e/Mustafa_Kemal_Atat%C3%BCrk.jpg,#Ataturk #Turkey #Modernization #HistoryTok,He banned the fez. Built a nation. #Ataturk #Turkey #Modernization #HistoryTok
