video_filename,copy_caption,hashtags,description,episode_number,episode_code,path_inside_zip,video_zip_pack,artifact_zip,still_filename,title,year,handle,duration_sec,image_credit
001-the-enlightenment.mp4,"The Enlightenment. Reason changed the world forever. Voltaire, Locke, and Rousseau challenged the authority of kings and churches across Europe. The Encyclopédie cataloged human knowledge and spread Enlightenment ideas to a wide audience. @FactsOrWhacks #HistoryTok #Enlightenment #Philosophy #DidYouKnow #FactsOrWhacks",#HistoryTok #Enlightenment #Philosophy #DidYouKnow #FactsOrWhacks,"The Enlightenment. Reason changed the world forever. Voltaire, Locke, and Rousseau challenged the authority of kings and churches across Europe. The Encyclopédie cataloged human knowledge and spread Enlightenment ideas to a wide audience.",1,001,facts-or-whacks-videos/001-the-enlightenment.mp4,facts-or-whacks-videos-001-050.zip,videos_30s_pack_001_050.zip,001-the-enlightenment.webp,The Enlightenment,,@FactsOrWhacks,30,Raphael · Public domain
002-american-revolution.mp4,"American Revolution (1776). 1776: 13 colonies said NO to a king. Boston Tea Party — 342 chests dumped. Declaration signed July 4, 1776. @FactsOrWhacks #AmericanRevolution #USHistory #HistoryFacts #4thOfJuly #FactsOrWhacks",#AmericanRevolution #USHistory #HistoryFacts #4thOfJuly #FactsOrWhacks,"American Revolution (1776). 1776: 13 colonies said NO to a king. Boston Tea Party — 342 chests dumped. Declaration signed July 4, 1776.",2,002,facts-or-whacks-videos/002-american-revolution.mp4,facts-or-whacks-videos-001-050.zip,videos_30s_pack_001_050.zip,002-american-revolution.webp,American Revolution,1776,@FactsOrWhacks,30,John Trumbull · Public domain
003-french-revolution.mp4,"French Revolution (1789). They stormed a prison and changed EVERYTHING. Bastille — July 14, 1789. King Louis XVI was guillotined. @FactsOrWhacks #FrenchRevolution #HistoryTok #BastilleDay #WorldHistory #FactsOrWhacks",#FrenchRevolution #HistoryTok #BastilleDay #WorldHistory #FactsOrWhacks,"French Revolution (1789). They stormed a prison and changed EVERYTHING. Bastille — July 14, 1789. King Louis XVI was guillotined.",3,003,facts-or-whacks-videos/003-french-revolution.mp4,facts-or-whacks-videos-001-050.zip,videos_30s_pack_001_050.zip,003-french-revolution.webp,French Revolution,1789,@FactsOrWhacks,30,Jean-Pierre Houël · Public domain
004-napoleon-s-rise-and-fall.mp4,Napoleon's Rise and Fall (1812). 5 foot 6 man conquered EUROPE. Austerlitz and Jena — unstoppable. Napoleonic Code still shapes law. @FactsOrWhacks #Napoleon #MilitaryHistory #Waterloo #HistoryTok #FactsOrWhacks,#Napoleon #MilitaryHistory #Waterloo #HistoryTok #FactsOrWhacks,Napoleon's Rise and Fall (1812). 5 foot 6 man conquered EUROPE. Austerlitz and Jena — unstoppable. Napoleonic Code still shapes law.,4,004,facts-or-whacks-videos/004-napoleon-s-rise-and-fall.mp4,facts-or-whacks-videos-001-050.zip,videos_30s_pack_001_050.zip,004-napoleon-s-rise-and-fall.webp,Napoleon's Rise and Fall,1812,@FactsOrWhacks,30,Ruedi33a · CC BY-SA 4.0
005-haitian-revolution.mp4,Haitian Revolution (1804). Enslaved people defeated an EMPIRE. Only successful slave revolt in history. Toussaint Louverture led the fight. @FactsOrWhacks #HaitianRevolution #BlackHistory #HiddenHistory #HistoryTok #FactsOrWhacks,#HaitianRevolution #BlackHistory #HiddenHistory #HistoryTok #FactsOrWhacks,Haitian Revolution (1804). Enslaved people defeated an EMPIRE. Only successful slave revolt in history. Toussaint Louverture led the fight.,5,005,facts-or-whacks-videos/005-haitian-revolution.mp4,facts-or-whacks-videos-001-050.zip,videos_30s_pack_001_050.zip,005-haitian-revolution.webp,Haitian Revolution,1804,@FactsOrWhacks,30,January Suchodolski · Public domain
006-industrial-revolution.mp4,Industrial Revolution (1769). Steam power changed EVERYTHING in 50 years. Watt's steam engine 1769. Child labor was the norm. @FactsOrWhacks #IndustrialRevolution #SteamPunk #HistoryFacts #BritishHistory #FactsOrWhacks,#IndustrialRevolution #SteamPunk #HistoryFacts #BritishHistory #FactsOrWhacks,Industrial Revolution (1769). Steam power changed EVERYTHING in 50 years. Watt's steam engine 1769. Child labor was the norm.,6,006,facts-or-whacks-videos/006-industrial-revolution.mp4,facts-or-whacks-videos-001-050.zip,videos_30s_pack_001_050.zip,006-industrial-revolution.webp,Industrial Revolution,1769,@FactsOrWhacks,30,Roantrum · CC BY 2.0
007-lewis-and-clark-expedition.mp4,Lewis and Clark Expedition (1806). 8000 miles. No GPS. No roads. St Louis to Pacific and back. Sacagawea saved the expedition. @FactsOrWhacks #LewisAndClark #AmericanHistory #Exploration #HistoryTok #FactsOrWhacks,#LewisAndClark #AmericanHistory #Exploration #HistoryTok #FactsOrWhacks,Lewis and Clark Expedition (1806). 8000 miles. No GPS. No roads. St Louis to Pacific and back. Sacagawea saved the expedition.,7,007,facts-or-whacks-videos/007-lewis-and-clark-expedition.mp4,facts-or-whacks-videos-001-050.zip,videos_30s_pack_001_050.zip,007-lewis-and-clark-expedition.webp,Lewis and Clark Expedition,1806,@FactsOrWhacks,30,Wikimedia Commons · Public domain
008-abolitionist-movement.mp4,Abolitionist Movement (1772). Am I not a man and a brother? Britain banned slave trade 1807. Harriet Tubman — 70+ to freedom. @FactsOrWhacks #Abolition #BlackHistory #FrederickDouglass #HistoryMatters #FactsOrWhacks,#Abolition #BlackHistory #FrederickDouglass #HistoryMatters #FactsOrWhacks,Abolitionist Movement (1772). Am I not a man and a brother? Britain banned slave trade 1807. Harriet Tubman — 70+ to freedom.,8,008,facts-or-whacks-videos/008-abolitionist-movement.mp4,facts-or-whacks-videos-001-050.zip,videos_30s_pack_001_050.zip,008-abolitionist-movement.webp,Abolitionist Movement,1772,@FactsOrWhacks,30,Unknown photographer · Public domain
009-california-gold-rush.mp4,California Gold Rush (1848). One discovery. 300000 people RAN west. Sutter's Mill — Jan 1848. SF: 200 to 36000 people. @FactsOrWhacks #GoldRush #CaliforniaHistory #WildWest #HistoryTok #FactsOrWhacks,#GoldRush #CaliforniaHistory #WildWest #HistoryTok #FactsOrWhacks,California Gold Rush (1848). One discovery. 300000 people RAN west. Sutter's Mill — Jan 1848. SF: 200 to 36000 people.,9,009,facts-or-whacks-videos/009-california-gold-rush.mp4,facts-or-whacks-videos-001-050.zip,videos_30s_pack_001_050.zip,009-california-gold-rush.webp,California Gold Rush,1848,@FactsOrWhacks,30,R. H. Vance · Public domain
010-darwin-and-evolution.mp4,Darwin and Evolution (1859). One book destroyed how we see LIFE. Origin of Species — 1859. Galapagos finches proved it. @FactsOrWhacks #CharlesDarwin #Evolution #ScienceHistory #DidYouKnow #FactsOrWhacks,#CharlesDarwin #Evolution #ScienceHistory #DidYouKnow #FactsOrWhacks,Darwin and Evolution (1859). One book destroyed how we see LIFE. Origin of Species — 1859. Galapagos finches proved it.,10,010,facts-or-whacks-videos/010-darwin-and-evolution.mp4,facts-or-whacks-videos-001-050.zip,videos_30s_pack_001_050.zip,010-darwin-and-evolution.webp,Darwin and Evolution,1859,@FactsOrWhacks,30,Charles_Darwin_seated.jpg : Henry Maull (1829–1914) and John Fox (1832–… · Public domain
011-american-civil-war.mp4,American Civil War (1865). Brother vs brother. 620000 DEAD. Gettysburg Address 1863. Lee surrendered 1865. @FactsOrWhacks #CivilWar #USHistory #AbrahamLincoln #HistoryTok #FactsOrWhacks,#CivilWar #USHistory #AbrahamLincoln #HistoryTok #FactsOrWhacks,American Civil War (1865). Brother vs brother. 620000 DEAD. Gettysburg Address 1863. Lee surrendered 1865.,11,011,facts-or-whacks-videos/011-american-civil-war.mp4,facts-or-whacks-videos-001-050.zip,videos_30s_pack_001_050.zip,011-american-civil-war.webp,American Civil War,1865,@FactsOrWhacks,30,"Unknown author; Kurz & Allison, Art Publishers, Chicago, U.S.A. / Resto… · Public domain"
012-transcontinental-railroad.mp4,"Transcontinental Railroad (1869). Two railroads. One golden spike. Completed May 10, 1869. 20000+ Chinese laborers. @FactsOrWhacks #TranscontinentalRailroad #AmericanHistory #RailroadHistory #HistoryFacts #FactsOrWhacks",#TranscontinentalRailroad #AmericanHistory #RailroadHistory #HistoryFacts #FactsOrWhacks,"Transcontinental Railroad (1869). Two railroads. One golden spike. Completed May 10, 1869. 20000+ Chinese laborers.",12,012,facts-or-whacks-videos/012-transcontinental-railroad.mp4,facts-or-whacks-videos-001-050.zip,videos_30s_pack_001_050.zip,012-transcontinental-railroad.webp,Transcontinental Railroad,1869,@FactsOrWhacks,30,United States Pacific Railway Commission. Digital image reconstruction… · CC BY-SA 3.0
013-meiji-restoration.mp4,Meiji Restoration (1868). Japan feudal to world power in 40 YEARS. 250 years of shogunate — ended. Emperor Meiji restored 1868. @FactsOrWhacks #MeijiRestoration #JapaneseHistory #Samurai #HistoryTok #FactsOrWhacks,#MeijiRestoration #JapaneseHistory #Samurai #HistoryTok #FactsOrWhacks,Meiji Restoration (1868). Japan feudal to world power in 40 YEARS. 250 years of shogunate — ended. Emperor Meiji restored 1868.,13,013,facts-or-whacks-videos/013-meiji-restoration.mp4,facts-or-whacks-videos-001-050.zip,videos_30s_pack_001_050.zip,013-meiji-restoration.webp,Meiji Restoration,1868,@FactsOrWhacks,30,Takahashi Yuichi (1828-1894) · Public domain
014-jack-the-ripper.mp4,Jack the Ripper (1888). 5 murders. 0 arrests. Still UNSOLVED. 1888 — East End London. 5 murders 0 arrests. @FactsOrWhacks #JackTheRipper #TrueCrime #VictorianLondon #UnsolvedMystery #FactsOrWhacks,#JackTheRipper #TrueCrime #VictorianLondon #UnsolvedMystery #FactsOrWhacks,Jack the Ripper (1888). 5 murders. 0 arrests. Still UNSOLVED. 1888 — East End London. 5 murders 0 arrests.,14,014,facts-or-whacks-videos/014-jack-the-ripper.mp4,facts-or-whacks-videos-001-050.zip,videos_30s_pack_001_050.zip,014-jack-the-ripper.webp,Jack the Ripper,1888,@FactsOrWhacks,30,R. Taylor (R. & E. Taylor (Firm)) · Public domain
015-wright-brothers-first-flight.mp4,Wright Brothers First Flight (1903). 12 seconds. Changed FOREVER. Dec 17 1903 — Kitty Hawk. 120 feet. 12 seconds. @FactsOrWhacks #WrightBrothers #AviationHistory #FirstFlight #HistoryTok #FactsOrWhacks,#WrightBrothers #AviationHistory #FirstFlight #HistoryTok #FactsOrWhacks,Wright Brothers First Flight (1903). 12 seconds. Changed FOREVER. Dec 17 1903 — Kitty Hawk. 120 feet. 12 seconds.,15,015,facts-or-whacks-videos/015-wright-brothers-first-flight.mp4,facts-or-whacks-videos-001-050.zip,videos_30s_pack_001_050.zip,015-wright-brothers-first-flight.webp,Wright Brothers First Flight,1903,@FactsOrWhacks,30,John T. Daniels · Public domain
016-sinking-of-the-titanic.mp4,"Sinking of the Titanic (1500). Unsinkable. Sank in 3 HOURS. Lifeboats for HALF the people. The Titanic struck an iceberg on April 14, 1912, and sank in roughly three hours. @FactsOrWhacks #Titanic #Shipwreck #1912 #HistoryTok #FactsOrWhacks",#Titanic #Shipwreck #1912 #HistoryTok #FactsOrWhacks,"Sinking of the Titanic (1500). Unsinkable. Sank in 3 HOURS. Lifeboats for HALF the people. The Titanic struck an iceberg on April 14, 1912, and sank in roughly three hours.",16,016,facts-or-whacks-videos/016-sinking-of-the-titanic.mp4,facts-or-whacks-videos-001-050.zip,videos_30s_pack_001_050.zip,016-sinking-of-the-titanic.webp,Sinking of the Titanic,1500,@FactsOrWhacks,30,Francis Godolphin Osbourne Stuart · Public domain
017-world-war-i.mp4,World War I (1918). One assassination. 20 MILLION dead. Franz Ferdinand shot — 1914. Armistice Nov 11 1918. @FactsOrWhacks #WorldWar1 #WW1 #TrenchWarfare #MilitaryHistory #FactsOrWhacks,#WorldWar1 #WW1 #TrenchWarfare #MilitaryHistory #FactsOrWhacks,World War I (1918). One assassination. 20 MILLION dead. Franz Ferdinand shot — 1914. Armistice Nov 11 1918.,17,017,facts-or-whacks-videos/017-world-war-i.mp4,facts-or-whacks-videos-001-050.zip,videos_30s_pack_001_050.zip,017-world-war-i.webp,World War I,1918,@FactsOrWhacks,30,Collection DocAnciens/docpix.fr · Public domain
018-russian-revolution.mp4,Russian Revolution (1919). Two revolutions. One year. Empire gone. Tsar executed with his family. Civil war killed millions. @FactsOrWhacks #RussianRevolution #SovietUnion #Lenin #HistoryTok #FactsOrWhacks,#RussianRevolution #SovietUnion #Lenin #HistoryTok #FactsOrWhacks,Russian Revolution (1919). Two revolutions. One year. Empire gone. Tsar executed with his family. Civil war killed millions.,18,018,facts-or-whacks-videos/018-russian-revolution.mp4,facts-or-whacks-videos-001-050.zip,videos_30s_pack_001_050.zip,018-russian-revolution.webp,Russian Revolution,1919,@FactsOrWhacks,30,unknown; photo retake by George Shuklin · Public domain
019-roaring-twenties.mp4,Roaring Twenties (1929). Jazz. Flappers. Then it all CRASHED. Women got the vote — 1920. Flappers broke every rule. @FactsOrWhacks #RoaringTwenties #JazzAge #Flapper #1920s #FactsOrWhacks,#RoaringTwenties #JazzAge #Flapper #1920s #FactsOrWhacks,Roaring Twenties (1929). Jazz. Flappers. Then it all CRASHED. Women got the vote — 1920. Flappers broke every rule.,19,019,facts-or-whacks-videos/019-roaring-twenties.mp4,facts-or-whacks-videos-001-050.zip,videos_30s_pack_001_050.zip,019-roaring-twenties.webp,Roaring Twenties,1929,@FactsOrWhacks,30,"Walery , Polish-British, 1863-1929 · Public domain"
020-discovery-of-penicillin.mp4,Discovery of Penicillin (1928). Mold in a dish saved BILLIONS. Fleming — 1928 accident. Killed bacteria instantly. @FactsOrWhacks #Penicillin #MedicalHistory #ScienceFacts #HistoryTok #FactsOrWhacks,#Penicillin #MedicalHistory #ScienceFacts #HistoryTok #FactsOrWhacks,Discovery of Penicillin (1928). Mold in a dish saved BILLIONS. Fleming — 1928 accident. Killed bacteria instantly.,20,020,facts-or-whacks-videos/020-discovery-of-penicillin.mp4,facts-or-whacks-videos-001-050.zip,videos_30s_pack_001_050.zip,020-discovery-of-penicillin.webp,Discovery of Penicillin,1928,@FactsOrWhacks,30,Science Museum London / Science and Society Picture Library · CC BY-SA 4.0
021-great-depression.mp4,Great Depression (1929). One crash. A decade of HELL. Black Tuesday — Oct 29 1929. Dust Bowl destroyed farms. @FactsOrWhacks #GreatDepression #1930s #AmericanHistory #HistoryTok #FactsOrWhacks,#GreatDepression #1930s #AmericanHistory #HistoryTok #FactsOrWhacks,Great Depression (1929). One crash. A decade of HELL. Black Tuesday — Oct 29 1929. Dust Bowl destroyed farms.,21,021,facts-or-whacks-videos/021-great-depression.mp4,facts-or-whacks-videos-001-050.zip,videos_30s_pack_001_050.zip,021-great-depression.webp,Great Depression,1929,@FactsOrWhacks,30,Dorothea Lange · Public domain
022-world-war-ii.mp4,World War II (1937). 70-85 MILLION dead. Deadliest war EVER. Holocaust — 6 million Jews. Japan surrendered 1945. @FactsOrWhacks #WorldWar2 #WW2 #DDay #HistoryTok #FactsOrWhacks,#WorldWar2 #WW2 #DDay #HistoryTok #FactsOrWhacks,World War II (1937). 70-85 MILLION dead. Deadliest war EVER. Holocaust — 6 million Jews. Japan surrendered 1945.,22,022,facts-or-whacks-videos/022-world-war-ii.mp4,facts-or-whacks-videos-001-050.zip,videos_30s_pack_001_050.zip,022-world-war-ii.webp,World War II,1937,@FactsOrWhacks,30,"US Coast Guard, photo 26-G-2517 · Public domain"
023-d-day.mp4,"D-Day (1944). 156000 troops. One day. The longest day. June 6, 1944 — Normandy. 5 beaches. 156000 troops. @FactsOrWhacks #DDay #Normandy #WW2 #MilitaryHistory #FactsOrWhacks",#DDay #Normandy #WW2 #MilitaryHistory #FactsOrWhacks,"D-Day (1944). 156000 troops. One day. The longest day. June 6, 1944 — Normandy. 5 beaches. 156000 troops.",23,023,facts-or-whacks-videos/023-d-day.mp4,facts-or-whacks-videos-001-050.zip,videos_30s_pack_001_050.zip,023-d-day.webp,D-Day,1944,@FactsOrWhacks,30,"US Coast Guard, photo 26-G-2517 · Public domain"
024-the-holocaust.mp4,The Holocaust (1942). 6 million Jews. Systematically murdered. 6 million Jews murdered. Final Solution — Wannsee 1942. @FactsOrWhacks #Holocaust #NeverForget #WorldWar2 #HistoryMatters #FactsOrWhacks,#Holocaust #NeverForget #WorldWar2 #HistoryMatters #FactsOrWhacks,The Holocaust (1942). 6 million Jews. Systematically murdered. 6 million Jews murdered. Final Solution — Wannsee 1942.,24,024,facts-or-whacks-videos/024-the-holocaust.mp4,facts-or-whacks-videos-001-050.zip,videos_30s_pack_001_050.zip,024-the-holocaust.webp,The Holocaust,1942,@FactsOrWhacks,30,Bernhard Walter · Public domain
025-indian-independence.mp4,Indian Independence (1947). Nonviolence defeated the British Empire. Gandhi — peaceful resistance. Independence Aug 15 1947. @FactsOrWhacks #IndianIndependence #Partition #Gandhi #SouthAsianHistory #FactsOrWhacks,#IndianIndependence #Partition #Gandhi #SouthAsianHistory #FactsOrWhacks,Indian Independence (1947). Nonviolence defeated the British Empire. Gandhi — peaceful resistance. Independence Aug 15 1947.,25,025,facts-or-whacks-videos/025-indian-independence.mp4,facts-or-whacks-videos-001-050.zip,videos_30s_pack_001_050.zip,025-indian-independence.webp,Indian Independence,1947,@FactsOrWhacks,30,"British Information Services, an agency of the British Government, rest… · Public domain"
026-cold-war-and-space-race.mp4,Cold War and Space Race (1969). Two superpowers. 60000 nukes. Zero direct war. Moon landing — July 1969. Cuban Missile Crisis 1962. @FactsOrWhacks #ColdWar #SpaceRace #MoonLanding #HistoryTok #FactsOrWhacks,#ColdWar #SpaceRace #MoonLanding #HistoryTok #FactsOrWhacks,Cold War and Space Race (1969). Two superpowers. 60000 nukes. Zero direct war. Moon landing — July 1969. Cuban Missile Crisis 1962.,26,026,facts-or-whacks-videos/026-cold-war-and-space-race.mp4,facts-or-whacks-videos-001-050.zip,videos_30s_pack_001_050.zip,026-cold-war-and-space-race.webp,Cold War and Space Race,1969,@FactsOrWhacks,30,SpaceX · CC0
027-civil-rights-movement.mp4,Civil Rights Movement (1964). They said sit down. She said NO. Civil Rights Act — 1964. Voting Rights Act — 1965. @FactsOrWhacks #CivilRights #MLK #BlackHistory #HistoryMatters #FactsOrWhacks,#CivilRights #MLK #BlackHistory #HistoryMatters #FactsOrWhacks,Civil Rights Movement (1964). They said sit down. She said NO. Civil Rights Act — 1964. Voting Rights Act — 1965.,27,027,facts-or-whacks-videos/027-civil-rights-movement.mp4,facts-or-whacks-videos-001-050.zip,videos_30s_pack_001_050.zip,027-civil-rights-movement.webp,Civil Rights Movement,1964,@FactsOrWhacks,30,Rowland Scherman · Public domain
028-fall-of-the-berlin-wall.mp4,Fall of the Berlin Wall (1989). A wall divided a city for 28 YEARS. 140+ died trying to cross. Nov 9 1989 — gates opened. @FactsOrWhacks #BerlinWall #ColdWar #1989 #HistoryTok #FactsOrWhacks,#BerlinWall #ColdWar #1989 #HistoryTok #FactsOrWhacks,Fall of the Berlin Wall (1989). A wall divided a city for 28 YEARS. 140+ died trying to cross. Nov 9 1989 — gates opened.,28,028,facts-or-whacks-videos/028-fall-of-the-berlin-wall.mp4,facts-or-whacks-videos-001-050.zip,videos_30s_pack_001_050.zip,028-fall-of-the-berlin-wall.webp,Fall of the Berlin Wall,1989,@FactsOrWhacks,30,"Unknown photographer, Reproduction by Lear 21 at English Wikipedia . · CC BY-SA 3.0"
029-invention-of-the-internet.mp4,Invention of the Internet (1989). First message: LO. System crashed. World Wide Web — 1989. 5 billion people online. @FactsOrWhacks #InternetHistory #TechHistory #WorldWideWeb #DidYouKnow #FactsOrWhacks,#InternetHistory #TechHistory #WorldWideWeb #DidYouKnow #FactsOrWhacks,Invention of the Internet (1989). First message: LO. System crashed. World Wide Web — 1989. 5 billion people online.,29,029,facts-or-whacks-videos/029-invention-of-the-internet.mp4,facts-or-whacks-videos-001-050.zip,videos_30s_pack_001_050.zip,029-invention-of-the-internet.webp,Invention of the Internet,1989,@FactsOrWhacks,30,The Opte Project · CC BY 2.5
030-end-of-apartheid.mp4,End of Apartheid (1994). 27 years in prison. Then he became PRESIDENT. Apartheid was South Africa's legal system of racial segregation (1948-1994). Nelson Mandela spent 27 years in prison for anti-apartheid activism. @FactsOrWhacks #NelsonMandela #Apartheid #SouthAfrica #HistoryTok #FactsOrWhacks,#NelsonMandela #Apartheid #SouthAfrica #HistoryTok #FactsOrWhacks,End of Apartheid (1994). 27 years in prison. Then he became PRESIDENT. Apartheid was South Africa's legal system of racial segregation (1948-1994). Nelson Mandela spent 27 years in prison for anti-apartheid activism.,30,030,facts-or-whacks-videos/030-end-of-apartheid.mp4,facts-or-whacks-videos-001-050.zip,videos_30s_pack_001_050.zip,030-end-of-apartheid.webp,End of Apartheid,1994,@FactsOrWhacks,30,"Photo: Paul Weinberg, 1994 · CC BY-SA 3.0"
031-building-the-great-pyramids.mp4,Building the Great Pyramids. 2.3 million blocks. No cranes. Built circa 2560 BCE for Pharaoh Khufu. Each block weighed roughly 2.5 tons. @FactsOrWhacks #AncientEgypt #Pyramids #HistoryTok #DidYouKnow #FactsOrWhacks,#AncientEgypt #Pyramids #HistoryTok #DidYouKnow #FactsOrWhacks,Building the Great Pyramids. 2.3 million blocks. No cranes. Built circa 2560 BCE for Pharaoh Khufu. Each block weighed roughly 2.5 tons.,31,031,facts-or-whacks-videos/031-building-the-great-pyramids.mp4,facts-or-whacks-videos-001-050.zip,videos_30s_pack_001_050.zip,031-building-the-great-pyramids.webp,Building the Great Pyramids,,@FactsOrWhacks,30,Nina · CC BY 2.5
032-hammurabi-s-code.mp4,Hammurabi's Code (1901). 282 laws. Eye for an EYE. Carved on a 7-foot stone stele circa 1754 BCE. One of the oldest written legal codes. @FactsOrWhacks #Babylon #AncientHistory #Law #HistoryFacts #FactsOrWhacks,#Babylon #AncientHistory #Law #HistoryFacts #FactsOrWhacks,Hammurabi's Code (1901). 282 laws. Eye for an EYE. Carved on a 7-foot stone stele circa 1754 BCE. One of the oldest written legal codes.,32,032,facts-or-whacks-videos/032-hammurabi-s-code.mp4,facts-or-whacks-videos-001-050.zip,videos_30s_pack_001_050.zip,032-hammurabi-s-code.webp,Hammurabi's Code,1901,@FactsOrWhacks,30,Mbzt · CC BY 3.0
033-battle-of-thermopylae.mp4,Battle of Thermopylae. 300 Spartans. One million Persians. Battle of Thermopylae was fought August 480 BCE at a narrow mountain pass. King Leonidas led roughly 300 Spartans. @FactsOrWhacks #Sparta #AncientGreece #MilitaryHistory #HistoryTok #FactsOrWhacks,#Sparta #AncientGreece #MilitaryHistory #HistoryTok #FactsOrWhacks,Battle of Thermopylae. 300 Spartans. One million Persians. Battle of Thermopylae was fought August 480 BCE at a narrow mountain pass. King Leonidas led roughly 300 Spartans.,33,033,facts-or-whacks-videos/033-battle-of-thermopylae.mp4,facts-or-whacks-videos-001-050.zip,videos_30s_pack_001_050.zip,033-battle-of-thermopylae.webp,Battle of Thermopylae,,@FactsOrWhacks,30,Jacques-Louis David · Public domain
034-alexander-the-great.mp4,Alexander the Great. Dead at 32. Conquered the WORLD. King of Macedon from 336 to 323 BCE. Never lost a battle in 15 years of campaigning. @FactsOrWhacks #AlexanderTheGreat #AncientHistory #Conquest #HistoryTok #FactsOrWhacks,#AlexanderTheGreat #AncientHistory #Conquest #HistoryTok #FactsOrWhacks,Alexander the Great. Dead at 32. Conquered the WORLD. King of Macedon from 336 to 323 BCE. Never lost a battle in 15 years of campaigning.,34,034,facts-or-whacks-videos/034-alexander-the-great.mp4,facts-or-whacks-videos-001-050.zip,videos_30s_pack_001_050.zip,034-alexander-the-great.webp,Alexander the Great,,@FactsOrWhacks,30,Unknown author Unknown author · Public domain
035-assassination-of-julius-caesar.mp4,"Assassination of Julius Caesar. Et tu, Brute? 23 STABS. Murdered March 15 44 BCE the Ides of March. At least 60 senators plotted against him. @FactsOrWhacks #JuliusCaesar #AncientRome #Assassination #HistoryTok #FactsOrWhacks",#JuliusCaesar #AncientRome #Assassination #HistoryTok #FactsOrWhacks,"Assassination of Julius Caesar. Et tu, Brute? 23 STABS. Murdered March 15 44 BCE the Ides of March. At least 60 senators plotted against him.",35,035,facts-or-whacks-videos/035-assassination-of-julius-caesar.mp4,facts-or-whacks-videos-001-050.zip,videos_30s_pack_001_050.zip,035-assassination-of-julius-caesar.webp,Assassination of Julius Caesar,,@FactsOrWhacks,30,Vincenzo Camuccini · Public domain
036-fall-of-the-roman-empire.mp4,"Fall of the Roman Empire. 1,000 years. Then GONE. Western Empire fell officially in 476 CE. Barbarian general Odoacer deposed last emperor Romulus. @FactsOrWhacks #RomanEmpire #FallOfRome #AncientHistory #HistoryFacts #FactsOrWhacks",#RomanEmpire #FallOfRome #AncientHistory #HistoryFacts #FactsOrWhacks,"Fall of the Roman Empire. 1,000 years. Then GONE. Western Empire fell officially in 476 CE. Barbarian general Odoacer deposed last emperor Romulus.",36,036,facts-or-whacks-videos/036-fall-of-the-roman-empire.mp4,facts-or-whacks-videos-001-050.zip,videos_30s_pack_001_050.zip,036-fall-of-the-roman-empire.webp,Fall of the Roman Empire,,@FactsOrWhacks,30,Tataryn · CC BY-SA 3.0
037-spartacus-slave-revolt.mp4,"Spartacus Slave Revolt. 70,000 slaves. Rome TREMBLED. Began 73 BCE when gladiators escaped Capua. Spartacus a Thracian gladiator led the rebellion. @FactsOrWhacks #Spartacus #AncientRome #SlaveRevolt #HistoryTok #FactsOrWhacks",#Spartacus #AncientRome #SlaveRevolt #HistoryTok #FactsOrWhacks,"Spartacus Slave Revolt. 70,000 slaves. Rome TREMBLED. Began 73 BCE when gladiators escaped Capua. Spartacus a Thracian gladiator led the rebellion.",37,037,facts-or-whacks-videos/037-spartacus-slave-revolt.mp4,facts-or-whacks-videos-001-050.zip,videos_30s_pack_001_050.zip,037-spartacus-slave-revolt.webp,Spartacus Slave Revolt,,@FactsOrWhacks,30,"Carole Raddato from FRANKFURT, Germany · CC BY-SA 2.0"
038-cleopatra-s-egypt.mp4,Cleopatra's Egypt. She seduced TWO empires. Last active ruler of Ptolemaic Egypt. Spoke nine languages including Egyptian. @FactsOrWhacks #Cleopatra #AncientEgypt #Queens #HistoryTok #FactsOrWhacks,#Cleopatra #AncientEgypt #Queens #HistoryTok #FactsOrWhacks,Cleopatra's Egypt. She seduced TWO empires. Last active ruler of Ptolemaic Egypt. Spoke nine languages including Egyptian.,38,038,facts-or-whacks-videos/038-cleopatra-s-egypt.mp4,facts-or-whacks-videos-001-050.zip,videos_30s_pack_001_050.zip,038-cleopatra-s-egypt.webp,Cleopatra's Egypt,,@FactsOrWhacks,30,Louis le Grand · Public domain
039-hannibal-crosses-the-alps.mp4,Hannibal Crosses the Alps. Elephants. In the MOUNTAINS. Crossed Alps in 218 BCE with war elephants. Led Carthage against Rome in Second Punic War. @FactsOrWhacks #Hannibal #Carthage #MilitaryHistory #HistoryTok #FactsOrWhacks,#Hannibal #Carthage #MilitaryHistory #HistoryTok #FactsOrWhacks,Hannibal Crosses the Alps. Elephants. In the MOUNTAINS. Crossed Alps in 218 BCE with war elephants. Led Carthage against Rome in Second Punic War.,39,039,facts-or-whacks-videos/039-hannibal-crosses-the-alps.mp4,facts-or-whacks-videos-001-050.zip,videos_30s_pack_001_050.zip,039-hannibal-crosses-the-alps.webp,Hannibal Crosses the Alps,,@FactsOrWhacks,30,Fratelli Alinari · Public domain
040-the-trojan-war.mp4,The Trojan War. One horse. One city. LEGEND. Described in Homer's Iliad circa 8th century BCE. Archaeological site of Troy found in modern Turkey. @FactsOrWhacks #TrojanWar #AncientGreece #Mythology #HistoryTok #FactsOrWhacks,#TrojanWar #AncientGreece #Mythology #HistoryTok #FactsOrWhacks,The Trojan War. One horse. One city. LEGEND. Described in Homer's Iliad circa 8th century BCE. Archaeological site of Troy found in modern Turkey.,40,040,facts-or-whacks-videos/040-the-trojan-war.mp4,facts-or-whacks-videos-001-050.zip,videos_30s_pack_001_050.zip,040-the-trojan-war.webp,The Trojan War,,@FactsOrWhacks,30,"Sosias (potter, signed). Painting attributed to the Sosias Painter (nam… · Public domain"
041-death-of-socrates.mp4,Death of Socrates. He drank poison for QUESTIONS. Executed 399 BCE for corrupting Athenian youth. Chose hemlock over exile. @FactsOrWhacks #Socrates #Philosophy #AncientGreece #HistoryTok #FactsOrWhacks,#Socrates #Philosophy #AncientGreece #HistoryTok #FactsOrWhacks,Death of Socrates. He drank poison for QUESTIONS. Executed 399 BCE for corrupting Athenian youth. Chose hemlock over exile.,41,041,facts-or-whacks-videos/041-death-of-socrates.mp4,facts-or-whacks-videos-001-050.zip,videos_30s_pack_001_050.zip,041-death-of-socrates.webp,Death of Socrates,,@FactsOrWhacks,30,Jacques-Louis David · Public domain
042-the-terracotta-army.mp4,"The Terracotta Army (2007). 8,000 soldiers. Buried 2,000 YEARS. Discovered 1974 by farmers digging a well. Guards tomb of China's first emperor Qin Shi Huang. @FactsOrWhacks #TerracottaArmy #AncientChina #Archaeology #HistoryTok #FactsOrWhacks",#TerracottaArmy #AncientChina #Archaeology #HistoryTok #FactsOrWhacks,"The Terracotta Army (2007). 8,000 soldiers. Buried 2,000 YEARS. Discovered 1974 by farmers digging a well. Guards tomb of China's first emperor Qin Shi Huang.",42,042,facts-or-whacks-videos/042-the-terracotta-army.mp4,facts-or-whacks-videos-001-050.zip,videos_30s_pack_001_050.zip,042-the-terracotta-army.webp,The Terracotta Army,2007,@FactsOrWhacks,30,xiquinhosilva · CC BY 2.0
043-great-wall-of-china.mp4,"Great Wall of China. 13,000 miles. Built over CENTURIES. Construction began over 2,000 years ago. Not one wall but many sections and dynasties. @FactsOrWhacks #GreatWall #AncientChina #Architecture #HistoryFacts #FactsOrWhacks",#GreatWall #AncientChina #Architecture #HistoryFacts #FactsOrWhacks,"Great Wall of China. 13,000 miles. Built over CENTURIES. Construction began over 2,000 years ago. Not one wall but many sections and dynasties.",43,043,facts-or-whacks-videos/043-great-wall-of-china.mp4,facts-or-whacks-videos-001-050.zip,videos_30s_pack_001_050.zip,043-great-wall-of-china.webp,Great Wall of China,,@FactsOrWhacks,30,Severin.stalder · CC BY-SA 3.0
044-the-silk-road.mp4,"The Silk Road. 4,000 miles. Connected two WORLDS. Trade network linking China to Mediterranean. Silk spices paper and ideas flowed both ways. @FactsOrWhacks #SilkRoad #TradeHistory #AncientHistory #HistoryTok #FactsOrWhacks",#SilkRoad #TradeHistory #AncientHistory #HistoryTok #FactsOrWhacks,"The Silk Road. 4,000 miles. Connected two WORLDS. Trade network linking China to Mediterranean. Silk spices paper and ideas flowed both ways.",44,044,facts-or-whacks-videos/044-the-silk-road.mp4,facts-or-whacks-videos-001-050.zip,videos_30s_pack_001_050.zip,044-the-silk-road.webp,The Silk Road,,@FactsOrWhacks,30,Whole_world_-_land_and_oceans_12000.jpg : NASA/Goddard Space Flight Cen… · Public domain
045-mayan-civilization-collapse.mp4,Mayan Civilization Collapse. Advanced cities. Then EMPTY. Peak between 250 and 900 CE in Mesoamerica. Built pyramids calendars and writing system. @FactsOrWhacks #Mayan #Mesoamerica #LostCivilization #HistoryTok #FactsOrWhacks,#Mayan #Mesoamerica #LostCivilization #HistoryTok #FactsOrWhacks,Mayan Civilization Collapse. Advanced cities. Then EMPTY. Peak between 250 and 900 CE in Mesoamerica. Built pyramids calendars and writing system.,45,045,facts-or-whacks-videos/045-mayan-civilization-collapse.mp4,facts-or-whacks-videos-001-050.zip,videos_30s_pack_001_050.zip,045-mayan-civilization-collapse.webp,Mayan Civilization Collapse,,@FactsOrWhacks,30,Daniel Schwen · CC BY-SA 4.0
046-aztec-empire.mp4,"Aztec Empire (1428). 20,000 hearts in ONE ceremony. Capital Tenochtitlan built on a lake. Ruled central Mexico from 1428 to 1521. @FactsOrWhacks #Aztec #Mesoamerica #Empire #HistoryTok #FactsOrWhacks",#Aztec #Mesoamerica #Empire #HistoryTok #FactsOrWhacks,"Aztec Empire (1428). 20,000 hearts in ONE ceremony. Capital Tenochtitlan built on a lake. Ruled central Mexico from 1428 to 1521.",46,046,facts-or-whacks-videos/046-aztec-empire.mp4,facts-or-whacks-videos-001-050.zip,videos_30s_pack_001_050.zip,046-aztec-empire.webp,Aztec Empire,1428,@FactsOrWhacks,30,Badseed based on work by historicair which in turn was based on Madman2… · CC BY-SA 3.0
047-inca-empire.mp4,"Inca Empire (1572). 25,000 miles of roads. No WHEELS. Largest empire in pre-Columbian Americas. Capital Cusco high in Andes Mountains. @FactsOrWhacks #Inca #MachuPicchu #SouthAmerica #HistoryTok #FactsOrWhacks",#Inca #MachuPicchu #SouthAmerica #HistoryTok #FactsOrWhacks,"Inca Empire (1572). 25,000 miles of roads. No WHEELS. Largest empire in pre-Columbian Americas. Capital Cusco high in Andes Mountains.",47,047,facts-or-whacks-videos/047-inca-empire.mp4,facts-or-whacks-videos-001-050.zip,videos_30s_pack_001_050.zip,047-inca-empire.webp,Inca Empire,1572,@FactsOrWhacks,30,Pedro Szekely at https://www.flickr.com/photos/pedrosz/ · CC BY-SA 2.0
048-stonehenge-mystery.mp4,Stonehenge Mystery (2000). Built before Egypt's pyramids. WHY? Constructed 3000-2000 BCE on Salisbury Plain. Some stones dragged 150 miles from Wales. @FactsOrWhacks #Stonehenge #Megaliths #Mystery #HistoryTok #FactsOrWhacks,#Stonehenge #Megaliths #Mystery #HistoryTok #FactsOrWhacks,Stonehenge Mystery (2000). Built before Egypt's pyramids. WHY? Constructed 3000-2000 BCE on Salisbury Plain. Some stones dragged 150 miles from Wales.,48,048,facts-or-whacks-videos/048-stonehenge-mystery.mp4,facts-or-whacks-videos-001-050.zip,videos_30s_pack_001_050.zip,048-stonehenge-mystery.webp,Stonehenge Mystery,2000,@FactsOrWhacks,30,garethwiscombe · CC BY 2.0
049-rosetta-stone.mp4,Rosetta Stone (1799). One rock. Egypt UNLOCKED. Discovered 1799 by French soldiers in Egypt. Same decree in three scripts: hieroglyphics demotic Greek. @FactsOrWhacks #RosettaStone #AncientEgypt #Archaeology #DidYouKnow #FactsOrWhacks,#RosettaStone #AncientEgypt #Archaeology #DidYouKnow #FactsOrWhacks,Rosetta Stone (1799). One rock. Egypt UNLOCKED. Discovered 1799 by French soldiers in Egypt. Same decree in three scripts: hieroglyphics demotic Greek.,49,049,facts-or-whacks-videos/049-rosetta-stone.mp4,facts-or-whacks-videos-001-050.zip,videos_30s_pack_001_050.zip,049-rosetta-stone.webp,Rosetta Stone,1799,@FactsOrWhacks,30,Hans Hillewaert · CC BY-SA 4.0
050-pompeii-eruption.mp4,"Pompeii Eruption (1748). Buried ALIVE in 24 hours. Mount Vesuvius erupted in August 79 CE, burying the Roman city of Pompeii. Volcanic ash preserved bodies, buildings, and graffiti in extraordinary detail. @FactsOrWhacks #Pompeii #Volcano #AncientRome #HistoryTok #FactsOrWhacks",#Pompeii #Volcano #AncientRome #HistoryTok #FactsOrWhacks,"Pompeii Eruption (1748). Buried ALIVE in 24 hours. Mount Vesuvius erupted in August 79 CE, burying the Roman city of Pompeii. Volcanic ash preserved bodies, buildings, and graffiti in extraordinary detail.",50,050,facts-or-whacks-videos/050-pompeii-eruption.mp4,facts-or-whacks-videos-001-050.zip,videos_30s_pack_001_050.zip,050-pompeii-eruption.webp,Pompeii Eruption,1748,@FactsOrWhacks,30,John Martin · Public domain
051-library-of-alexandria.mp4,"Library of Alexandria. Biggest library ever. Then BURNED. Founded 3rd century BCE in Egypt. May have held 400,000 scrolls and manuscripts. @FactsOrWhacks #Alexandria #LostKnowledge #AncientHistory #HistoryTok #FactsOrWhacks",#Alexandria #LostKnowledge #AncientHistory #HistoryTok #FactsOrWhacks,"Library of Alexandria. Biggest library ever. Then BURNED. Founded 3rd century BCE in Egypt. May have held 400,000 scrolls and manuscripts.",51,051,facts-or-whacks-videos/051-library-of-alexandria.mp4,facts-or-whacks-videos-051-100.zip,videos_30s_pack_051_100.zip,051-library-of-alexandria.webp,Library of Alexandria,,@FactsOrWhacks,30,O. Von Corven · Public domain
052-phoenician-alphabet.mp4,Phoenician Alphabet (1050). 22 letters. You still use THEM. Developed circa 1050 BCE in modern Lebanon. First widely used phonetic alphabet. @FactsOrWhacks #Phoenician #Alphabet #AncientHistory #DidYouKnow #FactsOrWhacks,#Phoenician #Alphabet #AncientHistory #DidYouKnow #FactsOrWhacks,Phoenician Alphabet (1050). 22 letters. You still use THEM. Developed circa 1050 BCE in modern Lebanon. First widely used phonetic alphabet.,52,052,facts-or-whacks-videos/052-phoenician-alphabet.mp4,facts-or-whacks-videos-051-100.zip,videos_30s_pack_051_100.zip,052-phoenician-alphabet.webp,Phoenician Alphabet,1050,@FactsOrWhacks,30,Marsyas (2007) · CC BY 2.5
053-battle-of-marathon.mp4,Battle of Marathon. One messenger. 26 miles. DEAD. Athenians defeated Persian invasion 490 BCE. Outnumbered Greeks used disciplined phalanx. @FactsOrWhacks #Marathon #AncientGreece #MilitaryHistory #HistoryTok #FactsOrWhacks,#Marathon #AncientGreece #MilitaryHistory #HistoryTok #FactsOrWhacks,Battle of Marathon. One messenger. 26 miles. DEAD. Athenians defeated Persian invasion 490 BCE. Outnumbered Greeks used disciplined phalanx.,53,053,facts-or-whacks-videos/053-battle-of-marathon.mp4,facts-or-whacks-videos-051-100.zip,videos_30s_pack_051_100.zip,053-battle-of-marathon.webp,Battle of Marathon,,@FactsOrWhacks,30,John Steeple Davis · Public domain
054-qin-shi-huang-unification.mp4,Qin Shi Huang Unification. One emperor. One China. BURNED the books. First emperor unified China 221 BCE. Built early Great Wall and terracotta army. @FactsOrWhacks #QinDynasty #AncientChina #Emperor #HistoryTok #FactsOrWhacks,#QinDynasty #AncientChina #Emperor #HistoryTok #FactsOrWhacks,Qin Shi Huang Unification. One emperor. One China. BURNED the books. First emperor unified China 221 BCE. Built early Great Wall and terracotta army.,54,054,facts-or-whacks-videos/054-qin-shi-huang-unification.mp4,facts-or-whacks-videos-051-100.zip,videos_30s_pack_051_100.zip,054-qin-shi-huang-unification.webp,Qin Shi Huang Unification,,@FactsOrWhacks,30,Unknown artist Unknown artist · Public domain
055-roman-colosseum.mp4,"Roman Colosseum. 50,000 spectators. Death as SPORT. Completed 80 CE under Emperor Titus. Hosted gladiator fights and mock sea battles. @FactsOrWhacks #Colosseum #AncientRome #Gladiators #HistoryTok #FactsOrWhacks",#Colosseum #AncientRome #Gladiators #HistoryTok #FactsOrWhacks,"Roman Colosseum. 50,000 spectators. Death as SPORT. Completed 80 CE under Emperor Titus. Hosted gladiator fights and mock sea battles.",55,055,facts-or-whacks-videos/055-roman-colosseum.mp4,facts-or-whacks-videos-051-100.zip,videos_30s_pack_051_100.zip,055-roman-colosseum.webp,Roman Colosseum,,@FactsOrWhacks,30,FeaturedPics · CC BY-SA 4.0
056-constantine-and-christianity.mp4,Constantine and Christianity. One vision. One FAITH. Roman emperor from 306 to 337 CE. Legalized Christianity with Edict of Milan 313. @FactsOrWhacks #Constantine #Christianity #AncientRome #HistoryTok #FactsOrWhacks,#Constantine #Christianity #AncientRome #HistoryTok #FactsOrWhacks,Constantine and Christianity. One vision. One FAITH. Roman emperor from 306 to 337 CE. Legalized Christianity with Edict of Milan 313.,56,056,facts-or-whacks-videos/056-constantine-and-christianity.mp4,facts-or-whacks-videos-051-100.zip,videos_30s_pack_051_100.zip,056-constantine-and-christianity.webp,Constantine and Christianity,,@FactsOrWhacks,30,Bibliothèque nationale de France · Public domain
057-attila-the-hun.mp4,Attila the Hun. Scourge of God. Rome FEARED him. Led Hunnic Empire across Europe 434-453 CE. Demanded half the Western Roman Empire as tribute. @FactsOrWhacks #Attila #Huns #AncientHistory #HistoryTok #FactsOrWhacks,#Attila #Huns #AncientHistory #HistoryTok #FactsOrWhacks,Attila the Hun. Scourge of God. Rome FEARED him. Led Hunnic Empire across Europe 434-453 CE. Demanded half the Western Roman Empire as tribute.,57,057,facts-or-whacks-videos/057-attila-the-hun.mp4,facts-or-whacks-videos-051-100.zip,videos_30s_pack_051_100.zip,057-attila-the-hun.webp,Attila the Hun,,@FactsOrWhacks,30,Márk Kálti · Public domain
058-boudica-s-revolt.mp4,Boudica's Revolt. She burned London to the GROUND. Celtic queen of Iceni tribe in Britain. Romans flogged her and raped her daughters. @FactsOrWhacks #Boudica #CelticHistory #Britain #HistoryTok #FactsOrWhacks,#Boudica #CelticHistory #Britain #HistoryTok #FactsOrWhacks,Boudica's Revolt. She burned London to the GROUND. Celtic queen of Iceni tribe in Britain. Romans flogged her and raped her daughters.,58,058,facts-or-whacks-videos/058-boudica-s-revolt.mp4,facts-or-whacks-videos-051-100.zip,videos_30s_pack_051_100.zip,058-boudica-s-revolt.webp,Boudica's Revolt,,@FactsOrWhacks,30,John Opie · Public domain
059-ashoka-the-great.mp4,Ashoka the Great. Conqueror turned BUDDHIST. Mauryan emperor of India 268-232 BCE. Kalinga War deaths horrified him into peace. @FactsOrWhacks #Ashoka #IndianHistory #Buddhism #HistoryTok #FactsOrWhacks,#Ashoka #IndianHistory #Buddhism #HistoryTok #FactsOrWhacks,Ashoka the Great. Conqueror turned BUDDHIST. Mauryan emperor of India 268-232 BCE. Kalinga War deaths horrified him into peace.,59,059,facts-or-whacks-videos/059-ashoka-the-great.mp4,facts-or-whacks-videos-051-100.zip,videos_30s_pack_051_100.zip,059-ashoka-the-great.webp,Ashoka the Great,,@FactsOrWhacks,30,"Photo Dharma from Sadao, Thailand · CC BY 2.0"
060-destruction-of-carthage.mp4,Destruction of Carthage. Rome salted the EARTH. Third Punic War ended 146 BCE. Scipio Aemilianus razed city over 17 days. @FactsOrWhacks #Carthage #AncientRome #War #HistoryTok #FactsOrWhacks,#Carthage #AncientRome #War #HistoryTok #FactsOrWhacks,Destruction of Carthage. Rome salted the EARTH. Third Punic War ended 146 BCE. Scipio Aemilianus razed city over 17 days.,60,060,facts-or-whacks-videos/060-destruction-of-carthage.mp4,facts-or-whacks-videos-051-100.zip,videos_30s_pack_051_100.zip,060-destruction-of-carthage.webp,Destruction of Carthage,,@FactsOrWhacks,30,"Patrick Verdier, Free On Line Photos · Copyrighted free use"
061-minoan-eruption-of-thera.mp4,Minoan Eruption of Thera (1600). Volcano killed a CIVILIZATION. Massive eruption circa 1600 BCE near Crete. Devastated advanced Minoan civilization. @FactsOrWhacks #Thera #Volcano #AncientGreece #HistoryTok #FactsOrWhacks,#Thera #Volcano #AncientGreece #HistoryTok #FactsOrWhacks,Minoan Eruption of Thera (1600). Volcano killed a CIVILIZATION. Massive eruption circa 1600 BCE near Crete. Devastated advanced Minoan civilization.,61,061,facts-or-whacks-videos/061-minoan-eruption-of-thera.mp4,facts-or-whacks-videos-051-100.zip,videos_30s_pack_051_100.zip,061-minoan-eruption-of-thera.webp,Minoan Eruption of Thera,1600,@FactsOrWhacks,30,NASA · Public domain
062-oracle-of-delphi.mp4,Oracle of Delphi. Kings traveled WEEKS for her words. Priestess Pythia delivered prophecies for centuries. Sitting over volcanic fumes caused trance states. @FactsOrWhacks #Delphi #AncientGreece #Mystery #HistoryTok #FactsOrWhacks,#Delphi #AncientGreece #Mystery #HistoryTok #FactsOrWhacks,Oracle of Delphi. Kings traveled WEEKS for her words. Priestess Pythia delivered prophecies for centuries. Sitting over volcanic fumes caused trance states.,62,062,facts-or-whacks-videos/062-oracle-of-delphi.mp4,facts-or-whacks-videos-051-100.zip,videos_30s_pack_051_100.zip,062-oracle-of-delphi.webp,Oracle of Delphi,,@FactsOrWhacks,30,Anna Tziaki · CC BY-SA 4.0
063-egyptian-mummification.mp4,Egyptian Mummification. 70 days. Organs in JARS. Process took 70 days for elite Egyptians. Brain removed through nose with hooks. @FactsOrWhacks #Mummies #AncientEgypt #DeathRituals #HistoryTok #FactsOrWhacks,#Mummies #AncientEgypt #DeathRituals #HistoryTok #FactsOrWhacks,Egyptian Mummification. 70 days. Organs in JARS. Process took 70 days for elite Egyptians. Brain removed through nose with hooks.,63,063,facts-or-whacks-videos/063-egyptian-mummification.mp4,facts-or-whacks-videos-051-100.zip,videos_30s_pack_051_100.zip,063-egyptian-mummification.webp,Egyptian Mummification,,@FactsOrWhacks,30,Hunefer · Public domain
064-invention-of-writing.mp4,Invention of Writing. First words EVER carved in clay. Sumerian cuneiform circa 3200 BCE in Mesopotamia. Started as accounting marks on clay tablets. @FactsOrWhacks #Writing #Sumer #AncientHistory #DidYouKnow #FactsOrWhacks,#Writing #Sumer #AncientHistory #DidYouKnow #FactsOrWhacks,Invention of Writing. First words EVER carved in clay. Sumerian cuneiform circa 3200 BCE in Mesopotamia. Started as accounting marks on clay tablets.,64,064,facts-or-whacks-videos/064-invention-of-writing.mp4,facts-or-whacks-videos-051-100.zip,videos_30s_pack_051_100.zip,064-invention-of-writing.webp,Invention of Writing,,@FactsOrWhacks,30,Hans Hillewaert · CC BY-SA 4.0
065-battle-of-cannae.mp4,"Battle of Cannae. Rome's worst defeat. 50,000 DEAD. Hannibal's masterpiece August 216 BCE. Double envelopment surrounded Roman army. @FactsOrWhacks #Cannae #Hannibal #MilitaryHistory #HistoryTok #FactsOrWhacks",#Cannae #Hannibal #MilitaryHistory #HistoryTok #FactsOrWhacks,"Battle of Cannae. Rome's worst defeat. 50,000 DEAD. Hannibal's masterpiece August 216 BCE. Double envelopment surrounded Roman army.",65,065,facts-or-whacks-videos/065-battle-of-cannae.mp4,facts-or-whacks-videos-051-100.zip,videos_30s_pack_051_100.zip,065-battle-of-cannae.webp,Battle of Cannae,,@FactsOrWhacks,30,John Trumbull · Public domain
066-nazca-lines.mp4,Nazca Lines. Giant drawings. Only visible from SKY. Created 500 BCE to 500 CE in Peru desert. Include monkey spider hummingbird and whale. @FactsOrWhacks #NazcaLines #Peru #Mystery #HistoryTok #FactsOrWhacks,#NazcaLines #Peru #Mystery #HistoryTok #FactsOrWhacks,Nazca Lines. Giant drawings. Only visible from SKY. Created 500 BCE to 500 CE in Peru desert. Include monkey spider hummingbird and whale.,66,066,facts-or-whacks-videos/066-nazca-lines.mp4,facts-or-whacks-videos-051-100.zip,videos_30s_pack_051_100.zip,066-nazca-lines.webp,Nazca Lines,,@FactsOrWhacks,30,Diego Delso · CC BY-SA 4.0
067-hanging-gardens-of-babylon.mp4,Hanging Gardens of Babylon. One of seven wonders. Never FOUND. Described by ancient Greek historians. Said to be tiered gardens in ancient Babylon. @FactsOrWhacks #Babylon #SevenWonders #Mystery #HistoryTok #FactsOrWhacks,#Babylon #SevenWonders #Mystery #HistoryTok #FactsOrWhacks,Hanging Gardens of Babylon. One of seven wonders. Never FOUND. Described by ancient Greek historians. Said to be tiered gardens in ancient Babylon.,67,067,facts-or-whacks-videos/067-hanging-gardens-of-babylon.mp4,facts-or-whacks-videos-051-100.zip,videos_30s_pack_051_100.zip,067-hanging-gardens-of-babylon.webp,Hanging Gardens of Babylon,,@FactsOrWhacks,30,Unknown author Unknown author · Public domain
068-peloponnesian-war.mp4,Peloponnesian War. Athens vs Sparta. Both LOST. 27-year conflict 431-404 BCE. Athens' empire vs Sparta's land power. @FactsOrWhacks #PeloponnesianWar #AncientGreece #War #HistoryTok #FactsOrWhacks,#PeloponnesianWar #AncientGreece #War #HistoryTok #FactsOrWhacks,Peloponnesian War. Athens vs Sparta. Both LOST. 27-year conflict 431-404 BCE. Athens' empire vs Sparta's land power.,68,068,facts-or-whacks-videos/068-peloponnesian-war.mp4,facts-or-whacks-videos-051-100.zip,videos_30s_pack_051_100.zip,068-peloponnesian-war.webp,Peloponnesian War,,@FactsOrWhacks,30,"U.S. Army Cartographer, as amended by uploader to correct spelling mist… · Public domain"
069-burning-of-persepolis.mp4,Burning of Persepolis. Alexander burned the Persian capital. Alexander the Great entered Persepolis 330 BCE. Legend says he burned palace in drunken rage. @FactsOrWhacks #Persepolis #Persia #AlexanderTheGreat #HistoryTok #FactsOrWhacks,#Persepolis #Persia #AlexanderTheGreat #HistoryTok #FactsOrWhacks,Burning of Persepolis. Alexander burned the Persian capital. Alexander the Great entered Persepolis 330 BCE. Legend says he burned palace in drunken rage.,69,069,facts-or-whacks-videos/069-burning-of-persepolis.mp4,facts-or-whacks-videos-051-100.zip,videos_30s_pack_051_100.zip,069-burning-of-persepolis.webp,Burning of Persepolis,,@FactsOrWhacks,30,Pentocelo · Public domain
070-oracle-bones-of-china.mp4,"Oracle Bones of China (1200). 3,000-year-old questions to GHOSTS. Shang Dynasty divination circa 1200 BCE. Questions carved on ox scapula and turtle shells. @FactsOrWhacks #OracleBones #AncientChina #Archaeology #HistoryTok #FactsOrWhacks",#OracleBones #AncientChina #Archaeology #HistoryTok #FactsOrWhacks,"Oracle Bones of China (1200). 3,000-year-old questions to GHOSTS. Shang Dynasty divination circa 1200 BCE. Questions carved on ox scapula and turtle shells.",70,070,facts-or-whacks-videos/070-oracle-bones-of-china.mp4,facts-or-whacks-videos-051-100.zip,videos_30s_pack_051_100.zip,070-oracle-bones-of-china.webp,Oracle Bones of China,1200,@FactsOrWhacks,30,User Herr Klugbeisser on de.wikipedia Geschossen von im Shanghai -Museu… · CC BY-SA 3.0
071-black-death.mp4,Black Death (1353). Half of Europe. DEAD in 4 years. Pandemic 1347-1351 via fleas on rats. Killed 30-60 percent of Europe's population. @FactsOrWhacks #BlackDeath #Medieval #Plague #HistoryTok #FactsOrWhacks,#BlackDeath #Medieval #Plague #HistoryTok #FactsOrWhacks,Black Death (1353). Half of Europe. DEAD in 4 years. Pandemic 1347-1351 via fleas on rats. Killed 30-60 percent of Europe's population.,71,071,facts-or-whacks-videos/071-black-death.mp4,facts-or-whacks-videos-051-100.zip,videos_30s_pack_051_100.zip,071-black-death.webp,Black Death,1353,@FactsOrWhacks,30,Pierart dou Tielt (fl. 1340-1360) · Public domain
072-the-crusades.mp4,The Crusades (1291). 200 years. 9 wars. Holy LAND. Series of religious wars 1095-1291. Pope Urban II called First Crusade 1095. @FactsOrWhacks #Crusades #Medieval #ReligiousWar #HistoryTok #FactsOrWhacks,#Crusades #Medieval #ReligiousWar #HistoryTok #FactsOrWhacks,The Crusades (1291). 200 years. 9 wars. Holy LAND. Series of religious wars 1095-1291. Pope Urban II called First Crusade 1095.,72,072,facts-or-whacks-videos/072-the-crusades.mp4,facts-or-whacks-videos-051-100.zip,videos_30s_pack_051_100.zip,072-the-crusades.webp,The Crusades,1291,@FactsOrWhacks,30,Jean Colombe · Public domain
073-genghis-khan.mp4,Genghis Khan (1167). 40 million dead. Largest empire EVER. Founded Mongol Empire 1206. Conquered more land than anyone in history. @FactsOrWhacks #GenghisKhan #Mongols #Empire #HistoryTok #FactsOrWhacks,#GenghisKhan #Mongols #Empire #HistoryTok #FactsOrWhacks,Genghis Khan (1167). 40 million dead. Largest empire EVER. Founded Mongol Empire 1206. Conquered more land than anyone in history.,73,073,facts-or-whacks-videos/073-genghis-khan.mp4,facts-or-whacks-videos-051-100.zip,videos_30s_pack_051_100.zip,073-genghis-khan.webp,Genghis Khan,1167,@FactsOrWhacks,30,Unknown author Unknown author · Public domain
074-joan-of-arc.mp4,Joan of Arc (1431). Teen girl. Led an ARMY. Peasant girl born 1412 in Domremy France. Heard voices telling her to save France. @FactsOrWhacks #JoanOfArc #Medieval #France #HistoryTok #FactsOrWhacks,#JoanOfArc #Medieval #France #HistoryTok #FactsOrWhacks,Joan of Arc (1431). Teen girl. Led an ARMY. Peasant girl born 1412 in Domremy France. Heard voices telling her to save France.,74,074,facts-or-whacks-videos/074-joan-of-arc.mp4,facts-or-whacks-videos-051-100.zip,videos_30s_pack_051_100.zip,074-joan-of-arc.webp,Joan of Arc,1431,@FactsOrWhacks,30,Derived from original commons upload at which is now in the history ver… · Public domain
075-magna-carta.mp4,"Magna Carta (1215). A king forced to SIGN his power away. Signed June 15, 1215 at Runnymede England. King John forced by rebellious barons. @FactsOrWhacks #MagnaCarta #Medieval #Law #HistoryFacts #FactsOrWhacks",#MagnaCarta #Medieval #Law #HistoryFacts #FactsOrWhacks,"Magna Carta (1215). A king forced to SIGN his power away. Signed June 15, 1215 at Runnymede England. King John forced by rebellious barons.",75,075,facts-or-whacks-videos/075-magna-carta.mp4,facts-or-whacks-videos-051-100.zip,videos_30s_pack_051_100.zip,075-magna-carta.webp,Magna Carta,1215,@FactsOrWhacks,30,Original authors were the barons and King John of England . Uploaded by… · Public domain
076-viking-age.mp4,Viking Age (1066). They hit England. Then LEFT. Raided and traded 793-1066 CE. Lindisfarne monastery raid 793 started the era. @FactsOrWhacks #Vikings #Medieval #NorseHistory #HistoryTok #FactsOrWhacks,#Vikings #Medieval #NorseHistory #HistoryTok #FactsOrWhacks,Viking Age (1066). They hit England. Then LEFT. Raided and traded 793-1066 CE. Lindisfarne monastery raid 793 started the era.,76,076,facts-or-whacks-videos/076-viking-age.mp4,facts-or-whacks-videos-051-100.zip,videos_30s_pack_051_100.zip,076-viking-age.webp,Viking Age,1066,@FactsOrWhacks,30,historical museum · CC BY 2.5
077-marco-polo-in-china.mp4,Marco Polo in China (1271). 24 years in China. Europe couldn't BELIEVE it. Left Venice 1271 age 17 with father and uncle. Spent 17 years in Kublai Khan's court. @FactsOrWhacks #MarcoPolo #Medieval #Exploration #HistoryTok #FactsOrWhacks,#MarcoPolo #Medieval #Exploration #HistoryTok #FactsOrWhacks,Marco Polo in China (1271). 24 years in China. Europe couldn't BELIEVE it. Left Venice 1271 age 17 with father and uncle. Spent 17 years in Kublai Khan's court.,77,077,facts-or-whacks-videos/077-marco-polo-in-china.mp4,facts-or-whacks-videos-051-100.zip,videos_30s_pack_051_100.zip,077-marco-polo-in-china.webp,Marco Polo in China,1271,@FactsOrWhacks,30,"[1] , but also many other copies online. · Public domain"
078-battle-of-hastings.mp4,"Battle of Hastings (1066). One arrow. England CHANGED forever. Battle of Hastings was fought October 14, 1066 in England. William Duke of Normandy vs King Harold. @FactsOrWhacks #Hastings #1066 #BritishHistory #HistoryTok #FactsOrWhacks",#Hastings #1066 #BritishHistory #HistoryTok #FactsOrWhacks,"Battle of Hastings (1066). One arrow. England CHANGED forever. Battle of Hastings was fought October 14, 1066 in England. William Duke of Normandy vs King Harold.",78,078,facts-or-whacks-videos/078-battle-of-hastings.mp4,facts-or-whacks-videos-051-100.zip,videos_30s_pack_051_100.zip,078-battle-of-hastings.webp,Battle of Hastings,1066,@FactsOrWhacks,30,Myrabella · Public domain
079-gutenberg-printing-press.mp4,Gutenberg Printing Press (1600). One invention. Knowledge EXPLODED. Johannes Gutenberg printed Bible circa 1455. Movable type revolutionized book production. @FactsOrWhacks #Gutenberg #PrintingPress #Medieval #HistoryTok #FactsOrWhacks,#Gutenberg #PrintingPress #Medieval #HistoryTok #FactsOrWhacks,Gutenberg Printing Press (1600). One invention. Knowledge EXPLODED. Johannes Gutenberg printed Bible circa 1455. Movable type revolutionized book production.,79,079,facts-or-whacks-videos/079-gutenberg-printing-press.mp4,facts-or-whacks-videos-051-100.zip,videos_30s_pack_051_100.zip,079-gutenberg-printing-press.webp,Gutenberg Printing Press,1600,@FactsOrWhacks,30,"Moses, et al. · CC BY-SA 3.0"
080-charlemagne.mp4,Charlemagne. King of the Franks. Father of EUROPE. Crowned Holy Roman Emperor 800 CE. United much of Western Europe by conquest. @FactsOrWhacks #Charlemagne #Medieval #Europe #HistoryTok #FactsOrWhacks,#Charlemagne #Medieval #Europe #HistoryTok #FactsOrWhacks,Charlemagne. King of the Franks. Father of EUROPE. Crowned Holy Roman Emperor 800 CE. United much of Western Europe by conquest.,80,080,facts-or-whacks-videos/080-charlemagne.mp4,facts-or-whacks-videos-051-100.zip,videos_30s_pack_051_100.zip,080-charlemagne.webp,Charlemagne,,@FactsOrWhacks,30,Charlemagne. Autorité émettrice de monnaie indéterminé. Atelier monétai… · Public domain
081-fall-of-constantinople.mp4,"Fall of Constantinople (1453). 1,000-year empire. Gone in 53 DAYS. Ottoman Sultan Mehmed II besieged 1453. Byzantine Empire's capital finally fell May 29. @FactsOrWhacks #Constantinople #Byzantine #Ottoman #HistoryTok #FactsOrWhacks",#Constantinople #Byzantine #Ottoman #HistoryTok #FactsOrWhacks,"Fall of Constantinople (1453). 1,000-year empire. Gone in 53 DAYS. Ottoman Sultan Mehmed II besieged 1453. Byzantine Empire's capital finally fell May 29.",81,081,facts-or-whacks-videos/081-fall-of-constantinople.mp4,facts-or-whacks-videos-051-100.zip,videos_30s_pack_051_100.zip,081-fall-of-constantinople.webp,Fall of Constantinople,1453,@FactsOrWhacks,30,DimiTalen · CC0
082-knights-templar.mp4,Knights Templar (1119). Warriors. Bankers. Then EXTERMINATED. Founded 1119 to protect pilgrims in Holy Land. Became medieval Europe's first international bankers. @FactsOrWhacks #KnightsTemplar #Medieval #SecretHistory #HistoryTok #FactsOrWhacks,#KnightsTemplar #Medieval #SecretHistory #HistoryTok #FactsOrWhacks,Knights Templar (1119). Warriors. Bankers. Then EXTERMINATED. Founded 1119 to protect pilgrims in Holy Land. Became medieval Europe's first international bankers.,82,082,facts-or-whacks-videos/082-knights-templar.mp4,facts-or-whacks-videos-051-100.zip,videos_30s_pack_051_100.zip,082-knights-templar.webp,Knights Templar,1119,@FactsOrWhacks,30,Silenthill02 · CC BY-SA 3.0
083-hundred-years-war.mp4,Hundred Years War (1453). 116 years. One teenager with a SWORD. England vs France 1337-1453. Joan of Arc turned tide for France. @FactsOrWhacks #HundredYearsWar #Medieval #MilitaryHistory #HistoryTok #FactsOrWhacks,#HundredYearsWar #Medieval #MilitaryHistory #HistoryTok #FactsOrWhacks,Hundred Years War (1453). 116 years. One teenager with a SWORD. England vs France 1337-1453. Joan of Arc turned tide for France.,83,083,facts-or-whacks-videos/083-hundred-years-war.mp4,facts-or-whacks-videos-051-100.zip,videos_30s_pack_051_100.zip,083-hundred-years-war.webp,Hundred Years War,1453,@FactsOrWhacks,30,Blaue Max · CC BY-SA 4.0
084-spanish-inquisition.mp4,Spanish Inquisition (1478). Nobody expected it. Established 1478 by Ferdinand and Isabella. Targeted converted Jews and Muslims suspected of heresy. @FactsOrWhacks #SpanishInquisition #Medieval #Religion #HistoryTok #FactsOrWhacks,#SpanishInquisition #Medieval #Religion #HistoryTok #FactsOrWhacks,Spanish Inquisition (1478). Nobody expected it. Established 1478 by Ferdinand and Isabella. Targeted converted Jews and Muslims suspected of heresy.,84,084,facts-or-whacks-videos/084-spanish-inquisition.mp4,facts-or-whacks-videos-051-100.zip,videos_30s_pack_051_100.zip,084-spanish-inquisition.webp,Spanish Inquisition,1478,@FactsOrWhacks,30,Joseph-Nicolas Robert-Fleury · Public domain
085-viking-discovery-of-america.mp4,Viking Discovery of America (1021). 500 years BEFORE Columbus. Leif Erikson reached North America circa 1000 CE. Land called Vinland in Norse sagas. @FactsOrWhacks #Vikings #Vinland #Exploration #HistoryTok #FactsOrWhacks,#Vikings #Vinland #Exploration #HistoryTok #FactsOrWhacks,Viking Discovery of America (1021). 500 years BEFORE Columbus. Leif Erikson reached North America circa 1000 CE. Land called Vinland in Norse sagas.,85,085,facts-or-whacks-videos/085-viking-discovery-of-america.mp4,facts-or-whacks-videos-051-100.zip,videos_30s_pack_051_100.zip,085-viking-discovery-of-america.webp,Viking Discovery of America,1021,@FactsOrWhacks,30,D. Gordon E. Robertson · CC BY-SA 3.0
086-siege-of-orleans.mp4,Siege of Orleans (1429). Joan's first victory. France REBORN. English besieged Orleans October 1428. Joan of Arc arrived April 1429. @FactsOrWhacks #Orleans #JoanOfArc #Medieval #HistoryTok #FactsOrWhacks,#Orleans #JoanOfArc #Medieval #HistoryTok #FactsOrWhacks,Siege of Orleans (1429). Joan's first victory. France REBORN. English besieged Orleans October 1428. Joan of Arc arrived April 1429.,86,086,facts-or-whacks-videos/086-siege-of-orleans.mp4,facts-or-whacks-videos-051-100.zip,videos_30s_pack_051_100.zip,086-siege-of-orleans.webp,Siege of Orleans,1429,@FactsOrWhacks,30,Eugène Lenepveu · Public domain
087-domesday-book.mp4,Domesday Book (1086). 1086 census. Every cow COUNTED. William the Conqueror ordered survey 1086. Recorded land ownership across England. @FactsOrWhacks #DomesdayBook #Medieval #Britain #HistoryFacts #FactsOrWhacks,#DomesdayBook #Medieval #Britain #HistoryFacts #FactsOrWhacks,Domesday Book (1086). 1086 census. Every cow COUNTED. William the Conqueror ordered survey 1086. Recorded land ownership across England.,87,087,facts-or-whacks-videos/087-domesday-book.mp4,facts-or-whacks-videos-051-100.zip,videos_30s_pack_051_100.zip,087-domesday-book.webp,Domesday Book,1086,@FactsOrWhacks,30,"Andrews, William · Public domain"
088-battle-of-agincourt.mp4,"Battle of Agincourt (1415). English longbows vs French KNIGHTS. Battle of Agincourt was fought October 25, 1415 in France. Henry V's outnumbered army won decisively. @FactsOrWhacks #Agincourt #Medieval #MilitaryHistory #HistoryTok #FactsOrWhacks",#Agincourt #Medieval #MilitaryHistory #HistoryTok #FactsOrWhacks,"Battle of Agincourt (1415). English longbows vs French KNIGHTS. Battle of Agincourt was fought October 25, 1415 in France. Henry V's outnumbered army won decisively.",88,088,facts-or-whacks-videos/088-battle-of-agincourt.mp4,facts-or-whacks-videos-051-100.zip,videos_30s_pack_051_100.zip,088-battle-of-agincourt.webp,Battle of Agincourt,1415,@FactsOrWhacks,30,"Antoine Leduc, Sylvie Leluc et Olivier Renaudeau (dir.), D'Azincourt à… · Public domain"
089-reconquista-of-spain.mp4,Reconquista of Spain (1492). 700 years to take Spain BACK. Christian kingdoms reconquered Iberia 718-1492. Granada last Muslim kingdom fell 1492. @FactsOrWhacks #Reconquista #Medieval #Spain #HistoryTok #FactsOrWhacks,#Reconquista #Medieval #Spain #HistoryTok #FactsOrWhacks,Reconquista of Spain (1492). 700 years to take Spain BACK. Christian kingdoms reconquered Iberia 718-1492. Granada last Muslim kingdom fell 1492.,89,089,facts-or-whacks-videos/089-reconquista-of-spain.mp4,facts-or-whacks-videos-051-100.zip,videos_30s_pack_051_100.zip,089-reconquista-of-spain.webp,Reconquista of Spain,1492,@FactsOrWhacks,30,Bert K. · CC BY 2.0
090-william-wallace.mp4,William Wallace (1305). Freedom. One kilogram at a TIME. Scottish knight led resistance against England. Victory at Battle of Stirling Bridge 1297. @FactsOrWhacks #WilliamWallace #Scotland #Medieval #HistoryTok #FactsOrWhacks,#WilliamWallace #Scotland #Medieval #HistoryTok #FactsOrWhacks,William Wallace (1305). Freedom. One kilogram at a TIME. Scottish knight led resistance against England. Victory at Battle of Stirling Bridge 1297.,90,090,facts-or-whacks-videos/090-william-wallace.mp4,facts-or-whacks-videos-051-100.zip,videos_30s_pack_051_100.zip,090-william-wallace.webp,William Wallace,1305,@FactsOrWhacks,30,"11th Earl of Buchan, David Stuart Erskine, · Public domain"
091-mongol-sack-of-baghdad.mp4,Mongol Sack of Baghdad (1258). Libraries thrown in the TIGRIS. Hulagu Khan besieged Baghdad 1258. House of Wisdom library destroyed. @FactsOrWhacks #Baghdad #Mongols #Medieval #HistoryTok #FactsOrWhacks,#Baghdad #Mongols #Medieval #HistoryTok #FactsOrWhacks,Mongol Sack of Baghdad (1258). Libraries thrown in the TIGRIS. Hulagu Khan besieged Baghdad 1258. House of Wisdom library destroyed.,91,091,facts-or-whacks-videos/091-mongol-sack-of-baghdad.mp4,facts-or-whacks-videos-051-100.zip,videos_30s_pack_051_100.zip,091-mongol-sack-of-baghdad.webp,Mongol Sack of Baghdad,1258,@FactsOrWhacks,30,Sayf al-vâhidî et al. · Public domain
092-blackbeard-the-pirate.mp4,Blackbeard the Pirate (1718). 14 wives. 40 cannons. LEGEND. Real name Edward Teach or Thatch. Terrorized American colonies 1716-1718. @FactsOrWhacks #Blackbeard #Pirates #TrueCrime #HistoryTok #FactsOrWhacks,#Blackbeard #Pirates #TrueCrime #HistoryTok #FactsOrWhacks,Blackbeard the Pirate (1718). 14 wives. 40 cannons. LEGEND. Real name Edward Teach or Thatch. Terrorized American colonies 1716-1718.,92,092,facts-or-whacks-videos/092-blackbeard-the-pirate.mp4,facts-or-whacks-videos-051-100.zip,videos_30s_pack_051_100.zip,092-blackbeard-the-pirate.webp,Blackbeard the Pirate,1718,@FactsOrWhacks,30,Joseph Nicholls (fl. 1726–55). [1] Although James Basire (1730–1802) is… · Public domain
093-peasants-revolt-of-1381.mp4,"Peasants Revolt of 1381 (1381). Serfs marched on LONDON. Triggered by poll tax in England. Wat Tyler led 60,000 rebels to London. @FactsOrWhacks #PeasantsRevolt #Medieval #Britain #HistoryTok #FactsOrWhacks",#PeasantsRevolt #Medieval #Britain #HistoryTok #FactsOrWhacks,"Peasants Revolt of 1381 (1381). Serfs marched on LONDON. Triggered by poll tax in England. Wat Tyler led 60,000 rebels to London.",93,093,facts-or-whacks-videos/093-peasants-revolt-of-1381.mp4,facts-or-whacks-videos-051-100.zip,videos_30s_pack_051_100.zip,093-peasants-revolt-of-1381.webp,Peasants Revolt of 1381,1381,@FactsOrWhacks,30,Jean Froissart · Public domain
094-battle-of-tours.mp4,Battle of Tours. Charles Martel stopped Islam in FRANCE. Battle of Tours was fought 732 CE near Poitiers France. Frankish forces under Charles Martel. @FactsOrWhacks #BattleOfTours #Medieval #MilitaryHistory #HistoryTok #FactsOrWhacks,#BattleOfTours #Medieval #MilitaryHistory #HistoryTok #FactsOrWhacks,Battle of Tours. Charles Martel stopped Islam in FRANCE. Battle of Tours was fought 732 CE near Poitiers France. Frankish forces under Charles Martel.,94,094,facts-or-whacks-videos/094-battle-of-tours.mp4,facts-or-whacks-videos-051-100.zip,videos_30s_pack_051_100.zip,094-battle-of-tours.webp,Battle of Tours,,@FactsOrWhacks,30,Charles de Steuben · Public domain
095-song-dynasty-gunpowder.mp4,Song Dynasty Gunpowder. They invented GUNPOWDER. Changed war. Gunpowder invented circa 9th century China. Song Dynasty used it in warfare by 11th century. @FactsOrWhacks #Gunpowder #AncientChina #Invention #HistoryTok #FactsOrWhacks,#Gunpowder #AncientChina #Invention #HistoryTok #FactsOrWhacks,Song Dynasty Gunpowder. They invented GUNPOWDER. Changed war. Gunpowder invented circa 9th century China. Song Dynasty used it in warfare by 11th century.,95,095,facts-or-whacks-videos/095-song-dynasty-gunpowder.mp4,facts-or-whacks-videos-051-100.zip,videos_30s_pack_051_100.zip,095-song-dynasty-gunpowder.webp,Song Dynasty Gunpowder,,@FactsOrWhacks,30,PericlesofAthens · Public domain
096-medieval-witch-hunts.mp4,Medieval Witch Hunts (1630). Thousands burned. Most were WOMEN. Peak persecutions 1450-1750 in Europe. Malleus Maleficarum witch-hunting manual 1487. @FactsOrWhacks #WitchTrials #Medieval #DarkHistory #HistoryTok #FactsOrWhacks,#WitchTrials #Medieval #DarkHistory #HistoryTok #FactsOrWhacks,Medieval Witch Hunts (1630). Thousands burned. Most were WOMEN. Peak persecutions 1450-1750 in Europe. Malleus Maleficarum witch-hunting manual 1487.,96,096,facts-or-whacks-videos/096-medieval-witch-hunts.mp4,facts-or-whacks-videos-051-100.zip,videos_30s_pack_051_100.zip,096-medieval-witch-hunts.webp,Medieval Witch Hunts,1630,@FactsOrWhacks,30,Johann Jakob Wick · Public domain
097-bayeux-tapestry.mp4,Bayeux Tapestry (1066). 230 feet. One battle DOCUMENTED. Embroidered cloth circa 1070s in England. Depicts Norman Conquest of 1066. @FactsOrWhacks #BayeuxTapestry #Medieval #ArtHistory #HistoryTok #FactsOrWhacks,#BayeuxTapestry #Medieval #ArtHistory #HistoryTok #FactsOrWhacks,Bayeux Tapestry (1066). 230 feet. One battle DOCUMENTED. Embroidered cloth circa 1070s in England. Depicts Norman Conquest of 1066.,97,097,facts-or-whacks-videos/097-bayeux-tapestry.mp4,facts-or-whacks-videos-051-100.zip,videos_30s_pack_051_100.zip,097-bayeux-tapestry.webp,Bayeux Tapestry,1066,@FactsOrWhacks,30,Myrabella · Public domain
098-el-cid.mp4,El Cid (1102). Christian hero. Muslim ALLY. Rodrigo Diaz de Vivar 11th century knight. El Cid was fought for and against both Christian and Muslim rulers. @FactsOrWhacks #ElCid #Medieval #Spain #HistoryTok #FactsOrWhacks,#ElCid #Medieval #Spain #HistoryTok #FactsOrWhacks,El Cid (1102). Christian hero. Muslim ALLY. Rodrigo Diaz de Vivar 11th century knight. El Cid was fought for and against both Christian and Muslim rulers.,98,098,facts-or-whacks-videos/098-el-cid.mp4,facts-or-whacks-videos-051-100.zip,videos_30s_pack_051_100.zip,098-el-cid.webp,El Cid,1102,@FactsOrWhacks,30,photographer: ElCaminodeSantiago09 2006 · CC BY-SA 2.0
099-great-schism.mp4,Great Schism (1417). Two popes. One church. CHAOS. Western Schism 1378-1417 in Catholic Church. Two then three rival popes at once. @FactsOrWhacks #GreatSchism #Medieval #CatholicChurch #HistoryTok #FactsOrWhacks,#GreatSchism #Medieval #CatholicChurch #HistoryTok #FactsOrWhacks,Great Schism (1417). Two popes. One church. CHAOS. Western Schism 1378-1417 in Catholic Church. Two then three rival popes at once.,99,099,facts-or-whacks-videos/099-great-schism.mp4,facts-or-whacks-videos-051-100.zip,videos_30s_pack_051_100.zip,099-great-schism.webp,Great Schism,1417,@FactsOrWhacks,30,Barrikader ( talk · contribs ) · CC BY-SA 3.0
100-justinian-s-code.mp4,Justinian's Code. Roman law. Still used TODAY. Emperor Justinian codified Roman law 529-534. Corpus Juris Civilis is the foundation of civil law. @FactsOrWhacks #Justinian #RomanLaw #Medieval #HistoryFacts #FactsOrWhacks,#Justinian #RomanLaw #Medieval #HistoryFacts #FactsOrWhacks,Justinian's Code. Roman law. Still used TODAY. Emperor Justinian codified Roman law 529-534. Corpus Juris Civilis is the foundation of civil law.,100,100,facts-or-whacks-videos/100-justinian-s-code.mp4,facts-or-whacks-videos-051-100.zip,videos_30s_pack_051_100.zip,100-justinian-s-code.webp,Justinian's Code,,@FactsOrWhacks,30,Tataryn · CC BY-SA 3.0
101-siege-of-jerusalem-1099.mp4,"Siege of Jerusalem 1099 (1099). Blood ran ankle-deep. First Crusade captured Jerusalem July 15, 1099. Crusaders massacred Muslim and Jewish residents. @FactsOrWhacks #Jerusalem #Crusades #Medieval #HistoryTok #FactsOrWhacks",#Jerusalem #Crusades #Medieval #HistoryTok #FactsOrWhacks,"Siege of Jerusalem 1099 (1099). Blood ran ankle-deep. First Crusade captured Jerusalem July 15, 1099. Crusaders massacred Muslim and Jewish residents.",101,101,facts-or-whacks-videos/101-siege-of-jerusalem-1099.mp4,facts-or-whacks-videos-101-150.zip,videos_30s_pack_101_150.zip,101-siege-of-jerusalem-1099.webp,Siege of Jerusalem 1099,1099,@FactsOrWhacks,30,Émile Signol · Public domain
102-pax-mongolica.mp4,Pax Mongolica. Safe trade across ASIA. Mongol Empire enabled safe trade 13th-14th century. Silk Road flourished under Mongol protection. @FactsOrWhacks #PaxMongolica #Mongols #TradeHistory #HistoryTok #FactsOrWhacks,#PaxMongolica #Mongols #TradeHistory #HistoryTok #FactsOrWhacks,Pax Mongolica. Safe trade across ASIA. Mongol Empire enabled safe trade 13th-14th century. Silk Road flourished under Mongol protection.,102,102,facts-or-whacks-videos/102-pax-mongolica.mp4,facts-or-whacks-videos-101-150.zip,videos_30s_pack_101_150.zip,102-pax-mongolica.webp,Pax Mongolica,,@FactsOrWhacks,30,User:Astrokey44 · CC BY-SA 3.0
103-founding-of-oxford-university.mp4,Founding of Oxford University (1209). Students. Books. 900 YEARS. Teaching existed Oxford by 1096. Oldest university in English-speaking world. @FactsOrWhacks #Oxford #Medieval #Education #HistoryTok #FactsOrWhacks,#Oxford #Medieval #Education #HistoryTok #FactsOrWhacks,Founding of Oxford University (1209). Students. Books. 900 YEARS. Teaching existed Oxford by 1096. Oldest university in English-speaking world.,103,103,facts-or-whacks-videos/103-founding-of-oxford-university.mp4,facts-or-whacks-videos-101-150.zip,videos_30s_pack_101_150.zip,103-founding-of-oxford-university.webp,Founding of Oxford University,1209,@FactsOrWhacks,30,Diliff · CC BY 2.5
104-viking-rus-and-kiev.mp4,Viking Rus and Kiev. Vikings founded RUSSIA. Norse traders called Varangians reached Russia. Rurik dynasty founded Kievan Rus 862. @FactsOrWhacks #KievanRus #Vikings #Medieval #HistoryTok #FactsOrWhacks,#KievanRus #Vikings #Medieval #HistoryTok #FactsOrWhacks,Viking Rus and Kiev. Vikings founded RUSSIA. Norse traders called Varangians reached Russia. Rurik dynasty founded Kievan Rus 862.,104,104,facts-or-whacks-videos/104-viking-rus-and-kiev.mp4,facts-or-whacks-videos-101-150.zip,videos_30s_pack_101_150.zip,104-viking-rus-and-kiev.webp,Viking Rus and Kiev,,@FactsOrWhacks,30,Vitaliyf261 · CC BY-SA 4.0
105-marco-polo-and-the-silk-road.mp4,Marco Polo and the Silk Road (1295). 24 years. One BOOK. Traveled Silk Road to Yuan Dynasty China. Returned 1295 after 24 years abroad. @FactsOrWhacks #SilkRoad #MarcoPolo #Medieval #HistoryTok #FactsOrWhacks,#SilkRoad #MarcoPolo #Medieval #HistoryTok #FactsOrWhacks,Marco Polo and the Silk Road (1295). 24 years. One BOOK. Traveled Silk Road to Yuan Dynasty China. Returned 1295 after 24 years abroad.,105,105,facts-or-whacks-videos/105-marco-polo-and-the-silk-road.mp4,facts-or-whacks-videos-101-150.zip,videos_30s_pack_101_150.zip,105-marco-polo-and-the-silk-road.webp,Marco Polo and the Silk Road,1295,@FactsOrWhacks,30,Whole_world_-_land_and_oceans_12000.jpg : NASA/Goddard Space Flight Cen… · Public domain
106-italian-renaissance.mp4,Italian Renaissance (1250). One city birthed MODERN art. Florence Italy epicenter 14th-16th centuries. Revival of classical Greek and Roman learning. @FactsOrWhacks #Renaissance #Florence #ArtHistory #HistoryTok #FactsOrWhacks,#Renaissance #Florence #ArtHistory #HistoryTok #FactsOrWhacks,Italian Renaissance (1250). One city birthed MODERN art. Florence Italy epicenter 14th-16th centuries. Revival of classical Greek and Roman learning.,106,106,facts-or-whacks-videos/106-italian-renaissance.mp4,facts-or-whacks-videos-101-150.zip,videos_30s_pack_101_150.zip,106-italian-renaissance.webp,Italian Renaissance,1250,@FactsOrWhacks,30,echiner1 · CC BY-SA 2.0
107-leonardo-da-vinci.mp4,Leonardo da Vinci. Artist. Inventor. GENIUS. Painted Mona Lisa and Last Supper. Designed flying machines centuries early. @FactsOrWhacks #LeonardoDaVinci #Renaissance #Genius #HistoryTok #FactsOrWhacks,#LeonardoDaVinci #Renaissance #Genius #HistoryTok #FactsOrWhacks,Leonardo da Vinci. Artist. Inventor. GENIUS. Painted Mona Lisa and Last Supper. Designed flying machines centuries early.,107,107,facts-or-whacks-videos/107-leonardo-da-vinci.mp4,facts-or-whacks-videos-101-150.zip,videos_30s_pack_101_150.zip,107-leonardo-da-vinci.webp,Leonardo da Vinci,,@FactsOrWhacks,30,Leonardo da Vinci · Public domain
108-sistine-chapel-ceiling.mp4,"Sistine Chapel Ceiling (1508). 4 years on his BACK. Michelangelo painted ceiling 1508-1512. 343 figures across 5,000 square feet. @FactsOrWhacks #SistineChapel #Michelangelo #Renaissance #ArtHistory #FactsOrWhacks",#SistineChapel #Michelangelo #Renaissance #ArtHistory #FactsOrWhacks,"Sistine Chapel Ceiling (1508). 4 years on his BACK. Michelangelo painted ceiling 1508-1512. 343 figures across 5,000 square feet.",108,108,facts-or-whacks-videos/108-sistine-chapel-ceiling.mp4,facts-or-whacks-videos-101-150.zip,videos_30s_pack_101_150.zip,108-sistine-chapel-ceiling.webp,Sistine Chapel Ceiling,1508,@FactsOrWhacks,30,Michelangelo · Public domain
109-martin-luther-s-reformation.mp4,"Martin Luther's Reformation (1517). One nail. Church SPLIT. Posted 95 Theses Wittenberg October 31, 1517. Challenged indulgences and papal authority. @FactsOrWhacks #Reformation #MartinLuther #Religion #HistoryTok #FactsOrWhacks",#Reformation #MartinLuther #Religion #HistoryTok #FactsOrWhacks,"Martin Luther's Reformation (1517). One nail. Church SPLIT. Posted 95 Theses Wittenberg October 31, 1517. Challenged indulgences and papal authority.",109,109,facts-or-whacks-videos/109-martin-luther-s-reformation.mp4,facts-or-whacks-videos-101-150.zip,videos_30s_pack_101_150.zip,109-martin-luther-s-reformation.webp,Martin Luther's Reformation,1517,@FactsOrWhacks,30,Martin Luther · Public domain
110-copernican-revolution.mp4,Copernican Revolution (1543). Earth is NOT the center. Nicolaus Copernicus proposed heliocentric model 1543. Earth and planets orbit the Sun. @FactsOrWhacks #Copernicus #Astronomy #ScienceHistory #HistoryTok #FactsOrWhacks,#Copernicus #Astronomy #ScienceHistory #HistoryTok #FactsOrWhacks,Copernican Revolution (1543). Earth is NOT the center. Nicolaus Copernicus proposed heliocentric model 1543. Earth and planets orbit the Sun.,110,110,facts-or-whacks-videos/110-copernican-revolution.mp4,facts-or-whacks-videos-101-150.zip,videos_30s_pack_101_150.zip,110-copernican-revolution.webp,Copernican Revolution,1543,@FactsOrWhacks,30,Unknown author Unknown author · Public domain
111-galileo-vs-the-church.mp4,Galileo vs the Church (1633). He said Earth MOVES. They said STOP. Galileo improved telescope observed Jupiter's moons. Supported Copernican heliocentric model. @FactsOrWhacks #Galileo #ScienceHistory #CatholicChurch #HistoryTok #FactsOrWhacks,#Galileo #ScienceHistory #CatholicChurch #HistoryTok #FactsOrWhacks,Galileo vs the Church (1633). He said Earth MOVES. They said STOP. Galileo improved telescope observed Jupiter's moons. Supported Copernican heliocentric model.,111,111,facts-or-whacks-videos/111-galileo-vs-the-church.mp4,facts-or-whacks-videos-101-150.zip,videos_30s_pack_101_150.zip,111-galileo-vs-the-church.webp,Galileo vs the Church,1633,@FactsOrWhacks,30,Justus Sustermans · Public domain
112-william-shakespeare.mp4,"William Shakespeare (1592). 37 plays. 1,700 NEW words. English playwright 1564-1616. Wrote tragedies comedies and histories. @FactsOrWhacks #Shakespeare #Literature #Renaissance #HistoryTok #FactsOrWhacks",#Shakespeare #Literature #Renaissance #HistoryTok #FactsOrWhacks,"William Shakespeare (1592). 37 plays. 1,700 NEW words. English playwright 1564-1616. Wrote tragedies comedies and histories.",112,112,facts-or-whacks-videos/112-william-shakespeare.mp4,facts-or-whacks-videos-101-150.zip,videos_30s_pack_101_150.zip,112-william-shakespeare.webp,William Shakespeare,1592,@FactsOrWhacks,30,Attributed to John Taylor · Public domain
113-defeat-of-spanish-armada.mp4,Defeat of Spanish Armada (1588). 130 ships. England WON. Philip II sent 130 ships to invade England 1588. English fire ships broke Spanish formation. @FactsOrWhacks #SpanishArmada #ElizabethI #NavalHistory #HistoryTok #FactsOrWhacks,#SpanishArmada #ElizabethI #NavalHistory #HistoryTok #FactsOrWhacks,Defeat of Spanish Armada (1588). 130 ships. England WON. Philip II sent 130 ships to invade England 1588. English fire ships broke Spanish formation.,113,113,facts-or-whacks-videos/113-defeat-of-spanish-armada.mp4,facts-or-whacks-videos-101-150.zip,videos_30s_pack_101_150.zip,113-defeat-of-spanish-armada.webp,Defeat of Spanish Armada,1588,@FactsOrWhacks,30,"Robert Adams, Augustine Ryther · Public domain"
114-columbian-exchange.mp4,Columbian Exchange (1492). Potatoes to Europe. Smallpox to AMERICA. Term coined by Alfred Crosby for 1492+ transfers. New World crops transformed Old World diets. @FactsOrWhacks #ColumbianExchange #Exploration #WorldHistory #HistoryTok #FactsOrWhacks,#ColumbianExchange #Exploration #WorldHistory #HistoryTok #FactsOrWhacks,Columbian Exchange (1492). Potatoes to Europe. Smallpox to AMERICA. Term coined by Alfred Crosby for 1492+ transfers. New World crops transformed Old World diets.,114,114,facts-or-whacks-videos/114-columbian-exchange.mp4,facts-or-whacks-videos-101-150.zip,videos_30s_pack_101_150.zip,114-columbian-exchange.webp,Columbian Exchange,1492,@FactsOrWhacks,30,Wikimedia Commons · Public domain
115-fall-of-the-aztec-empire.mp4,Fall of the Aztec Empire (1521). 600 men vs an EMPIRE. Hernan Cortes landed Mexico 1519 with 600 men. Allied with enemies of Aztecs including Tlaxcalans. @FactsOrWhacks #Aztec #Conquistadors #Mexico #HistoryTok #FactsOrWhacks,#Aztec #Conquistadors #Mexico #HistoryTok #FactsOrWhacks,Fall of the Aztec Empire (1521). 600 men vs an EMPIRE. Hernan Cortes landed Mexico 1519 with 600 men. Allied with enemies of Aztecs including Tlaxcalans.,115,115,facts-or-whacks-videos/115-fall-of-the-aztec-empire.mp4,facts-or-whacks-videos-101-150.zip,videos_30s_pack_101_150.zip,115-fall-of-the-aztec-empire.webp,Fall of the Aztec Empire,1521,@FactsOrWhacks,30,Unknown author Unknown author · Public domain
116-conquest-of-the-inca-empire.mp4,Conquest of the Inca Empire (1533). 168 Spaniards. Millions conquered. Francisco Pizarro captured Emperor Atahualpa 1532. Ransom room filled with gold then Atahualpa executed. @FactsOrWhacks #Inca #Conquistadors #Peru #HistoryTok #FactsOrWhacks,#Inca #Conquistadors #Peru #HistoryTok #FactsOrWhacks,Conquest of the Inca Empire (1533). 168 Spaniards. Millions conquered. Francisco Pizarro captured Emperor Atahualpa 1532. Ransom room filled with gold then Atahualpa executed.,116,116,facts-or-whacks-videos/116-conquest-of-the-inca-empire.mp4,facts-or-whacks-videos-101-150.zip,videos_30s_pack_101_150.zip,116-conquest-of-the-inca-empire.webp,Conquest of the Inca Empire,1533,@FactsOrWhacks,30,Juan Lepiani · Public domain
117-thirty-years-war.mp4,Thirty Years War (1648). 8 million dead. Europe DEVASTATED. Thirty Years War was fought 1618-1648 mostly in Holy Roman Empire. Started as Protestant vs Catholic conflict. @FactsOrWhacks #ThirtyYearsWar #Europe #ReligiousWar #HistoryTok #FactsOrWhacks,#ThirtyYearsWar #Europe #ReligiousWar #HistoryTok #FactsOrWhacks,Thirty Years War (1648). 8 million dead. Europe DEVASTATED. Thirty Years War was fought 1618-1648 mostly in Holy Roman Empire. Started as Protestant vs Catholic conflict.,117,117,facts-or-whacks-videos/117-thirty-years-war.mp4,facts-or-whacks-videos-101-150.zip,videos_30s_pack_101_150.zip,117-thirty-years-war.webp,Thirty Years War,1648,@FactsOrWhacks,30,Karl Friedrich Lessing · Public domain
118-english-civil-war.mp4,English Civil War (1651). King lost his HEAD. Again. Parliament vs King Charles I 1642-1651. Oliver Cromwell led New Model Army. @FactsOrWhacks #EnglishCivilWar #Britain #Revolution #HistoryTok #FactsOrWhacks,#EnglishCivilWar #Britain #Revolution #HistoryTok #FactsOrWhacks,English Civil War (1651). King lost his HEAD. Again. Parliament vs King Charles I 1642-1651. Oliver Cromwell led New Model Army.,118,118,facts-or-whacks-videos/118-english-civil-war.mp4,facts-or-whacks-videos-101-150.zip,videos_30s_pack_101_150.zip,118-english-civil-war.webp,English Civil War,1651,@FactsOrWhacks,30,Unknown author Unknown author · Public domain
119-salem-witch-trials.mp4,Salem Witch Trials (1693). 20 hanged. Mass HYSTERIA. Occurred 1692-1693 in Massachusetts colony. Over 200 accused mostly women. @FactsOrWhacks #SalemWitchTrials #ColonialAmerica #DarkHistory #HistoryTok #FactsOrWhacks,#SalemWitchTrials #ColonialAmerica #DarkHistory #HistoryTok #FactsOrWhacks,Salem Witch Trials (1693). 20 hanged. Mass HYSTERIA. Occurred 1692-1693 in Massachusetts colony. Over 200 accused mostly women.,119,119,facts-or-whacks-videos/119-salem-witch-trials.mp4,facts-or-whacks-videos-101-150.zip,videos_30s_pack_101_150.zip,119-salem-witch-trials.webp,Salem Witch Trials,1693,@FactsOrWhacks,30,unattributed · Public domain
120-great-fire-of-london.mp4,"Great Fire of London (1666). 13,000 houses. 5 DEAD. Burned September 2-6 1666. Destroyed 87 churches and St Paul's Cathedral. @FactsOrWhacks #GreatFire #London #Disaster #HistoryTok #FactsOrWhacks",#GreatFire #London #Disaster #HistoryTok #FactsOrWhacks,"Great Fire of London (1666). 13,000 houses. 5 DEAD. Burned September 2-6 1666. Destroyed 87 churches and St Paul's Cathedral.",120,120,facts-or-whacks-videos/120-great-fire-of-london.mp4,facts-or-whacks-videos-101-150.zip,videos_30s_pack_101_150.zip,120-great-fire-of-london.webp,Great Fire of London,1666,@FactsOrWhacks,30,Unknown artist Unknown artist · Public domain
121-louis-xiv-sun-king.mp4,Louis XIV Sun King (1715). I am the STATE. Reigned France 1643-1715 longest in European history. Built Palace of Versailles as power symbol. @FactsOrWhacks #LouisXIV #France #Monarchy #HistoryTok #FactsOrWhacks,#LouisXIV #France #Monarchy #HistoryTok #FactsOrWhacks,Louis XIV Sun King (1715). I am the STATE. Reigned France 1643-1715 longest in European history. Built Palace of Versailles as power symbol.,121,121,facts-or-whacks-videos/121-louis-xiv-sun-king.mp4,facts-or-whacks-videos-101-150.zip,videos_30s_pack_101_150.zip,121-louis-xiv-sun-king.webp,Louis XIV Sun King,1715,@FactsOrWhacks,30,Hyacinthe Rigaud · Public domain
122-peter-the-great.mp4,Peter the Great (1725). He dragged Russia into MODERNITY. Tsar of Russia 1682-1725. Built St Petersburg as window to Europe. @FactsOrWhacks #PeterTheGreat #Russia #Modernization #HistoryTok #FactsOrWhacks,#PeterTheGreat #Russia #Modernization #HistoryTok #FactsOrWhacks,Peter the Great (1725). He dragged Russia into MODERNITY. Tsar of Russia 1682-1725. Built St Petersburg as window to Europe.,122,122,facts-or-whacks-videos/122-peter-the-great.mp4,facts-or-whacks-videos-101-150.zip,videos_30s_pack_101_150.zip,122-peter-the-great.webp,Peter the Great,1725,@FactsOrWhacks,30,Attributed to Jean-Marc Nattier · Public domain
123-seven-years-war.mp4,Seven Years War (1763). First WORLD war. Seven Years War was fought 1756-1763 across five continents. Britain vs France and allies globally. @FactsOrWhacks #SevenYearsWar #WorldHistory #MilitaryHistory #HistoryTok #FactsOrWhacks,#SevenYearsWar #WorldHistory #MilitaryHistory #HistoryTok #FactsOrWhacks,Seven Years War (1763). First WORLD war. Seven Years War was fought 1756-1763 across five continents. Britain vs France and allies globally.,123,123,facts-or-whacks-videos/123-seven-years-war.mp4,facts-or-whacks-videos-101-150.zip,videos_30s_pack_101_150.zip,123-seven-years-war.webp,Seven Years War,1763,@FactsOrWhacks,30,Blaue Max · CC BY-SA 4.0
124-boston-massacre.mp4,"Boston Massacre (1770). 5 dead. Revolution IGNITED. British soldiers fired on crowd March 5, 1770. Five colonists killed including Crispus Attucks. @FactsOrWhacks #BostonMassacre #AmericanHistory #Revolution #HistoryTok #FactsOrWhacks",#BostonMassacre #AmericanHistory #Revolution #HistoryTok #FactsOrWhacks,"Boston Massacre (1770). 5 dead. Revolution IGNITED. British soldiers fired on crowd March 5, 1770. Five colonists killed including Crispus Attucks.",124,124,facts-or-whacks-videos/124-boston-massacre.mp4,facts-or-whacks-videos-101-150.zip,videos_30s_pack_101_150.zip,124-boston-massacre.webp,Boston Massacre,1770,@FactsOrWhacks,30,Paul Revere · Public domain
125-stamp-act-crisis.mp4,Stamp Act Crisis (1765). Tax without representation. Colonists EXPLODED. British Parliament passed Stamp Act 1765. Tax on every printed document in colonies. @FactsOrWhacks #StampAct #AmericanHistory #Revolution #HistoryTok #FactsOrWhacks,#StampAct #AmericanHistory #Revolution #HistoryTok #FactsOrWhacks,Stamp Act Crisis (1765). Tax without representation. Colonists EXPLODED. British Parliament passed Stamp Act 1765. Tax on every printed document in colonies.,125,125,facts-or-whacks-videos/125-stamp-act-crisis.mp4,facts-or-whacks-videos-101-150.zip,videos_30s_pack_101_150.zip,125-stamp-act-crisis.webp,Stamp Act Crisis,1765,@FactsOrWhacks,30,Henry Marriott Paget · Public domain
126-zheng-he-s-treasure-fleet.mp4,Zheng He's Treasure Fleet (1405). 300 ships. Before Columbus. Ming Dynasty admiral led seven voyages 1405-1433. Fleet of massive treasure ships up to 400 feet. @FactsOrWhacks #ZhengHe #MingDynasty #Exploration #HistoryTok #FactsOrWhacks,#ZhengHe #MingDynasty #Exploration #HistoryTok #FactsOrWhacks,Zheng He's Treasure Fleet (1405). 300 ships. Before Columbus. Ming Dynasty admiral led seven voyages 1405-1433. Fleet of massive treasure ships up to 400 feet.,126,126,facts-or-whacks-videos/126-zheng-he-s-treasure-fleet.mp4,facts-or-whacks-videos-101-150.zip,videos_30s_pack_101_150.zip,126-zheng-he-s-treasure-fleet.webp,Zheng He's Treasure Fleet,1405,@FactsOrWhacks,30,Marcin Konsek · CC BY-SA 4.0
127-gunpowder-plot.mp4,Gunpowder Plot (1605). Guy Fawkes. 36 barrels. FAILED. Catholic conspirators planned to blow up Parliament 1605. 36 barrels of gunpowder hidden under House of Lords. @FactsOrWhacks #GunpowderPlot #GuyFawkes #Britain #HistoryTok #FactsOrWhacks,#GunpowderPlot #GuyFawkes #Britain #HistoryTok #FactsOrWhacks,Gunpowder Plot (1605). Guy Fawkes. 36 barrels. FAILED. Catholic conspirators planned to blow up Parliament 1605. 36 barrels of gunpowder hidden under House of Lords.,127,127,facts-or-whacks-videos/127-gunpowder-plot.mp4,facts-or-whacks-videos-101-150.zip,videos_30s_pack_101_150.zip,127-gunpowder-plot.webp,Gunpowder Plot,1605,@FactsOrWhacks,30,George Cruikshank · Public domain
128-edo-period-japan.mp4,Edo Period Japan (1868). 250 years of PEACE. Tokugawa shogunate ruled 1603-1868. Sakoku policy closed Japan to foreigners. @FactsOrWhacks #EdoPeriod #JapaneseHistory #Samurai #HistoryTok #FactsOrWhacks,#EdoPeriod #JapaneseHistory #Samurai #HistoryTok #FactsOrWhacks,Edo Period Japan (1868). 250 years of PEACE. Tokugawa shogunate ruled 1603-1868. Sakoku policy closed Japan to foreigners.,128,128,facts-or-whacks-videos/128-edo-period-japan.mp4,facts-or-whacks-videos-101-150.zip,videos_30s_pack_101_150.zip,128-edo-period-japan.webp,Edo Period Japan,1868,@FactsOrWhacks,30,unknown stitched by Marku1988 This panoramic image was created with Pan… · Public domain
129-taj-mahal.mp4,Taj Mahal (1632). One monument to LOVE. Built 1632-1653 by Mughal Emperor Shah Jahan. Memorial for beloved wife Mumtaz Mahal. @FactsOrWhacks #TajMahal #India #Architecture #HistoryTok #FactsOrWhacks,#TajMahal #India #Architecture #HistoryTok #FactsOrWhacks,Taj Mahal (1632). One monument to LOVE. Built 1632-1653 by Mughal Emperor Shah Jahan. Memorial for beloved wife Mumtaz Mahal.,129,129,facts-or-whacks-videos/129-taj-mahal.mp4,facts-or-whacks-videos-101-150.zip,videos_30s_pack_101_150.zip,129-taj-mahal.webp,Taj Mahal,1632,@FactsOrWhacks,30,Kristian Bertel · CC BY-SA 4.0
130-dutch-golden-age.mp4,Dutch Golden Age (1588). Tiny nation. Richest on EARTH. 17th century Netherlands dominated global trade. Dutch East India Company first multinational. @FactsOrWhacks #DutchGoldenAge #Netherlands #TradeHistory #HistoryTok #FactsOrWhacks,#DutchGoldenAge #Netherlands #TradeHistory #HistoryTok #FactsOrWhacks,Dutch Golden Age (1588). Tiny nation. Richest on EARTH. 17th century Netherlands dominated global trade. Dutch East India Company first multinational.,130,130,facts-or-whacks-videos/130-dutch-golden-age.mp4,facts-or-whacks-videos-101-150.zip,videos_30s_pack_101_150.zip,130-dutch-golden-age.webp,Dutch Golden Age,1588,@FactsOrWhacks,30,Wikimedia Commons · CC BY-SA 3.0
131-scientific-revolution.mp4,Scientific Revolution (1660). Reason replaced FAITH. 16th-17th century transformation of knowledge. Bacon Galileo Newton and Kepler led the way. @FactsOrWhacks #ScientificRevolution #ScienceHistory #Enlightenment #HistoryTok #FactsOrWhacks,#ScientificRevolution #ScienceHistory #Enlightenment #HistoryTok #FactsOrWhacks,Scientific Revolution (1660). Reason replaced FAITH. 16th-17th century transformation of knowledge. Bacon Galileo Newton and Kepler led the way.,131,131,facts-or-whacks-videos/131-scientific-revolution.mp4,facts-or-whacks-videos-101-150.zip,videos_30s_pack_101_150.zip,131-scientific-revolution.webp,Scientific Revolution,1660,@FactsOrWhacks,30,Godfrey Kneller · Public domain
132-treaty-of-westphalia.mp4,Treaty of Westphalia (1648). Modern nations BORN. Ended Thirty Years War 1648. Established principle of state sovereignty. @FactsOrWhacks #Westphalia #Europe #Diplomacy #HistoryFacts #FactsOrWhacks,#Westphalia #Europe #Diplomacy #HistoryFacts #FactsOrWhacks,Treaty of Westphalia (1648). Modern nations BORN. Ended Thirty Years War 1648. Established principle of state sovereignty.,132,132,facts-or-whacks-videos/132-treaty-of-westphalia.mp4,facts-or-whacks-videos-101-150.zip,videos_30s_pack_101_150.zip,132-treaty-of-westphalia.webp,Treaty of Westphalia,1648,@FactsOrWhacks,30,Dietmar Rabich · CC BY-SA 4.0
133-qing-dynasty-rise.mp4,Qing Dynasty Rise (1912). China's last dynasty. 268 YEARS. Manchu rulers seized Beijing 1644. Expanded to largest Chinese empire ever. @FactsOrWhacks #QingDynasty #ChineseHistory #Empire #HistoryTok #FactsOrWhacks,#QingDynasty #ChineseHistory #Empire #HistoryTok #FactsOrWhacks,Qing Dynasty Rise (1912). China's last dynasty. 268 YEARS. Manchu rulers seized Beijing 1644. Expanded to largest Chinese empire ever.,133,133,facts-or-whacks-videos/133-qing-dynasty-rise.mp4,facts-or-whacks-videos-101-150.zip,videos_30s_pack_101_150.zip,133-qing-dynasty-rise.webp,Qing Dynasty Rise,1912,@FactsOrWhacks,30,"Kallgan, Cartakes · CC BY-SA 3.0"
134-ivan-the-terrible.mp4,Ivan the Terrible (1547). First Tsar. Paranoid KILLER. Ivan IV crowned first Tsar of Russia 1547. Created Oprichnina secret police terror. @FactsOrWhacks #IvanTheTerrible #Russia #Monarchy #HistoryTok #FactsOrWhacks,#IvanTheTerrible #Russia #Monarchy #HistoryTok #FactsOrWhacks,Ivan the Terrible (1547). First Tsar. Paranoid KILLER. Ivan IV crowned first Tsar of Russia 1547. Created Oprichnina secret police terror.,134,134,facts-or-whacks-videos/134-ivan-the-terrible.mp4,facts-or-whacks-videos-101-150.zip,videos_30s_pack_101_150.zip,134-ivan-the-terrible.webp,Ivan the Terrible,1547,@FactsOrWhacks,30,Shakko · CC BY-SA 3.0
135-ottoman-siege-of-vienna.mp4,Ottoman Siege of Vienna (1529). Europe's gates held SHUT. Ottomans besieged Vienna 1529 and 1683. 1683 siege broken by Polish King Jan Sobieski. @FactsOrWhacks #SiegeOfVienna #Ottoman #Europe #HistoryTok #FactsOrWhacks,#SiegeOfVienna #Ottoman #Europe #HistoryTok #FactsOrWhacks,Ottoman Siege of Vienna (1529). Europe's gates held SHUT. Ottomans besieged Vienna 1529 and 1683. 1683 siege broken by Polish King Jan Sobieski.,135,135,facts-or-whacks-videos/135-ottoman-siege-of-vienna.mp4,facts-or-whacks-videos-101-150.zip,videos_30s_pack_101_150.zip,135-ottoman-siege-of-vienna.webp,Ottoman Siege of Vienna,1529,@FactsOrWhacks,30,"Anonymer, zeitgenössischer Maler · Public domain"
136-christopher-columbus.mp4,Christopher Columbus (1492). He didn't discover AMERICA. Sailed for Spain seeking Asia 1492. Reached Caribbean not India. @FactsOrWhacks #Columbus #Exploration #1492 #HistoryTok #FactsOrWhacks,#Columbus #Exploration #1492 #HistoryTok #FactsOrWhacks,Christopher Columbus (1492). He didn't discover AMERICA. Sailed for Spain seeking Asia 1492. Reached Caribbean not India.,136,136,facts-or-whacks-videos/136-christopher-columbus.mp4,facts-or-whacks-videos-101-150.zip,videos_30s_pack_101_150.zip,136-christopher-columbus.webp,Christopher Columbus,1492,@FactsOrWhacks,30,Sebastiano del Piombo · Public domain
137-ferdinand-magellan.mp4,Ferdinand Magellan (1522). First around the world. He DIED. Led first circumnavigation 1519-1522. Killed in Philippines April 1521. @FactsOrWhacks #Magellan #Exploration #Circumnavigation #HistoryTok #FactsOrWhacks,#Magellan #Exploration #Circumnavigation #HistoryTok #FactsOrWhacks,Ferdinand Magellan (1522). First around the world. He DIED. Led first circumnavigation 1519-1522. Killed in Philippines April 1521.,137,137,facts-or-whacks-videos/137-ferdinand-magellan.mp4,facts-or-whacks-videos-101-150.zip,videos_30s_pack_101_150.zip,137-ferdinand-magellan.webp,Ferdinand Magellan,1522,@FactsOrWhacks,30,Unknown author Unknown author · Public domain
138-vasco-da-gama.mp4,Vasco da Gama (1498). Sea route to INDIA. Portuguese explorer reached India 1498. Sailed around Africa's Cape of Good Hope. @FactsOrWhacks #VascoDaGama #Exploration #Portugal #HistoryTok #FactsOrWhacks,#VascoDaGama #Exploration #Portugal #HistoryTok #FactsOrWhacks,Vasco da Gama (1498). Sea route to INDIA. Portuguese explorer reached India 1498. Sailed around Africa's Cape of Good Hope.,138,138,facts-or-whacks-videos/138-vasco-da-gama.mp4,facts-or-whacks-videos-101-150.zip,videos_30s_pack_101_150.zip,138-vasco-da-gama.webp,Vasco da Gama,1498,@FactsOrWhacks,30,Sailko · CC BY 3.0
139-captain-james-cook.mp4,Captain James Cook (1779). Mapped the Pacific. Killed in HAWAII. Three voyages 1768-1779 mapped Pacific. Charted Australia New Zealand and Hawaii. @FactsOrWhacks #CaptainCook #Exploration #Pacific #HistoryTok #FactsOrWhacks,#CaptainCook #Exploration #Pacific #HistoryTok #FactsOrWhacks,Captain James Cook (1779). Mapped the Pacific. Killed in HAWAII. Three voyages 1768-1779 mapped Pacific. Charted Australia New Zealand and Hawaii.,139,139,facts-or-whacks-videos/139-captain-james-cook.mp4,facts-or-whacks-videos-101-150.zip,videos_30s_pack_101_150.zip,139-captain-james-cook.webp,Captain James Cook,1779,@FactsOrWhacks,30,Nathaniel Dance-Holland · Public domain
140-shackleton-s-endurance-expedition.mp4,Shackleton's Endurance Expedition (1917). Ship crushed. ALL survived. Antarctic expedition 1914-1917. Ship Endurance crushed by ice and sank. @FactsOrWhacks #Shackleton #Antarctica #Exploration #HistoryTok #FactsOrWhacks,#Shackleton #Antarctica #Exploration #HistoryTok #FactsOrWhacks,Shackleton's Endurance Expedition (1917). Ship crushed. ALL survived. Antarctic expedition 1914-1917. Ship Endurance crushed by ice and sank.,140,140,facts-or-whacks-videos/140-shackleton-s-endurance-expedition.mp4,facts-or-whacks-videos-101-150.zip,videos_30s_pack_101_150.zip,140-shackleton-s-endurance-expedition.webp,Shackleton's Endurance Expedition,1917,@FactsOrWhacks,30,Frank Hurley · Public domain
141-race-to-the-south-pole.mp4,"Race to the South Pole (1911). One team won. One team DIED. Roald Amundsen reached pole December 14, 1911. Robert Scott arrived 33 days later. @FactsOrWhacks #SouthPole #Exploration #Antarctica #HistoryTok #FactsOrWhacks",#SouthPole #Exploration #Antarctica #HistoryTok #FactsOrWhacks,"Race to the South Pole (1911). One team won. One team DIED. Roald Amundsen reached pole December 14, 1911. Robert Scott arrived 33 days later.",141,141,facts-or-whacks-videos/141-race-to-the-south-pole.mp4,facts-or-whacks-videos-101-150.zip,videos_30s_pack_101_150.zip,141-race-to-the-south-pole.webp,Race to the South Pole,1911,@FactsOrWhacks,30,"Drawn by A. Masson, I. Clark Sculp · Public domain"
142-roanoke-lost-colony.mp4,Roanoke Lost Colony (1586). 117 people. VANISHED. First English settlement in America 1585. Reestablished 1587 with 117 colonists. @FactsOrWhacks #Roanoke #ColonialAmerica #Mystery #HistoryTok #FactsOrWhacks,#Roanoke #ColonialAmerica #Mystery #HistoryTok #FactsOrWhacks,Roanoke Lost Colony (1586). 117 people. VANISHED. First English settlement in America 1585. Reestablished 1587 with 117 colonists.,142,142,facts-or-whacks-videos/142-roanoke-lost-colony.mp4,facts-or-whacks-videos-101-150.zip,videos_30s_pack_101_150.zip,142-roanoke-lost-colony.webp,Roanoke Lost Colony,1586,@FactsOrWhacks,30,"Design by William Ludwell Sheppard, Engraving by William James Linton · No restrictions"
143-jamestown-settlement.mp4,Jamestown Settlement (1609). Starving time. They ate EACH OTHER. First permanent English colony 1607 Virginia. Starving Time winter 1609-1610 desperate cannibalism. @FactsOrWhacks #Jamestown #ColonialAmerica #Virginia #HistoryTok #FactsOrWhacks,#Jamestown #ColonialAmerica #Virginia #HistoryTok #FactsOrWhacks,Jamestown Settlement (1609). Starving time. They ate EACH OTHER. First permanent English colony 1607 Virginia. Starving Time winter 1609-1610 desperate cannibalism.,143,143,facts-or-whacks-videos/143-jamestown-settlement.mp4,facts-or-whacks-videos-101-150.zip,videos_30s_pack_101_150.zip,143-jamestown-settlement.webp,Jamestown Settlement,1609,@FactsOrWhacks,30,Tomás Del Coro · CC BY-SA 2.0
144-plymouth-colony.mp4,Plymouth Colony (1620). 102 settlers. Half DEAD first winter. Mayflower landed Plymouth 1620. 102 passengers half died first winter. @FactsOrWhacks #Plymouth #Thanksgiving #ColonialAmerica #HistoryTok #FactsOrWhacks,#Plymouth #Thanksgiving #ColonialAmerica #HistoryTok #FactsOrWhacks,Plymouth Colony (1620). 102 settlers. Half DEAD first winter. Mayflower landed Plymouth 1620. 102 passengers half died first winter.,144,144,facts-or-whacks-videos/144-plymouth-colony.mp4,facts-or-whacks-videos-101-150.zip,videos_30s_pack_101_150.zip,144-plymouth-colony.webp,Plymouth Colony,1620,@FactsOrWhacks,30,William Halsall · Public domain
145-treaty-of-tordesillas.mp4,Treaty of Tordesillas (1494). Pope divided the WORLD. Signed 1494 between Spain and Portugal. Pope Alexander VI drew line splitting New World. @FactsOrWhacks #Tordesillas #Colonialism #Exploration #HistoryTok #FactsOrWhacks,#Tordesillas #Colonialism #Exploration #HistoryTok #FactsOrWhacks,Treaty of Tordesillas (1494). Pope divided the WORLD. Signed 1494 between Spain and Portugal. Pope Alexander VI drew line splitting New World.,145,145,facts-or-whacks-videos/145-treaty-of-tordesillas.mp4,facts-or-whacks-videos-101-150.zip,videos_30s_pack_101_150.zip,145-treaty-of-tordesillas.webp,Treaty of Tordesillas,1494,@FactsOrWhacks,30,Original: Biblioteca Nacional de Lisboa Photo: User:Joserebelo · Public domain
146-dutch-east-india-company.mp4,Dutch East India Company (1602). First trillion-dollar COMPANY. Founded 1602 traded spices across Asia. First company to issue stock to public. @FactsOrWhacks #VOC #TradeHistory #Colonialism #HistoryTok #FactsOrWhacks,#VOC #TradeHistory #Colonialism #HistoryTok #FactsOrWhacks,Dutch East India Company (1602). First trillion-dollar COMPANY. Founded 1602 traded spices across Asia. First company to issue stock to public.,146,146,facts-or-whacks-videos/146-dutch-east-india-company.mp4,facts-or-whacks-videos-101-150.zip,videos_30s_pack_101_150.zip,146-dutch-east-india-company.webp,Dutch East India Company,1602,@FactsOrWhacks,30,Петров Эдуард · CC BY-SA 4.0
147-british-east-india-company.mp4,British East India Company (1857). A company that RULED India. Founded 1600 controlled Indian subcontinent. Opium trade with China caused wars. @FactsOrWhacks #EastIndiaCompany #BritishEmpire #India #HistoryTok #FactsOrWhacks,#EastIndiaCompany #BritishEmpire #India #HistoryTok #FactsOrWhacks,British East India Company (1857). A company that RULED India. Founded 1600 controlled Indian subcontinent. Opium trade with China caused wars.,147,147,facts-or-whacks-videos/147-british-east-india-company.mp4,facts-or-whacks-videos-101-150.zip,videos_30s_pack_101_150.zip,147-british-east-india-company.webp,British East India Company,1857,@FactsOrWhacks,30,Unknown author Unknown author · Public domain
148-panama-canal.mp4,"Panama Canal (2016). 51 miles. 25,000 DEAD. Connected Atlantic and Pacific opened 1914. French attempt failed losing 22,000 workers. @FactsOrWhacks #PanamaCanal #Engineering #LatinAmerica #HistoryTok #FactsOrWhacks",#PanamaCanal #Engineering #LatinAmerica #HistoryTok #FactsOrWhacks,"Panama Canal (2016). 51 miles. 25,000 DEAD. Connected Atlantic and Pacific opened 1914. French attempt failed losing 22,000 workers.",148,148,facts-or-whacks-videos/148-panama-canal.mp4,facts-or-whacks-videos-101-150.zip,videos_30s_pack_101_150.zip,148-panama-canal.webp,Panama Canal,2016,@FactsOrWhacks,30,User:Stan Shebs · CC BY-SA 3.0
149-suez-canal.mp4,Suez Canal (1875). 120 miles. Britain RULED trade. Opened 1869 connecting Mediterranean to Red Sea. Built by Ferdinand de Lesseps and Egyptian labor. @FactsOrWhacks #SuezCanal #Egypt #TradeHistory #HistoryTok #FactsOrWhacks,#SuezCanal #Egypt #TradeHistory #HistoryTok #FactsOrWhacks,Suez Canal (1875). 120 miles. Britain RULED trade. Opened 1869 connecting Mediterranean to Red Sea. Built by Ferdinand de Lesseps and Egyptian labor.,149,149,facts-or-whacks-videos/149-suez-canal.mp4,facts-or-whacks-videos-101-150.zip,videos_30s_pack_101_150.zip,149-suez-canal.webp,Suez Canal,1875,@FactsOrWhacks,30,NASA · Public domain
150-mansa-musa-s-pilgrimage.mp4,"Mansa Musa's Pilgrimage (1324). Richest man EVER. Crashed gold. Emperor of Mali made hajj to Mecca 1324. Caravan of 60,000 people and 100 camels. @FactsOrWhacks #MansaMusa #AfricanHistory #Mali #HistoryTok #FactsOrWhacks",#MansaMusa #AfricanHistory #Mali #HistoryTok #FactsOrWhacks,"Mansa Musa's Pilgrimage (1324). Richest man EVER. Crashed gold. Emperor of Mali made hajj to Mecca 1324. Caravan of 60,000 people and 100 camels.",150,150,facts-or-whacks-videos/150-mansa-musa-s-pilgrimage.mp4,facts-or-whacks-videos-101-150.zip,videos_30s_pack_101_150.zip,150-mansa-musa-s-pilgrimage.webp,Mansa Musa's Pilgrimage,1324,@FactsOrWhacks,30,Reproduction of the Catalan Atlas of the 20th century that can not be c… · Public domain
151-kingdom-of-benin.mp4,Kingdom of Benin (1180). Masterpieces. STOLEN. Powerful West African kingdom 1180-1897. Benin Bronzes finest African art ever made. @FactsOrWhacks #Benin #AfricanHistory #ArtHistory #HistoryTok #FactsOrWhacks,#Benin #AfricanHistory #ArtHistory #HistoryTok #FactsOrWhacks,Kingdom of Benin (1180). Masterpieces. STOLEN. Powerful West African kingdom 1180-1897. Benin Bronzes finest African art ever made.,151,151,facts-or-whacks-videos/151-kingdom-of-benin.mp4,facts-or-whacks-videos-151-200.zip,videos_30s_pack_151_200.zip,151-kingdom-of-benin.webp,Kingdom of Benin,1180,@FactsOrWhacks,30,Torian33 · CC0
152-atlantic-slave-trade.mp4,Atlantic Slave Trade. 12 million people. CHAINS. Traded 12-12.5 million Africans 1500s-1800s. Triangular trade Europe Africa Americas. @FactsOrWhacks #SlaveTrade #BlackHistory #Colonialism #HistoryMatters #FactsOrWhacks,#SlaveTrade #BlackHistory #Colonialism #HistoryMatters #FactsOrWhacks,Atlantic Slave Trade. 12 million people. CHAINS. Traded 12-12.5 million Africans 1500s-1800s. Triangular trade Europe Africa Americas.,152,152,facts-or-whacks-videos/152-atlantic-slave-trade.mp4,facts-or-whacks-videos-151-200.zip,videos_30s_pack_151_200.zip,152-atlantic-slave-trade.webp,Atlantic Slave Trade,,@FactsOrWhacks,30,Derivative of en:Image:Slaveshipposter.jpg circa 1788 Original uploader… · Public domain
153-polynesian-wayfinding.mp4,Polynesian Wayfinding. No compass. They found HAWAII. Navigated Pacific using stars waves and birds. Settled islands from Hawaii to New Zealand. @FactsOrWhacks #Polynesia #Exploration #Navigation #HistoryTok #FactsOrWhacks,#Polynesia #Exploration #Navigation #HistoryTok #FactsOrWhacks,Polynesian Wayfinding. No compass. They found HAWAII. Navigated Pacific using stars waves and birds. Settled islands from Hawaii to New Zealand.,153,153,facts-or-whacks-videos/153-polynesian-wayfinding.mp4,facts-or-whacks-videos-151-200.zip,videos_30s_pack_151_200.zip,153-polynesian-wayfinding.webp,Polynesian Wayfinding,,@FactsOrWhacks,30,HongKongHuey · CC BY 2.0
154-scramble-for-africa.mp4,Scramble for Africa (1885). Europe carved a continent in BERLIN. Berlin Conference 1884-1885 divided Africa. 14 European powers drew borders with no Africans present. @FactsOrWhacks #ScrambleForAfrica #Colonialism #AfricanHistory #HistoryTok #FactsOrWhacks,#ScrambleForAfrica #Colonialism #AfricanHistory #HistoryTok #FactsOrWhacks,Scramble for Africa (1885). Europe carved a continent in BERLIN. Berlin Conference 1884-1885 divided Africa. 14 European powers drew borders with no Africans present.,154,154,facts-or-whacks-videos/154-scramble-for-africa.mp4,facts-or-whacks-videos-151-200.zip,videos_30s_pack_151_200.zip,154-scramble-for-africa.webp,Scramble for Africa,1885,@FactsOrWhacks,30,Adalbert von Roessler · Public domain
155-berlin-conference-1884.mp4,Berlin Conference 1884 (1884). A dinner party. A continent SPLIT. Otto von Bismarck hosted European powers. Rules for claiming African territory established. @FactsOrWhacks #BerlinConference #Colonialism #Africa #HistoryTok #FactsOrWhacks,#BerlinConference #Colonialism #Africa #HistoryTok #FactsOrWhacks,Berlin Conference 1884 (1884). A dinner party. A continent SPLIT. Otto von Bismarck hosted European powers. Rules for claiming African territory established.,155,155,facts-or-whacks-videos/155-berlin-conference-1884.mp4,facts-or-whacks-videos-151-200.zip,videos_30s_pack_151_200.zip,155-berlin-conference-1884.webp,Berlin Conference 1884,1884,@FactsOrWhacks,30,Adalbert von Roessler · Public domain
156-stanley-meets-livingstone.mp4,"Stanley Meets Livingstone (1871). Dr. Livingstone, I PRESUME? Henry Morton Stanley found David Livingstone 1871. Livingstone searching for Nile source in Africa. @FactsOrWhacks #Livingstone #Exploration #Africa #HistoryTok #FactsOrWhacks",#Livingstone #Exploration #Africa #HistoryTok #FactsOrWhacks,"Stanley Meets Livingstone (1871). Dr. Livingstone, I PRESUME? Henry Morton Stanley found David Livingstone 1871. Livingstone searching for Nile source in Africa.",156,156,facts-or-whacks-videos/156-stanley-meets-livingstone.mp4,facts-or-whacks-videos-151-200.zip,videos_30s_pack_151_200.zip,156-stanley-meets-livingstone.webp,Stanley Meets Livingstone,1871,@FactsOrWhacks,30,Thomas Annan / Adam Cuerden · Public domain
157-manhattan-purchase.mp4,Manhattan Purchase (1626). $24 in beads. Worst deal EVER? Dutch bought Manhattan from Lenape 1626. Worth roughly $24 in trade goods. @FactsOrWhacks #Manhattan #ColonialAmerica #NewYork #HistoryTok #FactsOrWhacks,#Manhattan #ColonialAmerica #NewYork #HistoryTok #FactsOrWhacks,Manhattan Purchase (1626). $24 in beads. Worst deal EVER? Dutch bought Manhattan from Lenape 1626. Worth roughly $24 in trade goods.,157,157,facts-or-whacks-videos/157-manhattan-purchase.mp4,facts-or-whacks-videos-151-200.zip,videos_30s_pack_151_200.zip,157-manhattan-purchase.webp,Manhattan Purchase,1626,@FactsOrWhacks,30,Dllu · CC BY-SA 4.0
158-louisiana-purchase.mp4,"Louisiana Purchase (1803). One deal. DOUBLED America. US bought Louisiana from France 1803. 828,000 square miles for $15 million. @FactsOrWhacks #LouisianaPurchase #AmericanHistory #Jefferson #HistoryTok #FactsOrWhacks",#LouisianaPurchase #AmericanHistory #Jefferson #HistoryTok #FactsOrWhacks,"Louisiana Purchase (1803). One deal. DOUBLED America. US bought Louisiana from France 1803. 828,000 square miles for $15 million.",158,158,facts-or-whacks-videos/158-louisiana-purchase.mp4,facts-or-whacks-videos-151-200.zip,videos_30s_pack_151_200.zip,158-louisiana-purchase.webp,Louisiana Purchase,1803,@FactsOrWhacks,30,William Morris · CC BY-SA 4.0
159-alaska-purchase.mp4,Alaska Purchase (1867). Seward's Folly. Then GOLD. US bought Alaska from Russia 1867 for $7.2 million. Mocked as Seward's Icebox and folly. @FactsOrWhacks #Alaska #AmericanHistory #Russia #HistoryTok #FactsOrWhacks,#Alaska #AmericanHistory #Russia #HistoryTok #FactsOrWhacks,Alaska Purchase (1867). Seward's Folly. Then GOLD. US bought Alaska from Russia 1867 for $7.2 million. Mocked as Seward's Icebox and folly.,159,159,facts-or-whacks-videos/159-alaska-purchase.mp4,facts-or-whacks-videos-151-200.zip,videos_30s_pack_151_200.zip,159-alaska-purchase.webp,Alaska Purchase,1867,@FactsOrWhacks,30,Edouard de Stoeckl and William H. Seward · Public domain
160-age-of-antarctic-exploration.mp4,Age of Antarctic Exploration (1922). The coldest race on EARTH. Heroic Age 1895-1922 of polar exploration. Amundsen Scott and Shackleton legendary rivals. @FactsOrWhacks #Antarctica #Exploration #PolarHistory #HistoryTok #FactsOrWhacks,#Antarctica #Exploration #PolarHistory #HistoryTok #FactsOrWhacks,Age of Antarctic Exploration (1922). The coldest race on EARTH. Heroic Age 1895-1922 of polar exploration. Amundsen Scott and Shackleton legendary rivals.,160,160,facts-or-whacks-videos/160-age-of-antarctic-exploration.mp4,facts-or-whacks-videos-151-200.zip,videos_30s_pack_151_200.zip,160-age-of-antarctic-exploration.webp,Age of Antarctic Exploration,1922,@FactsOrWhacks,30,Dave Pape · Public domain
161-korean-war.mp4,"Korean War (1953). Forgotten war. 3 million DEAD. North invaded South June 25, 1950. US-led UN forces pushed north then China intervened. @FactsOrWhacks #KoreanWar #ColdWar #MilitaryHistory #HistoryTok #FactsOrWhacks",#KoreanWar #ColdWar #MilitaryHistory #HistoryTok #FactsOrWhacks,"Korean War (1953). Forgotten war. 3 million DEAD. North invaded South June 25, 1950. US-led UN forces pushed north then China intervened.",161,161,facts-or-whacks-videos/161-korean-war.mp4,facts-or-whacks-videos-151-200.zip,videos_30s_pack_151_200.zip,161-korean-war.webp,Korean War,1953,@FactsOrWhacks,30,"Photo by Corporal Peter McDonald, USMC · Public domain"
162-vietnam-war.mp4,Vietnam War (1975). First war on TV. America DIVIDED. US involvement 1955-1975 escalated under Johnson. First televised war brought horror home nightly. @FactsOrWhacks #VietnamWar #ColdWar #MilitaryHistory #HistoryTok #FactsOrWhacks,#VietnamWar #ColdWar #MilitaryHistory #HistoryTok #FactsOrWhacks,Vietnam War (1975). First war on TV. America DIVIDED. US involvement 1955-1975 escalated under Johnson. First televised war brought horror home nightly.,162,162,facts-or-whacks-videos/162-vietnam-war.mp4,facts-or-whacks-videos-151-200.zip,videos_30s_pack_151_200.zip,162-vietnam-war.webp,Vietnam War,1975,@FactsOrWhacks,30,"U.S. Air Force (Operation Holly 1970 (Folder 13 of 15), sheet 182) · Public domain"
163-gulf-war-1991.mp4,Gulf War 1991 (1990). 100 hours. Desert STORM. Iraq invaded Kuwait August 1990. Coalition of 35 nations led by US. @FactsOrWhacks #GulfWar #Iraq #MilitaryHistory #HistoryTok #FactsOrWhacks,#GulfWar #Iraq #MilitaryHistory #HistoryTok #FactsOrWhacks,Gulf War 1991 (1990). 100 hours. Desert STORM. Iraq invaded Kuwait August 1990. Coalition of 35 nations led by US.,163,163,facts-or-whacks-videos/163-gulf-war-1991.mp4,facts-or-whacks-videos-151-200.zip,videos_30s_pack_151_200.zip,163-gulf-war-1991.webp,Gulf War 1991,1990,@FactsOrWhacks,30,Edward Bonner · CC BY 4.0
164-iraq-war-2003.mp4,Iraq War 2003 (2003). WMDs. NEVER found. US-led invasion March 2003 toppled Saddam Hussein. Justified by alleged weapons of mass destruction. @FactsOrWhacks #IraqWar #MiddleEast #MilitaryHistory #HistoryTok #FactsOrWhacks,#IraqWar #MiddleEast #MilitaryHistory #HistoryTok #FactsOrWhacks,Iraq War 2003 (2003). WMDs. NEVER found. US-led invasion March 2003 toppled Saddam Hussein. Justified by alleged weapons of mass destruction.,164,164,facts-or-whacks-videos/164-iraq-war-2003.mp4,facts-or-whacks-videos-151-200.zip,videos_30s_pack_151_200.zip,164-iraq-war-2003.webp,Iraq War 2003,2003,@FactsOrWhacks,30,"Technical Sergeant John L. Houghton, Jr., United States Air Force · Public domain"
165-war-in-afghanistan.mp4,War in Afghanistan (2021). Longest war in US history. US invaded October 2001 after 9/11. Toppled Taliban harboring al-Qaeda. @FactsOrWhacks #Afghanistan #WarOnTerror #MilitaryHistory #HistoryTok #FactsOrWhacks,#Afghanistan #WarOnTerror #MilitaryHistory #HistoryTok #FactsOrWhacks,War in Afghanistan (2021). Longest war in US history. US invaded October 2001 after 9/11. Toppled Taliban harboring al-Qaeda.,165,165,facts-or-whacks-videos/165-war-in-afghanistan.mp4,facts-or-whacks-videos-151-200.zip,videos_30s_pack_151_200.zip,165-war-in-afghanistan.webp,War in Afghanistan,2021,@FactsOrWhacks,30,Pfc. Cameron Boyd · Public domain
166-falklands-war.mp4,"Falklands War (1982). Britain sailed 8,000 miles to FIGHT. Argentina invaded Falkland Islands April 1982. Britain sent task force 8,000 miles south. @FactsOrWhacks #FalklandsWar #Britain #MilitaryHistory #HistoryTok #FactsOrWhacks",#FalklandsWar #Britain #MilitaryHistory #HistoryTok #FactsOrWhacks,"Falklands War (1982). Britain sailed 8,000 miles to FIGHT. Argentina invaded Falkland Islands April 1982. Britain sent task force 8,000 miles south.",166,166,facts-or-whacks-videos/166-falklands-war.mp4,facts-or-whacks-videos-151-200.zip,videos_30s_pack_151_200.zip,166-falklands-war.webp,Falklands War,1982,@FactsOrWhacks,30,Royal Navy official photographer · OGL v1.0
167-six-day-war.mp4,Six-Day War (1967). 6 days. Middle East REWRITTEN. Israel vs Egypt Syria Jordan June 1967. Israel destroyed Arab air forces on ground. @FactsOrWhacks #SixDayWar #MiddleEast #Israel #HistoryTok #FactsOrWhacks,#SixDayWar #MiddleEast #Israel #HistoryTok #FactsOrWhacks,Six-Day War (1967). 6 days. Middle East REWRITTEN. Israel vs Egypt Syria Jordan June 1967. Israel destroyed Arab air forces on ground.,167,167,facts-or-whacks-videos/167-six-day-war.mp4,facts-or-whacks-videos-151-200.zip,videos_30s_pack_151_200.zip,167-six-day-war.webp,Six-Day War,1967,@FactsOrWhacks,30,Zvikorn · CC BY-SA 4.0
168-yom-kippur-war.mp4,"Yom Kippur War (1973). Israel nearly LOST. Egypt and Syria attacked October 6, 1973. Surprise attack on holiest Jewish day. @FactsOrWhacks #YomKippurWar #MiddleEast #MilitaryHistory #HistoryTok #FactsOrWhacks",#YomKippurWar #MiddleEast #MilitaryHistory #HistoryTok #FactsOrWhacks,"Yom Kippur War (1973). Israel nearly LOST. Egypt and Syria attacked October 6, 1973. Surprise attack on holiest Jewish day.",168,168,facts-or-whacks-videos/168-yom-kippur-war.mp4,facts-or-whacks-videos-151-200.zip,videos_30s_pack_151_200.zip,168-yom-kippur-war.webp,Yom Kippur War,1973,@FactsOrWhacks,30,Maurycy Gottlieb · Public domain
169-iran-iraq-war.mp4,Iran-Iraq War (1988). 8 years. 1 million DEAD. Iran-Iraq War was fought 1980-1988 longest conventional war of 20th century. Saddam Hussein invaded Iran after revolution. @FactsOrWhacks #IranIraqWar #MiddleEast #MilitaryHistory #HistoryTok #FactsOrWhacks,#IranIraqWar #MiddleEast #MilitaryHistory #HistoryTok #FactsOrWhacks,Iran-Iraq War (1988). 8 years. 1 million DEAD. Iran-Iraq War was fought 1980-1988 longest conventional war of 20th century. Saddam Hussein invaded Iran after revolution.,169,169,facts-or-whacks-videos/169-iran-iraq-war.mp4,facts-or-whacks-videos-151-200.zip,videos_30s_pack_151_200.zip,169-iran-iraq-war.webp,Iran-Iraq War,1988,@FactsOrWhacks,30,Mahmoud Badrfar · GFDL
170-spanish-civil-war.mp4,Spanish Civil War (1939). Picasso painted the HORROR. Republicans vs Nationalists 1936-1939. Franco's fascists backed by Hitler and Mussolini. @FactsOrWhacks #SpanishCivilWar #Picasso #Fascism #HistoryTok #FactsOrWhacks,#SpanishCivilWar #Picasso #Fascism #HistoryTok #FactsOrWhacks,Spanish Civil War (1939). Picasso painted the HORROR. Republicans vs Nationalists 1936-1939. Franco's fascists backed by Hitler and Mussolini.,170,170,facts-or-whacks-videos/170-spanish-civil-war.mp4,facts-or-whacks-videos-151-200.zip,videos_30s_pack_151_200.zip,170-spanish-civil-war.webp,Spanish Civil War,1939,@FactsOrWhacks,30,Chrysthel Annely Schwegler Cabuto · CC BY-SA 3.0
171-crimean-war.mp4,Crimean War (1853). Florence Nightingale. Modern NURSING. Britain France vs Russia 1853-1856. Charge of Light Brigade disaster. @FactsOrWhacks #CrimeanWar #Nursing #MilitaryHistory #HistoryTok #FactsOrWhacks,#CrimeanWar #Nursing #MilitaryHistory #HistoryTok #FactsOrWhacks,Crimean War (1853). Florence Nightingale. Modern NURSING. Britain France vs Russia 1853-1856. Charge of Light Brigade disaster.,171,171,facts-or-whacks-videos/171-crimean-war.mp4,facts-or-whacks-videos-151-200.zip,videos_30s_pack_151_200.zip,171-crimean-war.webp,Crimean War,1853,@FactsOrWhacks,30,"William Simpson, artist (1823-1899) E[dmond]. Morin, lithographer (1824… · Public domain"
172-boer-war.mp4,Boer War (1899). Concentration camps. First use. British vs Boer settlers 1899-1902 South Africa. Guerrilla war led to scorched earth policy. @FactsOrWhacks #BoerWar #SouthAfrica #BritishEmpire #HistoryTok #FactsOrWhacks,#BoerWar #SouthAfrica #BritishEmpire #HistoryTok #FactsOrWhacks,Boer War (1899). Concentration camps. First use. British vs Boer settlers 1899-1902 South Africa. Guerrilla war led to scorched earth policy.,172,172,facts-or-whacks-videos/172-boer-war.mp4,facts-or-whacks-videos-151-200.zip,videos_30s_pack_151_200.zip,172-boer-war.webp,Boer War,1899,@FactsOrWhacks,30,The British Army and The Illustrated London News · Public domain
173-opium-wars.mp4,Opium Wars (1842). Britain fought for DRUGS. China tried banning opium trade 1839. Britain went to war to protect drug profits. @FactsOrWhacks #OpiumWars #China #BritishEmpire #HistoryTok #FactsOrWhacks,#OpiumWars #China #BritishEmpire #HistoryTok #FactsOrWhacks,Opium Wars (1842). Britain fought for DRUGS. China tried banning opium trade 1839. Britain went to war to protect drug profits.,173,173,facts-or-whacks-videos/173-opium-wars.mp4,facts-or-whacks-videos-151-200.zip,videos_30s_pack_151_200.zip,173-opium-wars.webp,Opium Wars,1842,@FactsOrWhacks,30,Edward Duncan · Public domain
174-boxer-rebellion.mp4,Boxer Rebellion (1901). China vs the WORLD. Anti-foreign uprising 1899-1901 in China. Boxers attacked missionaries and Chinese Christians. @FactsOrWhacks #BoxerRebellion #China #Colonialism #HistoryTok #FactsOrWhacks,#BoxerRebellion #China #Colonialism #HistoryTok #FactsOrWhacks,Boxer Rebellion (1901). China vs the WORLD. Anti-foreign uprising 1899-1901 in China. Boxers attacked missionaries and Chinese Christians.,174,174,facts-or-whacks-videos/174-boxer-rebellion.mp4,facts-or-whacks-videos-151-200.zip,videos_30s_pack_151_200.zip,174-boxer-rebellion.webp,Boxer Rebellion,1901,@FactsOrWhacks,30,Wikimedia Commons · Public domain
175-russo-japanese-war.mp4,Russo-Japanese War (1905). Japan beat a EUROPEAN power. Russo-Japanese War was fought 1904-1905 over Korea and Manchuria. Japan destroyed Russian fleet at Tsushima. @FactsOrWhacks #RussoJapaneseWar #Japan #MilitaryHistory #HistoryTok #FactsOrWhacks,#RussoJapaneseWar #Japan #MilitaryHistory #HistoryTok #FactsOrWhacks,Russo-Japanese War (1905). Japan beat a EUROPEAN power. Russo-Japanese War was fought 1904-1905 over Korea and Manchuria. Japan destroyed Russian fleet at Tsushima.,175,175,facts-or-whacks-videos/175-russo-japanese-war.mp4,facts-or-whacks-videos-151-200.zip,videos_30s_pack_151_200.zip,175-russo-japanese-war.webp,Russo-Japanese War,1905,@FactsOrWhacks,30,Original uploader and author was Dustandshadow at en.wikipedia · Public domain
176-franco-prussian-war.mp4,Franco-Prussian War (1871). France lost. Germany BORN. Prussia defeated France 1870-1871. Napoleon III captured at Sedan. @FactsOrWhacks #FrancoPrussianWar #Germany #MilitaryHistory #HistoryTok #FactsOrWhacks,#FrancoPrussianWar #Germany #MilitaryHistory #HistoryTok #FactsOrWhacks,Franco-Prussian War (1871). France lost. Germany BORN. Prussia defeated France 1870-1871. Napoleon III captured at Sedan.,176,176,facts-or-whacks-videos/176-franco-prussian-war.mp4,facts-or-whacks-videos-151-200.zip,videos_30s_pack_151_200.zip,176-franco-prussian-war.webp,Franco-Prussian War,1871,@FactsOrWhacks,30,Anton von Werner · Public domain
177-war-of-1812.mp4,War of 1812 (1945). White House BURNED. US vs Britain 1812-1815 over trade and impressment. British burned White House August 1814. @FactsOrWhacks #WarOf1812 #AmericanHistory #BritishHistory #HistoryTok #FactsOrWhacks,#WarOf1812 #AmericanHistory #BritishHistory #HistoryTok #FactsOrWhacks,War of 1812 (1945). White House BURNED. US vs Britain 1812-1815 over trade and impressment. British burned White House August 1814.,177,177,facts-or-whacks-videos/177-war-of-1812.mp4,facts-or-whacks-videos-151-200.zip,videos_30s_pack_151_200.zip,177-war-of-1812.webp,War of 1812,1945,@FactsOrWhacks,30,"Clockwise, from top: George Munger, John David Kelly, Anton Otto Fische… · Public domain"
178-mexican-american-war.mp4,Mexican-American War (1848). Half of Mexico. GONE. Mexican-American War was fought 1846-1848 over Texas annexation. US forces captured Mexico City. @FactsOrWhacks #MexicanAmericanWar #AmericanHistory #Mexico #HistoryTok #FactsOrWhacks,#MexicanAmericanWar #AmericanHistory #Mexico #HistoryTok #FactsOrWhacks,Mexican-American War (1848). Half of Mexico. GONE. Mexican-American War was fought 1846-1848 over Texas annexation. US forces captured Mexico City.,178,178,facts-or-whacks-videos/178-mexican-american-war.mp4,facts-or-whacks-videos-151-200.zip,videos_30s_pack_151_200.zip,178-mexican-american-war.webp,Mexican-American War,1848,@FactsOrWhacks,30,Adolphe Jean-Baptiste Bayot / Carl Nebel · Public domain
179-punic-wars.mp4,Punic Wars. Hannibal. Scipio. Rome TRIUMPHS. Three wars Rome vs Carthage 264-146 BCE. Hannibal invaded Italy with elephants. @FactsOrWhacks #PunicWars #AncientRome #Hannibal #HistoryTok #FactsOrWhacks,#PunicWars #AncientRome #Hannibal #HistoryTok #FactsOrWhacks,Punic Wars. Hannibal. Scipio. Rome TRIUMPHS. Three wars Rome vs Carthage 264-146 BCE. Hannibal invaded Italy with elephants.,179,179,facts-or-whacks-videos/179-punic-wars.mp4,facts-or-whacks-videos-151-200.zip,videos_30s_pack_151_200.zip,179-punic-wars.webp,Punic Wars,,@FactsOrWhacks,30,derivative work: Carnby · CC BY-SA 4.0
180-battle-of-stalingrad.mp4,Battle of Stalingrad (1943). Deadliest battle EVER. Battle of Stalingrad was fought August 1942-February 1943. Turning point of Eastern Front WWII. @FactsOrWhacks #Stalingrad #WW2 #EasternFront #HistoryTok #FactsOrWhacks,#Stalingrad #WW2 #EasternFront #HistoryTok #FactsOrWhacks,Battle of Stalingrad (1943). Deadliest battle EVER. Battle of Stalingrad was fought August 1942-February 1943. Turning point of Eastern Front WWII.,180,180,facts-or-whacks-videos/180-battle-of-stalingrad.mp4,facts-or-whacks-videos-151-200.zip,videos_30s_pack_151_200.zip,180-battle-of-stalingrad.webp,Battle of Stalingrad,1943,@FactsOrWhacks,30,Unknown author Unknown author · Public domain
181-battle-of-midway.mp4,Battle of Midway (1942). 4 carriers. 5 MINUTES. June 4-7 1942 Pacific naval battle. US codebreakers knew Japanese plans. @FactsOrWhacks #Midway #WW2 #NavalHistory #HistoryTok #FactsOrWhacks,#Midway #WW2 #NavalHistory #HistoryTok #FactsOrWhacks,Battle of Midway (1942). 4 carriers. 5 MINUTES. June 4-7 1942 Pacific naval battle. US codebreakers knew Japanese plans.,181,181,facts-or-whacks-videos/181-battle-of-midway.mp4,facts-or-whacks-videos-151-200.zip,videos_30s_pack_151_200.zip,181-battle-of-midway.webp,Battle of Midway,1942,@FactsOrWhacks,30,Official U.S. Navy Photograph work · Public domain
182-battle-of-the-bulge.mp4,Battle of the Bulge (1944). Hitler's last gamble. FAILED. German counteroffensive December 1944 Ardennes. Caught Allies by surprise in harsh winter. @FactsOrWhacks #BattleOfTheBulge #WW2 #MilitaryHistory #HistoryTok #FactsOrWhacks,#BattleOfTheBulge #WW2 #MilitaryHistory #HistoryTok #FactsOrWhacks,Battle of the Bulge (1944). Hitler's last gamble. FAILED. German counteroffensive December 1944 Ardennes. Caught Allies by surprise in harsh winter.,182,182,facts-or-whacks-videos/182-battle-of-the-bulge.mp4,facts-or-whacks-videos-151-200.zip,videos_30s_pack_151_200.zip,182-battle-of-the-bulge.webp,Battle of the Bulge,1944,@FactsOrWhacks,30,"Braun, USA · Public domain"
183-atomic-bombing-of-hiroshima.mp4,"Atomic Bombing of Hiroshima (1945). One bomb. 80,000 INSTANT deaths. Enola Gay dropped Little Boy August 6, 1945. Estimated 80,000 killed instantly. @FactsOrWhacks #Hiroshima #WW2 #NuclearHistory #HistoryTok #FactsOrWhacks",#Hiroshima #WW2 #NuclearHistory #HistoryTok #FactsOrWhacks,"Atomic Bombing of Hiroshima (1945). One bomb. 80,000 INSTANT deaths. Enola Gay dropped Little Boy August 6, 1945. Estimated 80,000 killed instantly.",183,183,facts-or-whacks-videos/183-atomic-bombing-of-hiroshima.mp4,facts-or-whacks-videos-151-200.zip,videos_30s_pack_151_200.zip,183-atomic-bombing-of-hiroshima.webp,Atomic Bombing of Hiroshima,1945,@FactsOrWhacks,30,U.S. Navy Public Affairs Resources Website · Public domain
184-attack-on-pearl-harbor.mp4,"Attack on Pearl Harbor (1941). Day of infamy. America ENTERS. Japanese surprise attack December 7, 1941. 2,403 Americans killed. @FactsOrWhacks #PearlHarbor #WW2 #AmericanHistory #HistoryTok #FactsOrWhacks",#PearlHarbor #WW2 #AmericanHistory #HistoryTok #FactsOrWhacks,"Attack on Pearl Harbor (1941). Day of infamy. America ENTERS. Japanese surprise attack December 7, 1941. 2,403 Americans killed.",184,184,facts-or-whacks-videos/184-attack-on-pearl-harbor.mp4,facts-or-whacks-videos-151-200.zip,videos_30s_pack_151_200.zip,184-attack-on-pearl-harbor.webp,Attack on Pearl Harbor,1941,@FactsOrWhacks,30,Imperial Japanese Navy · Public domain
185-the-blitz.mp4,The Blitz (1941). 57 nights. City DIDN'T break. German bombing of London September 1940-May 1941. 57 consecutive nights of bombing. @FactsOrWhacks #TheBlitz #WW2 #London #HistoryTok #FactsOrWhacks,#TheBlitz #WW2 #London #HistoryTok #FactsOrWhacks,The Blitz (1941). 57 nights. City DIDN'T break. German bombing of London September 1940-May 1941. 57 consecutive nights of bombing.,185,185,facts-or-whacks-videos/185-the-blitz.mp4,facts-or-whacks-videos-151-200.zip,videos_30s_pack_151_200.zip,185-the-blitz.webp,The Blitz,1941,@FactsOrWhacks,30,German Air Force photographer · Public domain
186-battle-of-britain.mp4,Battle of Britain (1940). The Few. Saved CIVILIZATION. Air battle July-October 1940. RAF vs Luftwaffe over English Channel. @FactsOrWhacks #BattleOfBritain #WW2 #RAF #HistoryTok #FactsOrWhacks,#BattleOfBritain #WW2 #RAF #HistoryTok #FactsOrWhacks,Battle of Britain (1940). The Few. Saved CIVILIZATION. Air battle July-October 1940. RAF vs Luftwaffe over English Channel.,186,186,facts-or-whacks-videos/186-battle-of-britain.mp4,facts-or-whacks-videos-151-200.zip,videos_30s_pack_151_200.zip,186-battle-of-britain.webp,Battle of Britain,1940,@FactsOrWhacks,30,Australian armed forces · Public domain
187-tet-offensive.mp4,Tet Offensive (1968). They said we were WINNING. North Vietnamese attacked January 1968. Coordinated strikes across South Vietnam. @FactsOrWhacks #TetOffensive #VietnamWar #ColdWar #HistoryTok #FactsOrWhacks,#TetOffensive #VietnamWar #ColdWar #HistoryTok #FactsOrWhacks,Tet Offensive (1968). They said we were WINNING. North Vietnamese attacked January 1968. Coordinated strikes across South Vietnam.,187,187,facts-or-whacks-videos/187-tet-offensive.mp4,facts-or-whacks-videos-151-200.zip,videos_30s_pack_151_200.zip,187-tet-offensive.webp,Tet Offensive,1968,@FactsOrWhacks,30,West Point · Public domain
188-charge-of-the-light-brigade.mp4,"Charge of the Light Brigade (1854). Into the valley of DEATH. Crimean War cavalry charge October 25, 1854. 600 British cavalry charged wrong valley. @FactsOrWhacks #LightBrigade #CrimeanWar #MilitaryHistory #HistoryTok #FactsOrWhacks",#LightBrigade #CrimeanWar #MilitaryHistory #HistoryTok #FactsOrWhacks,"Charge of the Light Brigade (1854). Into the valley of DEATH. Crimean War cavalry charge October 25, 1854. 600 British cavalry charged wrong valley.",188,188,facts-or-whacks-videos/188-charge-of-the-light-brigade.mp4,facts-or-whacks-videos-151-200.zip,videos_30s_pack_151_200.zip,188-charge-of-the-light-brigade.webp,Charge of the Light Brigade,1854,@FactsOrWhacks,30,Richard Caton Woodville Jr. · Public domain
189-battle-of-verdun.mp4,"Battle of Verdun (1916). 10 months. 700,000 casualties. Longest battle of WWI February-December 1916. France vs Germany over symbolic fortress. @FactsOrWhacks #Verdun #WW1 #TrenchWarfare #HistoryTok #FactsOrWhacks",#Verdun #WW1 #TrenchWarfare #HistoryTok #FactsOrWhacks,"Battle of Verdun (1916). 10 months. 700,000 casualties. Longest battle of WWI February-December 1916. France vs Germany over symbolic fortress.",189,189,facts-or-whacks-videos/189-battle-of-verdun.mp4,facts-or-whacks-videos-151-200.zip,videos_30s_pack_151_200.zip,189-battle-of-verdun.webp,Battle of Verdun,1916,@FactsOrWhacks,30,Drawn by Gdr · CC BY-SA 3.0
190-battle-of-the-somme.mp4,"Battle of the Somme (1915). 60,000 dead. FIRST day. July 1, 1916 opening day of Somme offensive. British suffered 57,000 casualties first day. @FactsOrWhacks #TheSomme #WW1 #TrenchWarfare #HistoryTok #FactsOrWhacks",#TheSomme #WW1 #TrenchWarfare #HistoryTok #FactsOrWhacks,"Battle of the Somme (1915). 60,000 dead. FIRST day. July 1, 1916 opening day of Somme offensive. British suffered 57,000 casualties first day.",190,190,facts-or-whacks-videos/190-battle-of-the-somme.mp4,facts-or-whacks-videos-151-200.zip,videos_30s_pack_151_200.zip,190-battle-of-the-somme.webp,Battle of the Somme,1915,@FactsOrWhacks,30,National Library of Scotland · No restrictions
191-gallipoli-campaign.mp4,Gallipoli Campaign (1915). ANZAC legend BORN. Allied invasion of Ottoman Turkey 1915. Australian and New Zealand troops landed April 25. @FactsOrWhacks #Gallipoli #WW1 #ANZAC #HistoryTok #FactsOrWhacks,#Gallipoli #WW1 #ANZAC #HistoryTok #FactsOrWhacks,Gallipoli Campaign (1915). ANZAC legend BORN. Allied invasion of Ottoman Turkey 1915. Australian and New Zealand troops landed April 25.,191,191,facts-or-whacks-videos/191-gallipoli-campaign.mp4,facts-or-whacks-videos-151-200.zip,videos_30s_pack_151_200.zip,191-gallipoli-campaign.webp,Gallipoli Campaign,1915,@FactsOrWhacks,30,LoudHmen · Public domain
192-siege-of-leningrad.mp4,Siege of Leningrad (1944). 900 days. 1 million STARVED. Nazi siege September 1941-January 1944. Longest and most destructive siege in history. @FactsOrWhacks #Leningrad #WW2 #EasternFront #HistoryTok #FactsOrWhacks,#Leningrad #WW2 #EasternFront #HistoryTok #FactsOrWhacks,Siege of Leningrad (1944). 900 days. 1 million STARVED. Nazi siege September 1941-January 1944. Longest and most destructive siege in history.,192,192,facts-or-whacks-videos/192-siege-of-leningrad.mp4,facts-or-whacks-videos-151-200.zip,videos_30s_pack_151_200.zip,192-siege-of-leningrad.webp,Siege of Leningrad,1944,@FactsOrWhacks,30,Boris Kudoyarov · Public domain
193-battle-of-okinawa.mp4,"Battle of Okinawa (1945). Bloodiest Pacific battle. Battle of Okinawa was fought April-June 1945 last major Pacific battle. Estimated 150,000 Okinawan civilians died. @FactsOrWhacks #Okinawa #WW2 #PacificWar #HistoryTok #FactsOrWhacks",#Okinawa #WW2 #PacificWar #HistoryTok #FactsOrWhacks,"Battle of Okinawa (1945). Bloodiest Pacific battle. Battle of Okinawa was fought April-June 1945 last major Pacific battle. Estimated 150,000 Okinawan civilians died.",193,193,facts-or-whacks-videos/193-battle-of-okinawa.mp4,facts-or-whacks-videos-151-200.zip,videos_30s_pack_151_200.zip,193-battle-of-okinawa.webp,Battle of Okinawa,1945,@FactsOrWhacks,30,Staff Sergent Walter F. Kleine · Public domain
194-battle-of-iwo-jima.mp4,Battle of Iwo Jima (1945). One photo. One FLAG. February-March 1945 Pacific island battle. Joe Rosenthal's flag raising photo iconic. @FactsOrWhacks #IwoJima #WW2 #PacificWar #HistoryTok #FactsOrWhacks,#IwoJima #WW2 #PacificWar #HistoryTok #FactsOrWhacks,Battle of Iwo Jima (1945). One photo. One FLAG. February-March 1945 Pacific island battle. Joe Rosenthal's flag raising photo iconic.,194,194,facts-or-whacks-videos/194-battle-of-iwo-jima.mp4,facts-or-whacks-videos-151-200.zip,videos_30s_pack_151_200.zip,194-battle-of-iwo-jima.webp,Battle of Iwo Jima,1945,@FactsOrWhacks,30,Joe Rosenthal · Public domain
195-bay-of-pigs-invasion.mp4,"Bay of Pigs Invasion (1961). CIA's worst day. CUBA won. Failed US-backed invasion April 1961. 1,400 Cuban exiles landed in Cuba. @FactsOrWhacks #BayOfPigs #ColdWar #Cuba #HistoryTok #FactsOrWhacks",#BayOfPigs #ColdWar #Cuba #HistoryTok #FactsOrWhacks,"Bay of Pigs Invasion (1961). CIA's worst day. CUBA won. Failed US-backed invasion April 1961. 1,400 Cuban exiles landed in Cuba.",195,195,facts-or-whacks-videos/195-bay-of-pigs-invasion.mp4,facts-or-whacks-videos-151-200.zip,videos_30s_pack_151_200.zip,195-bay-of-pigs-invasion.webp,Bay of Pigs Invasion,1961,@FactsOrWhacks,30,Andrew95le · CC BY-SA 4.0
196-suez-crisis-1956.mp4,Suez Crisis 1956 (1956). Empire's last GASP. Britain France Israel invaded Egypt over canal. US and USSR forced them to withdraw. @FactsOrWhacks #SuezCrisis #ColdWar #BritishEmpire #HistoryTok #FactsOrWhacks,#SuezCrisis #ColdWar #BritishEmpire #HistoryTok #FactsOrWhacks,Suez Crisis 1956 (1956). Empire's last GASP. Britain France Israel invaded Egypt over canal. US and USSR forced them to withdraw.,196,196,facts-or-whacks-videos/196-suez-crisis-1956.mp4,facts-or-whacks-videos-151-200.zip,videos_30s_pack_151_200.zip,196-suez-crisis-1956.webp,Suez Crisis 1956,1956,@FactsOrWhacks,30,Fleet Air Arm official photographer · Public domain
197-arab-israeli-war-1948.mp4,"Arab-Israeli War 1948 (1948). One day. Forever WAR. Israel declared independence May 14, 1948. Arab states invaded next day. @FactsOrWhacks #1948War #MiddleEast #Israel #HistoryTok #FactsOrWhacks",#1948War #MiddleEast #Israel #HistoryTok #FactsOrWhacks,"Arab-Israeli War 1948 (1948). One day. Forever WAR. Israel declared independence May 14, 1948. Arab states invaded next day.",197,197,facts-or-whacks-videos/197-arab-israeli-war-1948.mp4,facts-or-whacks-videos-151-200.zip,videos_30s_pack_151_200.zip,197-arab-israeli-war-1948.webp,Arab-Israeli War 1948,1948,@FactsOrWhacks,30,Benno Rothenberg · CC BY 4.0
198-second-sino-japanese-war.mp4,"Second Sino-Japanese War (1945). Rape of Nanking. 300,000 DEAD. Japan invaded China 1937 full-scale war. Nanking Massacre December 1937 300,000 was killed. @FactsOrWhacks #SinoJapaneseWar #WW2 #China #HistoryTok #FactsOrWhacks",#SinoJapaneseWar #WW2 #China #HistoryTok #FactsOrWhacks,"Second Sino-Japanese War (1945). Rape of Nanking. 300,000 DEAD. Japan invaded China 1937 full-scale war. Nanking Massacre December 1937 300,000 was killed.",198,198,facts-or-whacks-videos/198-second-sino-japanese-war.mp4,facts-or-whacks-videos-151-200.zip,videos_30s_pack_151_200.zip,198-second-sino-japanese-war.webp,Second Sino-Japanese War,1945,@FactsOrWhacks,30,"Unknown photographer, Ministry of the Navy · Public domain"
199-nanking-massacre.mp4,"Nanking Massacre (1937). Six weeks. 300,000 DEAD. Japanese troops captured Nanking December 1937. Six-week orgy of killing rape and looting. @FactsOrWhacks #Nanking #WW2 #WarCrimes #HistoryMatters #FactsOrWhacks",#Nanking #WW2 #WarCrimes #HistoryMatters #FactsOrWhacks,"Nanking Massacre (1937). Six weeks. 300,000 DEAD. Japanese troops captured Nanking December 1937. Six-week orgy of killing rape and looting.",199,199,facts-or-whacks-videos/199-nanking-massacre.mp4,facts-or-whacks-videos-151-200.zip,videos_30s_pack_151_200.zip,199-nanking-massacre.webp,Nanking Massacre,1937,@FactsOrWhacks,30,"Originally Moriyasu Murase, 村瀬守保 · Public domain"
200-battle-of-waterloo.mp4,"Battle of Waterloo (1815). One day. Napoleon FINISHED. Battle of Waterloo was fought June 18, 1815 in Belgium. Wellington and Blucher defeated Napoleon. @FactsOrWhacks #Waterloo #Napoleon #MilitaryHistory #HistoryTok #FactsOrWhacks",#Waterloo #Napoleon #MilitaryHistory #HistoryTok #FactsOrWhacks,"Battle of Waterloo (1815). One day. Napoleon FINISHED. Battle of Waterloo was fought June 18, 1815 in Belgium. Wellington and Blucher defeated Napoleon.",200,200,facts-or-whacks-videos/200-battle-of-waterloo.mp4,facts-or-whacks-videos-151-200.zip,videos_30s_pack_151_200.zip,200-battle-of-waterloo.webp,Battle of Waterloo,1815,@FactsOrWhacks,30,William Sadler · Public domain
201-battle-of-gettysburg.mp4,Battle of Gettysburg (1863). 3 days. Turning point. Battle of Gettysburg was fought July 1-3 1863 in Pennsylvania. Bloodiest battle of American Civil War. @FactsOrWhacks #Gettysburg #CivilWar #AmericanHistory #HistoryTok #FactsOrWhacks,#Gettysburg #CivilWar #AmericanHistory #HistoryTok #FactsOrWhacks,Battle of Gettysburg (1863). 3 days. Turning point. Battle of Gettysburg was fought July 1-3 1863 in Pennsylvania. Bloodiest battle of American Civil War.,201,201,facts-or-whacks-videos/201-battle-of-gettysburg.mp4,facts-or-whacks-videos-201-250.zip,videos_30s_pack_201_250.zip,201-battle-of-gettysburg.webp,Battle of Gettysburg,1863,@FactsOrWhacks,30,Thure de Thulstrup / Adam Cuerden · Public domain
202-normandy-breakout.mp4,Normandy Breakout (1944). Liberation of FRANCE. Allied breakout from Normandy July-August 1944. Operation Cobra punched through German lines. @FactsOrWhacks #Normandy #WW2 #Liberation #HistoryTok #FactsOrWhacks,#Normandy #WW2 #Liberation #HistoryTok #FactsOrWhacks,Normandy Breakout (1944). Liberation of FRANCE. Allied breakout from Normandy July-August 1944. Operation Cobra punched through German lines.,202,202,facts-or-whacks-videos/202-normandy-breakout.mp4,facts-or-whacks-videos-201-250.zip,videos_30s_pack_201_250.zip,202-normandy-breakout.webp,Normandy Breakout,1944,@FactsOrWhacks,30,The original uploader was MIckStephenson at English Wikipedia . · Public domain
203-dien-bien-phu.mp4,Dien Bien Phu (1954). France's last stand in ASIA. Viet Minh besieged French base 1954. Giap's forces defeated French after 57 days. @FactsOrWhacks #DienBienPhu #Vietnam #Colonialism #HistoryTok #FactsOrWhacks,#DienBienPhu #Vietnam #Colonialism #HistoryTok #FactsOrWhacks,Dien Bien Phu (1954). France's last stand in ASIA. Viet Minh besieged French base 1954. Giap's forces defeated French after 57 days.,203,203,facts-or-whacks-videos/203-dien-bien-phu.mp4,facts-or-whacks-videos-201-250.zip,videos_30s_pack_201_250.zip,203-dien-bien-phu.webp,Dien Bien Phu,1954,@FactsOrWhacks,30,Vietnam People's Army · Public domain
204-algerian-war-of-independence.mp4,Algerian War of Independence (1962). 1 million dead. France LEFT. FLN fought France 1954-1962. Brutal guerrilla war and torture used. @FactsOrWhacks #Algeria #Independence #Colonialism #HistoryTok #FactsOrWhacks,#Algeria #Independence #Colonialism #HistoryTok #FactsOrWhacks,Algerian War of Independence (1962). 1 million dead. France LEFT. FLN fought France 1954-1962. Brutal guerrilla war and torture used.,204,204,facts-or-whacks-videos/204-algerian-war-of-independence.mp4,facts-or-whacks-videos-201-250.zip,videos_30s_pack_201_250.zip,204-algerian-war-of-independence.webp,Algerian War of Independence,1962,@FactsOrWhacks,30,Zdravko Pečar · CC BY-SA 4.0
205-mau-mau-uprising.mp4,Mau Mau Uprising (1960). Britain's secret TORTURE. Kenyan rebellion against British rule 1952-1960. Kikuyu people fought for land and freedom. @FactsOrWhacks #MauMau #Kenya #Colonialism #HistoryTok #FactsOrWhacks,#MauMau #Kenya #Colonialism #HistoryTok #FactsOrWhacks,Mau Mau Uprising (1960). Britain's secret TORTURE. Kenyan rebellion against British rule 1952-1960. Kikuyu people fought for land and freedom.,205,205,facts-or-whacks-videos/205-mau-mau-uprising.mp4,facts-or-whacks-videos-201-250.zip,videos_30s_pack_201_250.zip,205-mau-mau-uprising.webp,Mau Mau Uprising,1960,@FactsOrWhacks,30,Ministry of Defence POST-1945 OFFICIAL COLLECTION · Public domain
206-biafran-war.mp4,Biafran War (1970). Starvation as WEAPON. Nigerian civil war 1967-1970. Biafra seceded over ethnic tensions. @FactsOrWhacks #Biafra #Nigeria #CivilWar #HistoryTok #FactsOrWhacks,#Biafra #Nigeria #CivilWar #HistoryTok #FactsOrWhacks,Biafran War (1970). Starvation as WEAPON. Nigerian civil war 1967-1970. Biafra seceded over ethnic tensions.,206,206,facts-or-whacks-videos/206-biafran-war.mp4,facts-or-whacks-videos-201-250.zip,videos_30s_pack_201_250.zip,206-biafran-war.webp,Biafran War,1970,@FactsOrWhacks,30,Godwin Alabi-Isama · CC BY-SA 4.0
207-partition-of-poland.mp4,Partition of Poland (1947). Three empires. One country GONE. Poland divided 1772 1793 1795. Russia Prussia Austria carved it up. @FactsOrWhacks #Poland #EuropeanHistory #Empire #HistoryTok #FactsOrWhacks,#Poland #EuropeanHistory #Empire #HistoryTok #FactsOrWhacks,Partition of Poland (1947). Three empires. One country GONE. Poland divided 1772 1793 1795. Russia Prussia Austria carved it up.,207,207,facts-or-whacks-videos/207-partition-of-poland.mp4,facts-or-whacks-videos-201-250.zip,videos_30s_pack_201_250.zip,207-partition-of-poland.webp,Partition of Poland,1947,@FactsOrWhacks,30,Rzeczpospolita_Rozbiory_3.png : Halibutt derivative work: Sneecs ( talk… · CC BY-SA 3.0
208-easter-rising-1916.mp4,Easter Rising 1916 (1916). Dublin. 6 days. IRELAND changed. Irish republicans seized Dublin April 1916. Easter Rising 1916 was held out six days against British forces. @FactsOrWhacks #EasterRising #Ireland #Revolution #HistoryTok #FactsOrWhacks,#EasterRising #Ireland #Revolution #HistoryTok #FactsOrWhacks,Easter Rising 1916 (1916). Dublin. 6 days. IRELAND changed. Irish republicans seized Dublin April 1916. Easter Rising 1916 was held out six days against British forces.,208,208,facts-or-whacks-videos/208-easter-rising-1916.mp4,facts-or-whacks-videos-201-250.zip,videos_30s_pack_201_250.zip,208-easter-rising-1916.webp,Easter Rising 1916,1916,@FactsOrWhacks,30,"Keogh Brothers Ltd., photographers [1] · No restrictions"
209-irish-war-of-independence.mp4,Irish War of Independence (1919). Guerrilla war. Empire BROKE. 1919-1921 IRA vs British forces. Michael Collins led guerrilla campaign. @FactsOrWhacks #IrishIndependence #Ireland #Revolution #HistoryTok #FactsOrWhacks,#IrishIndependence #Ireland #Revolution #HistoryTok #FactsOrWhacks,Irish War of Independence (1919). Guerrilla war. Empire BROKE. 1919-1921 IRA vs British forces. Michael Collins led guerrilla campaign.,209,209,facts-or-whacks-videos/209-irish-war-of-independence.mp4,facts-or-whacks-videos-201-250.zip,videos_30s_pack_201_250.zip,209-irish-war-of-independence.webp,Irish War of Independence,1919,@FactsOrWhacks,30,Unknown author Unknown author · Public domain
210-good-friday-agreement.mp4,"Good Friday Agreement (1998). Peace after 30 YEARS. Signed April 10, 1998 Northern Ireland. Ended decades of Troubles violence. @FactsOrWhacks #GoodFriday #NorthernIreland #Peace #HistoryTok #FactsOrWhacks",#GoodFriday #NorthernIreland #Peace #HistoryTok #FactsOrWhacks,"Good Friday Agreement (1998). Peace after 30 YEARS. Signed April 10, 1998 Northern Ireland. Ended decades of Troubles violence.",210,210,facts-or-whacks-videos/210-good-friday-agreement.mp4,facts-or-whacks-videos-201-250.zip,videos_30s_pack_201_250.zip,210-good-friday-agreement.webp,Good Friday Agreement,1998,@FactsOrWhacks,30,Northern Ireland Office · OGL 3
211-amritsar-massacre.mp4,"Amritsar Massacre (1919). 379 killed. Empire EXPOSED. British troops fired on crowd April 13, 1919. Unarmed Indians gathered in Jallianwala Bagh. @FactsOrWhacks #Amritsar #IndianHistory #BritishEmpire #HistoryTok #FactsOrWhacks",#Amritsar #IndianHistory #BritishEmpire #HistoryTok #FactsOrWhacks,"Amritsar Massacre (1919). 379 killed. Empire EXPOSED. British troops fired on crowd April 13, 1919. Unarmed Indians gathered in Jallianwala Bagh.",211,211,facts-or-whacks-videos/211-amritsar-massacre.mp4,facts-or-whacks-videos-201-250.zip,videos_30s_pack_201_250.zip,211-amritsar-massacre.webp,Amritsar Massacre,1919,@FactsOrWhacks,30,Amitoj911 · Public domain
212-salt-march.mp4,Salt March (1930). One man. One SALT. Gandhi marched 240 miles to sea March 1930. Protested British salt monopoly and tax. @FactsOrWhacks #SaltMarch #Gandhi #IndianHistory #HistoryTok #FactsOrWhacks,#SaltMarch #Gandhi #IndianHistory #HistoryTok #FactsOrWhacks,Salt March (1930). One man. One SALT. Gandhi marched 240 miles to sea March 1930. Protested British salt monopoly and tax.,212,212,facts-or-whacks-videos/212-salt-march.mp4,facts-or-whacks-videos-201-250.zip,videos_30s_pack_201_250.zip,212-salt-march.webp,Salt March,1930,@FactsOrWhacks,30,Unknown author Unknown author · Public domain
213-quit-india-movement.mp4,Quit India Movement (1947). Do or DIE. Gandhi launched August 1942 during WWII. Demand immediate British withdrawal. @FactsOrWhacks #QuitIndia #Gandhi #IndianHistory #HistoryTok #FactsOrWhacks,#QuitIndia #Gandhi #IndianHistory #HistoryTok #FactsOrWhacks,Quit India Movement (1947). Do or DIE. Gandhi launched August 1942 during WWII. Demand immediate British withdrawal.,213,213,facts-or-whacks-videos/213-quit-india-movement.mp4,facts-or-whacks-videos-201-250.zip,videos_30s_pack_201_250.zip,213-quit-india-movement.webp,Quit India Movement,1947,@FactsOrWhacks,30,Unknown author Unknown author · CC0
214-bangladesh-liberation-war.mp4,Bangladesh Liberation War (1971). 3 million dead. One NATION born. East Pakistan fought West Pakistan 1971. Estimated 3 million killed in genocide. @FactsOrWhacks #Bangladesh #Independence #SouthAsia #HistoryTok #FactsOrWhacks,#Bangladesh #Independence #SouthAsia #HistoryTok #FactsOrWhacks,Bangladesh Liberation War (1971). 3 million dead. One NATION born. East Pakistan fought West Pakistan 1971. Estimated 3 million killed in genocide.,214,214,facts-or-whacks-videos/214-bangladesh-liberation-war.mp4,facts-or-whacks-videos-201-250.zip,videos_30s_pack_201_250.zip,214-bangladesh-liberation-war.webp,Bangladesh Liberation War,1971,@FactsOrWhacks,30,ExcelD24 · CC BY-SA 3.0
215-partition-of-bengal.mp4,Partition of Bengal (1947). Lines drawn. Millions DISPLACED. British partitioned Bengal 1905 and 1947. 1947 partition split India and Pakistan. @FactsOrWhacks #Partition #SouthAsia #Independence #HistoryTok #FactsOrWhacks,#Partition #SouthAsia #Independence #HistoryTok #FactsOrWhacks,Partition of Bengal (1947). Lines drawn. Millions DISPLACED. British partitioned Bengal 1905 and 1947. 1947 partition split India and Pakistan.,215,215,facts-or-whacks-videos/215-partition-of-bengal.mp4,facts-or-whacks-videos-201-250.zip,videos_30s_pack_201_250.zip,215-partition-of-bengal.webp,Partition of Bengal,1947,@FactsOrWhacks,30,Central Intelligence Agency · Public domain
216-cuban-missile-crisis.mp4,Cuban Missile Crisis (1962). 13 days. Nuclear WAR close. US discovered Soviet missiles in Cuba October 1962. 13-day standoff brought world to nuclear brink. @FactsOrWhacks #CubanMissileCrisis #ColdWar #NuclearHistory #HistoryTok #FactsOrWhacks,#CubanMissileCrisis #ColdWar #NuclearHistory #HistoryTok #FactsOrWhacks,Cuban Missile Crisis (1962). 13 days. Nuclear WAR close. US discovered Soviet missiles in Cuba October 1962. 13-day standoff brought world to nuclear brink.,216,216,facts-or-whacks-videos/216-cuban-missile-crisis.mp4,facts-or-whacks-videos-201-250.zip,videos_30s_pack_201_250.zip,216-cuban-missile-crisis.webp,Cuban Missile Crisis,1962,@FactsOrWhacks,30,USAF · Public domain
217-fall-of-saigon.mp4,"Fall of Saigon (1975). Helicopters on the ROOF. North Vietnamese captured Saigon April 30, 1975. Iconic helicopter evacuations from US embassy roof. @FactsOrWhacks #FallOfSaigon #VietnamWar #ColdWar #HistoryTok #FactsOrWhacks",#FallOfSaigon #VietnamWar #ColdWar #HistoryTok #FactsOrWhacks,"Fall of Saigon (1975). Helicopters on the ROOF. North Vietnamese captured Saigon April 30, 1975. Iconic helicopter evacuations from US embassy roof.",217,217,facts-or-whacks-videos/217-fall-of-saigon.mp4,facts-or-whacks-videos-201-250.zip,videos_30s_pack_201_250.zip,217-fall-of-saigon.webp,Fall of Saigon,1975,@FactsOrWhacks,30,Hubert van Es · Public domain
218-gulf-of-tonkin-incident.mp4,Gulf of Tonkin Incident (1964). One lie. One WAR. August 1964 alleged North Vietnamese attack. Congress passed Gulf of Tonkin Resolution. @FactsOrWhacks #GulfOfTonkin #VietnamWar #AmericanHistory #HistoryTok #FactsOrWhacks,#GulfOfTonkin #VietnamWar #AmericanHistory #HistoryTok #FactsOrWhacks,Gulf of Tonkin Incident (1964). One lie. One WAR. August 1964 alleged North Vietnamese attack. Congress passed Gulf of Tonkin Resolution.,218,218,facts-or-whacks-videos/218-gulf-of-tonkin-incident.mp4,facts-or-whacks-videos-201-250.zip,videos_30s_pack_201_250.zip,218-gulf-of-tonkin-incident.webp,Gulf of Tonkin Incident,1964,@FactsOrWhacks,30,NASA (MODIS imagery from the Terra satellite) · Public domain
219-war-of-the-pacific.mp4,War of the Pacific (1884). Bird poop caused a WAR. Chile vs Peru and Bolivia 1879-1884. War of the Pacific was fought over guano and nitrate deposits. @FactsOrWhacks #WarOfThePacific #SouthAmerica #WeirdHistory #HistoryTok #FactsOrWhacks,#WarOfThePacific #SouthAmerica #WeirdHistory #HistoryTok #FactsOrWhacks,War of the Pacific (1884). Bird poop caused a WAR. Chile vs Peru and Bolivia 1879-1884. War of the Pacific was fought over guano and nitrate deposits.,219,219,facts-or-whacks-videos/219-war-of-the-pacific.mp4,facts-or-whacks-videos-201-250.zip,videos_30s_pack_201_250.zip,219-war-of-the-pacific.webp,War of the Pacific,1884,@FactsOrWhacks,30,United States Federal Government · Public domain
220-franco-prussian-war-siege-of-paris.mp4,Franco-Prussian War Siege of Paris (1871). Rats on the MENU. Paris besieged four months September 1870-January 1871. Citizens ate rats cats dogs and zoo animals. @FactsOrWhacks #SiegeOfParis #FrancoPrussianWar #France #HistoryTok #FactsOrWhacks,#SiegeOfParis #FrancoPrussianWar #France #HistoryTok #FactsOrWhacks,Franco-Prussian War Siege of Paris (1871). Rats on the MENU. Paris besieged four months September 1870-January 1871. Citizens ate rats cats dogs and zoo animals.,220,220,facts-or-whacks-videos/220-franco-prussian-war-siege-of-paris.mp4,facts-or-whacks-videos-201-250.zip,videos_30s_pack_201_250.zip,220-franco-prussian-war-siege-of-paris.webp,Franco-Prussian War Siege of Paris,1871,@FactsOrWhacks,30,Adolphe Braun · Public domain
221-anglo-zulu-war.mp4,Anglo-Zulu War (1879). Spears vs CANNONS. British invaded Zululand January 1879. Zulu warriors destroyed British at Isandlwana. @FactsOrWhacks #ZuluWar #Africa #BritishEmpire #HistoryTok #FactsOrWhacks,#ZuluWar #Africa #BritishEmpire #HistoryTok #FactsOrWhacks,Anglo-Zulu War (1879). Spears vs CANNONS. British invaded Zululand January 1879. Zulu warriors destroyed British at Isandlwana.,221,221,facts-or-whacks-videos/221-anglo-zulu-war.mp4,facts-or-whacks-videos-201-250.zip,videos_30s_pack_201_250.zip,221-anglo-zulu-war.webp,Anglo-Zulu War,1879,@FactsOrWhacks,30,Fidodog14 · CC BY-SA 4.0
222-sepoy-mutiny.mp4,Sepoy Mutiny (1857). Company rule ENDED. Indian soldiers rebelled 1857 against East India Company. Sparked by rumored greased cartridges. @FactsOrWhacks #SepoyMutiny #India #BritishEmpire #HistoryTok #FactsOrWhacks,#SepoyMutiny #India #BritishEmpire #HistoryTok #FactsOrWhacks,Sepoy Mutiny (1857). Company rule ENDED. Indian soldiers rebelled 1857 against East India Company. Sparked by rumored greased cartridges.,222,222,facts-or-whacks-videos/222-sepoy-mutiny.mp4,facts-or-whacks-videos-201-250.zip,videos_30s_pack_201_250.zip,222-sepoy-mutiny.webp,Sepoy Mutiny,1857,@FactsOrWhacks,30,Unknown author Unknown author Cambridge University Press; Stanford's Ge… · Public domain
223-war-of-the-triple-alliance.mp4,War of the Triple Alliance (1865). Deadliest war in South AMERICA. Paraguay vs Brazil Argentina Uruguay 1864-1870. Paraguay fought all three neighbors simultaneously. @FactsOrWhacks #TripleAlliance #Paraguay #SouthAmerica #HistoryTok #FactsOrWhacks,#TripleAlliance #Paraguay #SouthAmerica #HistoryTok #FactsOrWhacks,War of the Triple Alliance (1865). Deadliest war in South AMERICA. Paraguay vs Brazil Argentina Uruguay 1864-1870. Paraguay fought all three neighbors simultaneously.,223,223,facts-or-whacks-videos/223-war-of-the-triple-alliance.mp4,facts-or-whacks-videos-201-250.zip,videos_30s_pack_201_250.zip,223-war-of-the-triple-alliance.webp,War of the Triple Alliance,1865,@FactsOrWhacks,30,Inkratt · CC BY-SA 3.0
224-napoleonic-wars-peninsular-campaign.mp4,Napoleonic Wars Peninsular Campaign (1814). Spanish ulcer BLEED France. 1807-1814 Spain guerrilla war against French. Spanish resistance tied down French armies. @FactsOrWhacks #PeninsularWar #Napoleon #Spain #HistoryTok #FactsOrWhacks,#PeninsularWar #Napoleon #Spain #HistoryTok #FactsOrWhacks,Napoleonic Wars Peninsular Campaign (1814). Spanish ulcer BLEED France. 1807-1814 Spain guerrilla war against French. Spanish resistance tied down French armies.,224,224,facts-or-whacks-videos/224-napoleonic-wars-peninsular-campaign.mp4,facts-or-whacks-videos-201-250.zip,videos_30s_pack_201_250.zip,224-napoleonic-wars-peninsular-campaign.webp,Napoleonic Wars Peninsular Campaign,1814,@FactsOrWhacks,30,"The Public Schools Historical Atlas by Charles Colbeck. Longmans, Green… · Public domain"
225-battle-of-trafalgar.mp4,Battle of Trafalgar (1805). One admiral. Sea RULED. Horatio Nelson defeated French-Spanish fleet 1805. Nelson killed by sniper during victory. @FactsOrWhacks #Trafalgar #Nelson #NavalHistory #HistoryTok #FactsOrWhacks,#Trafalgar #Nelson #NavalHistory #HistoryTok #FactsOrWhacks,Battle of Trafalgar (1805). One admiral. Sea RULED. Horatio Nelson defeated French-Spanish fleet 1805. Nelson killed by sniper during victory.,225,225,facts-or-whacks-videos/225-battle-of-trafalgar.mp4,facts-or-whacks-videos-201-250.zip,videos_30s_pack_201_250.zip,225-battle-of-trafalgar.webp,Battle of Trafalgar,1805,@FactsOrWhacks,30,Galia ^ · CC BY-SA 3.0
226-war-of-austrian-succession.mp4,War of Austrian Succession (1740). Maria Theresa. They said NO. 1740-1748 European powers challenged Habsburg heir. Maria Theresa fought to keep throne. @FactsOrWhacks #MariaTheresa #EuropeanHistory #War #HistoryTok #FactsOrWhacks,#MariaTheresa #EuropeanHistory #War #HistoryTok #FactsOrWhacks,War of Austrian Succession (1740). Maria Theresa. They said NO. 1740-1748 European powers challenged Habsburg heir. Maria Theresa fought to keep throne.,226,226,facts-or-whacks-videos/226-war-of-austrian-succession.mp4,facts-or-whacks-videos-201-250.zip,videos_30s_pack_201_250.zip,226-war-of-austrian-succession.webp,War of Austrian Succession,1740,@FactsOrWhacks,30,DavidDijkgraaf · CC0
227-war-of-the-roses.mp4,War of the Roses (1487). Two roses. One THRONE. English civil war 1455-1487. House of Lancaster vs House of York. @FactsOrWhacks #WarOfTheRoses #BritishHistory #Medieval #HistoryTok #FactsOrWhacks,#WarOfTheRoses #BritishHistory #Medieval #HistoryTok #FactsOrWhacks,War of the Roses (1487). Two roses. One THRONE. English civil war 1455-1487. House of Lancaster vs House of York.,227,227,facts-or-whacks-videos/227-war-of-the-roses.mp4,facts-or-whacks-videos-201-250.zip,videos_30s_pack_201_250.zip,227-war-of-the-roses.webp,War of the Roses,1487,@FactsOrWhacks,30,Ghent master · Public domain
228-battle-of-lepanto.mp4,"Battle of Lepanto (1571). Holy League vs OTTOMANS. Naval battle October 7, 1571 Mediterranean. Holy League defeated Ottoman fleet. @FactsOrWhacks #Lepanto #Ottoman #NavalHistory #HistoryTok #FactsOrWhacks",#Lepanto #Ottoman #NavalHistory #HistoryTok #FactsOrWhacks,"Battle of Lepanto (1571). Holy League vs OTTOMANS. Naval battle October 7, 1571 Mediterranean. Holy League defeated Ottoman fleet.",228,228,facts-or-whacks-videos/228-battle-of-lepanto.mp4,facts-or-whacks-videos-201-250.zip,videos_30s_pack_201_250.zip,228-battle-of-lepanto.webp,Battle of Lepanto,1571,@FactsOrWhacks,30,Unidentified painter · Public domain
229-thirty-years-war-defenestration.mp4,Thirty Years War Defenestration (1618). They threw him out a WINDOW. Prague Defenestration May 1618 sparked war. Protestants threw Catholic officials from window. @FactsOrWhacks #Defenestration #Prague #WeirdHistory #HistoryTok #FactsOrWhacks,#Defenestration #Prague #WeirdHistory #HistoryTok #FactsOrWhacks,Thirty Years War Defenestration (1618). They threw him out a WINDOW. Prague Defenestration May 1618 sparked war. Protestants threw Catholic officials from window.,229,229,facts-or-whacks-videos/229-thirty-years-war-defenestration.mp4,facts-or-whacks-videos-201-250.zip,videos_30s_pack_201_250.zip,229-thirty-years-war-defenestration.webp,Thirty Years War Defenestration,1618,@FactsOrWhacks,30,Unknown author Unknown author · Public domain
230-battle-of-plassey.mp4,Battle of Plassey (1757). One bribe. India CONQUERED. Robert Clive defeated Nawab of Bengal 1757. Victory secured by bribing general Mir Jafar. @FactsOrWhacks #Plassey #India #BritishEmpire #HistoryTok #FactsOrWhacks,#Plassey #India #BritishEmpire #HistoryTok #FactsOrWhacks,Battle of Plassey (1757). One bribe. India CONQUERED. Robert Clive defeated Nawab of Bengal 1757. Victory secured by bribing general Mir Jafar.,230,230,facts-or-whacks-videos/230-battle-of-plassey.mp4,facts-or-whacks-videos-201-250.zip,videos_30s_pack_201_250.zip,230-battle-of-plassey.webp,Battle of Plassey,1757,@FactsOrWhacks,30,George B. Malleson · Public domain
231-zulu-war-isandlwana.mp4,"Zulu War Isandlwana (1879). Spears beat CANNONS. January 22, 1879 Zulu destroyed British camp. Over 1,300 British and allies was killed. @FactsOrWhacks #Isandlwana #ZuluWar #Africa #HistoryTok #FactsOrWhacks",#Isandlwana #ZuluWar #Africa #HistoryTok #FactsOrWhacks,"Zulu War Isandlwana (1879). Spears beat CANNONS. January 22, 1879 Zulu destroyed British camp. Over 1,300 British and allies was killed.",231,231,facts-or-whacks-videos/231-zulu-war-isandlwana.mp4,facts-or-whacks-videos-201-250.zip,videos_30s_pack_201_250.zip,231-zulu-war-isandlwana.webp,Zulu War Isandlwana,1879,@FactsOrWhacks,30,Charles Edwin Fripp · Public domain
232-battle-of-the-alamo.mp4,Battle of the Alamo (1836). 183 men. 13 DAYS. Texan defenders held Alamo mission February-March 1836. 183 defenders vs thousands of Mexican troops. @FactsOrWhacks #TheAlamo #Texas #AmericanHistory #HistoryTok #FactsOrWhacks,#TheAlamo #Texas #AmericanHistory #HistoryTok #FactsOrWhacks,Battle of the Alamo (1836). 183 men. 13 DAYS. Texan defenders held Alamo mission February-March 1836. 183 defenders vs thousands of Mexican troops.,232,232,facts-or-whacks-videos/232-battle-of-the-alamo.mp4,facts-or-whacks-videos-201-250.zip,videos_30s_pack_201_250.zip,232-battle-of-the-alamo.webp,Battle of the Alamo,1836,@FactsOrWhacks,30,Nuggehalli2015 · CC BY-SA 4.0
233-war-of-jenkins-ear.mp4,War of Jenkins Ear (1748). One ear. One WAR. Britain vs Spain 1739-1748. Named after alleged ear mutilation of Captain Jenkins. @FactsOrWhacks #JenkinsEar #WeirdHistory #BritishHistory #HistoryTok #FactsOrWhacks,#JenkinsEar #WeirdHistory #BritishHistory #HistoryTok #FactsOrWhacks,War of Jenkins Ear (1748). One ear. One WAR. Britain vs Spain 1739-1748. Named after alleged ear mutilation of Captain Jenkins.,233,233,facts-or-whacks-videos/233-war-of-jenkins-ear.mp4,facts-or-whacks-videos-201-250.zip,videos_30s_pack_201_250.zip,233-war-of-jenkins-ear.webp,War of Jenkins Ear,1748,@FactsOrWhacks,30,Henry Overton · Public domain
234-great-northern-war.mp4,Great Northern War (1721). Peter vs Charles. SWEDEN fell. Sweden vs Russia coalition 1700-1721. Charles XII of Sweden invaded Russia and lost. @FactsOrWhacks #GreatNorthernWar #Russia #Sweden #HistoryTok #FactsOrWhacks,#GreatNorthernWar #Russia #Sweden #HistoryTok #FactsOrWhacks,Great Northern War (1721). Peter vs Charles. SWEDEN fell. Sweden vs Russia coalition 1700-1721. Charles XII of Sweden invaded Russia and lost.,234,234,facts-or-whacks-videos/234-great-northern-war.mp4,facts-or-whacks-videos-201-250.zip,videos_30s_pack_201_250.zip,234-great-northern-war.webp,Great Northern War,1721,@FactsOrWhacks,30,Imonoz · CC BY-SA 4.0
235-battle-of-austerlitz.mp4,"Battle of Austerlitz (1805). Napoleon's greatest VICTORY. December 2, 1805 Moravian plateau. Napoleon defeated larger Russian-Austrian army. @FactsOrWhacks #Austerlitz #Napoleon #MilitaryHistory #HistoryTok #FactsOrWhacks",#Austerlitz #Napoleon #MilitaryHistory #HistoryTok #FactsOrWhacks,"Battle of Austerlitz (1805). Napoleon's greatest VICTORY. December 2, 1805 Moravian plateau. Napoleon defeated larger Russian-Austrian army.",235,235,facts-or-whacks-videos/235-battle-of-austerlitz.mp4,facts-or-whacks-videos-201-250.zip,videos_30s_pack_201_250.zip,235-battle-of-austerlitz.webp,Battle of Austerlitz,1805,@FactsOrWhacks,30,François Gérard · Public domain
236-battle-of-borodino.mp4,"Battle of Borodino (1812). Bloodiest day in RUSSIA. September 7, 1812 Napoleon's invasion of Russia. Bloodiest single day of Napoleonic Wars. @FactsOrWhacks #Borodino #Napoleon #Russia #HistoryTok #FactsOrWhacks",#Borodino #Napoleon #Russia #HistoryTok #FactsOrWhacks,"Battle of Borodino (1812). Bloodiest day in RUSSIA. September 7, 1812 Napoleon's invasion of Russia. Bloodiest single day of Napoleonic Wars.",236,236,facts-or-whacks-videos/236-battle-of-borodino.mp4,facts-or-whacks-videos-201-250.zip,videos_30s_pack_201_250.zip,236-battle-of-borodino.webp,Battle of Borodino,1812,@FactsOrWhacks,30,Louis Lejeune · Public domain
237-war-of-1812-burning-of-washington.mp4,War of 1812 Burning of Washington (1812). Library of Congress BURNED. British troops captured Washington August 1814. Burned White House Capitol and Library of Congress. @FactsOrWhacks #WarOf1812 #Washington #AmericanHistory #HistoryTok #FactsOrWhacks,#WarOf1812 #Washington #AmericanHistory #HistoryTok #FactsOrWhacks,War of 1812 Burning of Washington (1812). Library of Congress BURNED. British troops captured Washington August 1814. Burned White House Capitol and Library of Congress.,237,237,facts-or-whacks-videos/237-war-of-1812-burning-of-washington.mp4,facts-or-whacks-videos-201-250.zip,videos_30s_pack_201_250.zip,237-war-of-1812-burning-of-washington.webp,War of 1812 Burning of Washington,1812,@FactsOrWhacks,30,Unknown author Unknown author · Public domain
238-first-battle-of-bull-run.mp4,First Battle of Bull Run (1861). Picnic watchers RAN. First major battle of Civil War July 1861. Confederate victory shocked Union. @FactsOrWhacks #BullRun #CivilWar #AmericanHistory #HistoryTok #FactsOrWhacks,#BullRun #CivilWar #AmericanHistory #HistoryTok #FactsOrWhacks,First Battle of Bull Run (1861). Picnic watchers RAN. First major battle of Civil War July 1861. Confederate victory shocked Union.,238,238,facts-or-whacks-videos/238-first-battle-of-bull-run.mp4,facts-or-whacks-videos-201-250.zip,videos_30s_pack_201_250.zip,238-first-battle-of-bull-run.webp,First Battle of Bull Run,1861,@FactsOrWhacks,30,William Ridgway after Felix Octavius Carr Darley · Public domain
239-sherman-s-march-to-the-sea.mp4,Sherman's March to the Sea (1864). Total WAR. Georgia burned. Union General Sherman marched November-December 1864. 60-mile wide path of destruction to Savannah. @FactsOrWhacks #Sherman #CivilWar #TotalWar #HistoryTok #FactsOrWhacks,#Sherman #CivilWar #TotalWar #HistoryTok #FactsOrWhacks,Sherman's March to the Sea (1864). Total WAR. Georgia burned. Union General Sherman marched November-December 1864. 60-mile wide path of destruction to Savannah.,239,239,facts-or-whacks-videos/239-sherman-s-march-to-the-sea.mp4,facts-or-whacks-videos-201-250.zip,videos_30s_pack_201_250.zip,239-sherman-s-march-to-the-sea.webp,Sherman's March to the Sea,1864,@FactsOrWhacks,30,F. O. C. Darley / Alexander Hay Ritchie / Adam Cuerden · Public domain
240-battle-of-little-bighorn.mp4,Battle of Little Bighorn (1851). Custer's last STAND. June 25-26 1876 Montana Territory. Lakota and Cheyenne defeated Custer's 7th Cavalry. @FactsOrWhacks #LittleBighorn #NativeAmerican #AmericanHistory #HistoryTok #FactsOrWhacks,#LittleBighorn #NativeAmerican #AmericanHistory #HistoryTok #FactsOrWhacks,Battle of Little Bighorn (1851). Custer's last STAND. June 25-26 1876 Montana Territory. Lakota and Cheyenne defeated Custer's 7th Cavalry.,240,240,facts-or-whacks-videos/240-battle-of-little-bighorn.mp4,facts-or-whacks-videos-201-250.zip,videos_30s_pack_201_250.zip,240-battle-of-little-bighorn.webp,Battle of Little Bighorn,1851,@FactsOrWhacks,30,Charles Marion Russell · Public domain
241-wounded-knee-massacre.mp4,"Wounded Knee Massacre (1890). 300 killed. Ghost Dance ENDED. December 29, 1890 South Dakota. US cavalry killed 300 Lakota men women children. @FactsOrWhacks #WoundedKnee #NativeAmerican #AmericanHistory #HistoryMatters #FactsOrWhacks",#WoundedKnee #NativeAmerican #AmericanHistory #HistoryMatters #FactsOrWhacks,"Wounded Knee Massacre (1890). 300 killed. Ghost Dance ENDED. December 29, 1890 South Dakota. US cavalry killed 300 Lakota men women children.",241,241,facts-or-whacks-videos/241-wounded-knee-massacre.mp4,facts-or-whacks-videos-201-250.zip,videos_30s_pack_201_250.zip,241-wounded-knee-massacre.webp,Wounded Knee Massacre,1890,@FactsOrWhacks,30,Northwestern Photo Co. · Public domain
242-chernobyl-disaster.mp4,"Chernobyl Disaster (1986). One mistake. 4,000 square miles POISONED. Reactor 4 exploded April 26, 1986 Ukraine. Worst nuclear disaster in history. @FactsOrWhacks #Chernobyl #NuclearDisaster #Ukraine #HistoryTok #FactsOrWhacks",#Chernobyl #NuclearDisaster #Ukraine #HistoryTok #FactsOrWhacks,"Chernobyl Disaster (1986). One mistake. 4,000 square miles POISONED. Reactor 4 exploded April 26, 1986 Ukraine. Worst nuclear disaster in history.",242,242,facts-or-whacks-videos/242-chernobyl-disaster.mp4,facts-or-whacks-videos-201-250.zip,videos_30s_pack_201_250.zip,242-chernobyl-disaster.webp,Chernobyl Disaster,1986,@FactsOrWhacks,30,IAEA Imagebank · CC BY-SA 2.0
243-fukushima-nuclear-disaster.mp4,"Fukushima Nuclear Disaster (2011). A wave. Three meltdowns. March 11, 2011 tsunami hit Fukushima Daiichi. 160,000 people evacuated permanently. @FactsOrWhacks #Fukushima #NuclearDisaster #Japan #HistoryTok #FactsOrWhacks",#Fukushima #NuclearDisaster #Japan #HistoryTok #FactsOrWhacks,"Fukushima Nuclear Disaster (2011). A wave. Three meltdowns. March 11, 2011 tsunami hit Fukushima Daiichi. 160,000 people evacuated permanently.",243,243,facts-or-whacks-videos/243-fukushima-nuclear-disaster.mp4,facts-or-whacks-videos-201-250.zip,videos_30s_pack_201_250.zip,243-fukushima-nuclear-disaster.webp,Fukushima Nuclear Disaster,2011,@FactsOrWhacks,30,Digital Globe · CC BY-SA 3.0
244-bhopal-gas-tragedy.mp4,"Bhopal Gas Tragedy (1984). Midnight. 3,000 DEAD in hours. Union Carbide pesticide plant leaked December 1984. Methyl isocyanate gas killed 3,000 instantly. @FactsOrWhacks #Bhopal #IndustrialDisaster #India #HistoryTok #FactsOrWhacks",#Bhopal #IndustrialDisaster #India #HistoryTok #FactsOrWhacks,"Bhopal Gas Tragedy (1984). Midnight. 3,000 DEAD in hours. Union Carbide pesticide plant leaked December 1984. Methyl isocyanate gas killed 3,000 instantly.",244,244,facts-or-whacks-videos/244-bhopal-gas-tragedy.mp4,facts-or-whacks-videos-201-250.zip,videos_30s_pack_201_250.zip,244-bhopal-gas-tragedy.webp,Bhopal Gas Tragedy,1984,@FactsOrWhacks,30,"Bhopal Medical Appeal, Martin Stott · CC BY-SA 2.0"
245-hindenburg-disaster.mp4,"Hindenburg Disaster (1937). Oh the HUMANITY. German airship exploded May 6, 1937 New Jersey. 36 of 97 aboard died. @FactsOrWhacks #Hindenburg #AviationDisaster #1937 #HistoryTok #FactsOrWhacks",#Hindenburg #AviationDisaster #1937 #HistoryTok #FactsOrWhacks,"Hindenburg Disaster (1937). Oh the HUMANITY. German airship exploded May 6, 1937 New Jersey. 36 of 97 aboard died.",245,245,facts-or-whacks-videos/245-hindenburg-disaster.mp4,facts-or-whacks-videos-201-250.zip,videos_30s_pack_201_250.zip,245-hindenburg-disaster.webp,Hindenburg Disaster,1937,@FactsOrWhacks,30,Sam Shere · Public domain
246-challenger-space-shuttle.mp4,"Challenger Space Shuttle (1986). 73 seconds. School children WATCHED. Exploded January 28, 1986 killing all 7 crew. Millions watched live including schoolchildren. @FactsOrWhacks #Challenger #SpaceDisaster #NASA #HistoryTok #FactsOrWhacks",#Challenger #SpaceDisaster #NASA #HistoryTok #FactsOrWhacks,"Challenger Space Shuttle (1986). 73 seconds. School children WATCHED. Exploded January 28, 1986 killing all 7 crew. Millions watched live including schoolchildren.",246,246,facts-or-whacks-videos/246-challenger-space-shuttle.mp4,facts-or-whacks-videos-201-250.zip,videos_30s_pack_201_250.zip,246-challenger-space-shuttle.webp,Challenger Space Shuttle,1986,@FactsOrWhacks,30,Kennedy Space Center · Public domain
247-columbia-space-shuttle.mp4,"Columbia Space Shuttle (2003). Foam. 7 DEAD. Disintegrated on reentry February 1, 2003. All 7 crew killed including first Israeli astronaut. @FactsOrWhacks #Columbia #SpaceDisaster #NASA #HistoryTok #FactsOrWhacks",#Columbia #SpaceDisaster #NASA #HistoryTok #FactsOrWhacks,"Columbia Space Shuttle (2003). Foam. 7 DEAD. Disintegrated on reentry February 1, 2003. All 7 crew killed including first Israeli astronaut.",247,247,facts-or-whacks-videos/247-columbia-space-shuttle.mp4,facts-or-whacks-videos-201-250.zip,videos_30s_pack_201_250.zip,247-columbia-space-shuttle.webp,Columbia Space Shuttle,2003,@FactsOrWhacks,30,NASA · Public domain
248-san-francisco-earthquake-1906.mp4,"San Francisco Earthquake 1906 (1856). 3 minutes. City on FIRE. Magnitude 7.9 earthquake April 18, 1906. Fires burned for three days after quake. @FactsOrWhacks #SanFrancisco #Earthquake #Disaster #HistoryTok #FactsOrWhacks",#SanFrancisco #Earthquake #Disaster #HistoryTok #FactsOrWhacks,"San Francisco Earthquake 1906 (1856). 3 minutes. City on FIRE. Magnitude 7.9 earthquake April 18, 1906. Fires burned for three days after quake.",248,248,facts-or-whacks-videos/248-san-francisco-earthquake-1906.mp4,facts-or-whacks-videos-201-250.zip,videos_30s_pack_201_250.zip,248-san-francisco-earthquake-1906.webp,San Francisco Earthquake 1906,1856,@FactsOrWhacks,30,Unknown author Unknown author · CC0
249-great-lisbon-earthquake.mp4,"Great Lisbon Earthquake (1755). Church on a HOLY day. 60,000 dead. November 1, 1755 All Saints Day magnitude 8.5-9. Estimated 60,000-100,000 deaths. @FactsOrWhacks #Lisbon #Earthquake #Disaster #HistoryTok #FactsOrWhacks",#Lisbon #Earthquake #Disaster #HistoryTok #FactsOrWhacks,"Great Lisbon Earthquake (1755). Church on a HOLY day. 60,000 dead. November 1, 1755 All Saints Day magnitude 8.5-9. Estimated 60,000-100,000 deaths.",249,249,facts-or-whacks-videos/249-great-lisbon-earthquake.mp4,facts-or-whacks-videos-201-250.zip,videos_30s_pack_201_250.zip,249-great-lisbon-earthquake.webp,Great Lisbon Earthquake,1755,@FactsOrWhacks,30,Unknown author Unknown author · Public domain
250-tunguska-event.mp4,"Tunguska Event (1908). 600 miles of forest FLATTENED. Massive explosion June 30, 1908 Siberia. Flattened 800 square miles of forest. @FactsOrWhacks #Tunguska #Meteor #WeirdHistory #HistoryTok #FactsOrWhacks",#Tunguska #Meteor #WeirdHistory #HistoryTok #FactsOrWhacks,"Tunguska Event (1908). 600 miles of forest FLATTENED. Massive explosion June 30, 1908 Siberia. Flattened 800 square miles of forest.",250,250,facts-or-whacks-videos/250-tunguska-event.mp4,facts-or-whacks-videos-201-250.zip,videos_30s_pack_201_250.zip,250-tunguska-event.webp,Tunguska Event,1908,@FactsOrWhacks,30,"Leonid Kulik, the expedition to the Tunguska event · Public domain"
251-triangle-shirtwaist-fire.mp4,"Triangle Shirtwaist Fire (1911). 146 workers. Doors LOCKED. Factory fire March 25, 1911 New York City. 146 garment workers mostly young women died. @FactsOrWhacks #TriangleFire #LaborHistory #NewYork #HistoryMatters #FactsOrWhacks",#TriangleFire #LaborHistory #NewYork #HistoryMatters #FactsOrWhacks,"Triangle Shirtwaist Fire (1911). 146 workers. Doors LOCKED. Factory fire March 25, 1911 New York City. 146 garment workers mostly young women died.",251,251,facts-or-whacks-videos/251-triangle-shirtwaist-fire.mp4,facts-or-whacks-videos-251-300.zip,videos_30s_pack_251_300.zip,251-triangle-shirtwaist-fire.webp,Triangle Shirtwaist Fire,1911,@FactsOrWhacks,30,Unknown author Unknown author · Public domain
252-halifax-explosion.mp4,"Halifax Explosion (1917). Biggest man-made blast BEFORE nukes. December 6, 1917 Halifax Nova Scotia. Ship collision ignited munitions cargo. @FactsOrWhacks #Halifax #Explosion #Canada #HistoryTok #FactsOrWhacks",#Halifax #Explosion #Canada #HistoryTok #FactsOrWhacks,"Halifax Explosion (1917). Biggest man-made blast BEFORE nukes. December 6, 1917 Halifax Nova Scotia. Ship collision ignited munitions cargo.",252,252,facts-or-whacks-videos/252-halifax-explosion.mp4,facts-or-whacks-videos-251-300.zip,videos_30s_pack_251_300.zip,252-halifax-explosion.webp,Halifax Explosion,1917,@FactsOrWhacks,30,Unknown author Unknown author · Public domain
253-spanish-flu-pandemic.mp4,Spanish Flu Pandemic (1920). 50 million dead. Forgotten PANDEMIC. 1918-1920 killed estimated 50-100 million worldwide. More deadly than WWI which it overlapped. @FactsOrWhacks #SpanishFlu #Pandemic #1918 #HistoryTok #FactsOrWhacks,#SpanishFlu #Pandemic #1918 #HistoryTok #FactsOrWhacks,Spanish Flu Pandemic (1920). 50 million dead. Forgotten PANDEMIC. 1918-1920 killed estimated 50-100 million worldwide. More deadly than WWI which it overlapped.,253,253,facts-or-whacks-videos/253-spanish-flu-pandemic.mp4,facts-or-whacks-videos-251-300.zip,videos_30s_pack_251_300.zip,253-spanish-flu-pandemic.webp,Spanish Flu Pandemic,1920,@FactsOrWhacks,30,"Otis Historical Archives, National Museum of Health and Medicine · Public domain"
254-aids-crisis.mp4,AIDS Crisis (2020). Silent epidemic. Millions DEAD. First identified 1981 among gay men in US. Killed estimated 40 million worldwide. @FactsOrWhacks #AIDS #PublicHealth #LGBTQHistory #HistoryMatters #FactsOrWhacks,#AIDS #PublicHealth #LGBTQHistory #HistoryMatters #FactsOrWhacks,AIDS Crisis (2020). Silent epidemic. Millions DEAD. First identified 1981 among gay men in US. Killed estimated 40 million worldwide.,254,254,facts-or-whacks-videos/254-aids-crisis.mp4,facts-or-whacks-videos-251-300.zip,videos_30s_pack_251_300.zip,254-aids-crisis.webp,AIDS Crisis,2020,@FactsOrWhacks,30,Our world in data · CC BY 4.0
255-covid-19-pandemic.mp4,COVID-19 Pandemic (2020). One virus. World STOPPED. Declared pandemic March 2020. Killed over 7 million officially worldwide. @FactsOrWhacks #COVID19 #Pandemic #ModernHistory #HistoryTok #FactsOrWhacks,#COVID19 #Pandemic #ModernHistory #HistoryTok #FactsOrWhacks,COVID-19 Pandemic (2020). One virus. World STOPPED. Declared pandemic March 2020. Killed over 7 million officially worldwide.,255,255,facts-or-whacks-videos/255-covid-19-pandemic.mp4,facts-or-whacks-videos-251-300.zip,videos_30s_pack_251_300.zip,255-covid-19-pandemic.webp,COVID-19 Pandemic,2020,@FactsOrWhacks,30,Gustavo Basso · CC BY-SA 4.0
256-2004-indian-ocean-tsunami.mp4,"2004 Indian Ocean Tsunami (2004). Boxing Day. 230,000 DEAD. December 26, 2004 magnitude 9.1 earthquake. Tsunami hit 14 countries across Indian Ocean. @FactsOrWhacks #Tsunami #Disaster #Asia #HistoryTok #FactsOrWhacks",#Tsunami #Disaster #Asia #HistoryTok #FactsOrWhacks,"2004 Indian Ocean Tsunami (2004). Boxing Day. 230,000 DEAD. December 26, 2004 magnitude 9.1 earthquake. Tsunami hit 14 countries across Indian Ocean.",256,256,facts-or-whacks-videos/256-2004-indian-ocean-tsunami.mp4,facts-or-whacks-videos-251-300.zip,videos_30s_pack_251_300.zip,256-2004-indian-ocean-tsunami.webp,2004 Indian Ocean Tsunami,2004,@FactsOrWhacks,30,U.S. Navy photo by Photographer's Mate 2nd Class Philip A. McDaniel · Public domain
257-exxon-valdez-oil-spill.mp4,"Exxon Valdez Oil Spill (1989). 11 million gallons. Coast RUINED. Tanker ran aground March 24, 1989 Alaska. Spilled 11 million gallons of crude oil. @FactsOrWhacks #ExxonValdez #Environment #Disaster #HistoryTok #FactsOrWhacks",#ExxonValdez #Environment #Disaster #HistoryTok #FactsOrWhacks,"Exxon Valdez Oil Spill (1989). 11 million gallons. Coast RUINED. Tanker ran aground March 24, 1989 Alaska. Spilled 11 million gallons of crude oil.",257,257,facts-or-whacks-videos/257-exxon-valdez-oil-spill.mp4,facts-or-whacks-videos-251-300.zip,videos_30s_pack_251_300.zip,257-exxon-valdez-oil-spill.webp,Exxon Valdez Oil Spill,1989,@FactsOrWhacks,30,Exxon Valdez Oil Spill Trustee Council · Public domain
258-deepwater-horizon.mp4,"Deepwater Horizon (2010). 87 days. Gulf POISONED. Oil rig exploded April 20, 2010 Gulf of Mexico. Spilled 4.9 million barrels over 87 days. @FactsOrWhacks #DeepwaterHorizon #Environment #Disaster #HistoryTok #FactsOrWhacks",#DeepwaterHorizon #Environment #Disaster #HistoryTok #FactsOrWhacks,"Deepwater Horizon (2010). 87 days. Gulf POISONED. Oil rig exploded April 20, 2010 Gulf of Mexico. Spilled 4.9 million barrels over 87 days.",258,258,facts-or-whacks-videos/258-deepwater-horizon.mp4,facts-or-whacks-videos-251-300.zip,videos_30s_pack_251_300.zip,258-deepwater-horizon.webp,Deepwater Horizon,2010,@FactsOrWhacks,30,Unknown author Unknown author · Public domain
259-great-chicago-fire.mp4,"Great Chicago Fire (1871). 3 days. City REBUILT. Burned October 8-10 1871. Killed approximately 300 destroyed 17,000 buildings. @FactsOrWhacks #ChicagoFire #Disaster #AmericanHistory #HistoryTok #FactsOrWhacks",#ChicagoFire #Disaster #AmericanHistory #HistoryTok #FactsOrWhacks,"Great Chicago Fire (1871). 3 days. City REBUILT. Burned October 8-10 1871. Killed approximately 300 destroyed 17,000 buildings.",259,259,facts-or-whacks-videos/259-great-chicago-fire.mp4,facts-or-whacks-videos-251-300.zip,videos_30s_pack_251_300.zip,259-great-chicago-fire.webp,Great Chicago Fire,1871,@FactsOrWhacks,30,Currier and Ives · Public domain
260-johnstown-flood.mp4,"Johnstown Flood (1889). 2,209 dead. Dam FAILED. May 31, 1889 Pennsylvania. 20 million tons of water hit town. @FactsOrWhacks #JohnstownFlood #Disaster #AmericanHistory #HistoryTok #FactsOrWhacks",#JohnstownFlood #Disaster #AmericanHistory #HistoryTok #FactsOrWhacks,"Johnstown Flood (1889). 2,209 dead. Dam FAILED. May 31, 1889 Pennsylvania. 20 million tons of water hit town.",260,260,facts-or-whacks-videos/260-johnstown-flood.mp4,facts-or-whacks-videos-251-300.zip,videos_30s_pack_251_300.zip,260-johnstown-flood.webp,Johnstown Flood,1889,@FactsOrWhacks,30,E. Benjamin Andrews · Public domain
261-galveston-hurricane-1900.mp4,"Galveston Hurricane 1900 (1900). Deadliest US natural DISASTER. September 8, 1900 Category 4 hurricane. Estimated 6,000-12,000 killed. @FactsOrWhacks #Galveston #Hurricane #Disaster #HistoryTok #FactsOrWhacks",#Galveston #Hurricane #Disaster #HistoryTok #FactsOrWhacks,"Galveston Hurricane 1900 (1900). Deadliest US natural DISASTER. September 8, 1900 Category 4 hurricane. Estimated 6,000-12,000 killed.",261,261,facts-or-whacks-videos/261-galveston-hurricane-1900.mp4,facts-or-whacks-videos-251-300.zip,videos_30s_pack_251_300.zip,261-galveston-hurricane-1900.webp,Galveston Hurricane 1900,1900,@FactsOrWhacks,30,NOAA · Public domain
262-mount-st-helens-eruption.mp4,"Mount St Helens Eruption (1980). 57 dead. Mountain GONE. Erupted May 18, 1980 Washington State. 57 people killed including scientist David Johnston. @FactsOrWhacks #MountStHelens #Volcano #Disaster #HistoryTok #FactsOrWhacks",#MountStHelens #Volcano #Disaster #HistoryTok #FactsOrWhacks,"Mount St Helens Eruption (1980). 57 dead. Mountain GONE. Erupted May 18, 1980 Washington State. 57 people killed including scientist David Johnston.",262,262,facts-or-whacks-videos/262-mount-st-helens-eruption.mp4,facts-or-whacks-videos-251-300.zip,videos_30s_pack_251_300.zip,262-mount-st-helens-eruption.webp,Mount St Helens Eruption,1980,@FactsOrWhacks,30,Austin Post · Public domain
263-krakatoa-eruption.mp4,"Krakatoa Eruption (1883). Loudest sound in HISTORY. Erupted August 1883 Indonesia. Heard 3,000 miles away loudest recorded sound. @FactsOrWhacks #Krakatoa #Volcano #Disaster #HistoryTok #FactsOrWhacks",#Krakatoa #Volcano #Disaster #HistoryTok #FactsOrWhacks,"Krakatoa Eruption (1883). Loudest sound in HISTORY. Erupted August 1883 Indonesia. Heard 3,000 miles away loudest recorded sound.",263,263,facts-or-whacks-videos/263-krakatoa-eruption.mp4,facts-or-whacks-videos-251-300.zip,videos_30s_pack_251_300.zip,263-krakatoa-eruption.webp,Krakatoa Eruption,1883,@FactsOrWhacks,30,"Lithograph: Parker & Coward, Britain; · Public domain"
264-great-molasses-flood.mp4,"Great Molasses Flood (1919). 15 feet of MOLASSES. January 15, 1919 Boston. Storage tank burst releasing 2.3 million gallons. @FactsOrWhacks #MolassesFlood #WeirdHistory #Boston #HistoryTok #FactsOrWhacks",#MolassesFlood #WeirdHistory #Boston #HistoryTok #FactsOrWhacks,"Great Molasses Flood (1919). 15 feet of MOLASSES. January 15, 1919 Boston. Storage tank burst releasing 2.3 million gallons.",264,264,facts-or-whacks-videos/264-great-molasses-flood.mp4,facts-or-whacks-videos-251-300.zip,videos_30s_pack_251_300.zip,264-great-molasses-flood.webp,Great Molasses Flood,1919,@FactsOrWhacks,30,BPL · Public domain
265-great-smog-of-london.mp4,"Great Smog of London (1956). 5 days. 12,000 DEAD. December 1952 coal smoke trapped over London. Visibility dropped to a few feet. @FactsOrWhacks #LondonSmog #Environment #Disaster #HistoryTok #FactsOrWhacks",#LondonSmog #Environment #Disaster #HistoryTok #FactsOrWhacks,"Great Smog of London (1956). 5 days. 12,000 DEAD. December 1952 coal smoke trapped over London. Visibility dropped to a few feet.",265,265,facts-or-whacks-videos/265-great-smog-of-london.mp4,facts-or-whacks-videos-251-300.zip,videos_30s_pack_251_300.zip,265-great-smog-of-london.webp,Great Smog of London,1956,@FactsOrWhacks,30,N T Stobbs · CC BY-SA 2.0
266-three-mile-island.mp4,"Three Mile Island (1979). America's closest nuclear SCARE. Partial meltdown March 28, 1979 Pennsylvania. No deaths but public trust shattered. @FactsOrWhacks #ThreeMileIsland #NuclearDisaster #AmericanHistory #HistoryTok #FactsOrWhacks",#ThreeMileIsland #NuclearDisaster #AmericanHistory #HistoryTok #FactsOrWhacks,"Three Mile Island (1979). America's closest nuclear SCARE. Partial meltdown March 28, 1979 Pennsylvania. No deaths but public trust shattered.",266,266,facts-or-whacks-videos/266-three-mile-island.mp4,facts-or-whacks-videos-251-300.zip,videos_30s_pack_251_300.zip,266-three-mile-island.webp,Three Mile Island,1979,@FactsOrWhacks,30,Z22 · CC BY-SA 3.0
267-discovery-of-dna-structure.mp4,Discovery of DNA Structure (1953). Double helix. Life DECODED. Watson and Crick published model April 1953. Rosalind Franklin's X-ray image was crucial. @FactsOrWhacks #DNA #ScienceHistory #Genetics #HistoryTok #FactsOrWhacks,#DNA #ScienceHistory #Genetics #HistoryTok #FactsOrWhacks,Discovery of DNA Structure (1953). Double helix. Life DECODED. Watson and Crick published model April 1953. Rosalind Franklin's X-ray image was crucial.,267,267,facts-or-whacks-videos/267-discovery-of-dna-structure.mp4,facts-or-whacks-videos-251-300.zip,videos_30s_pack_251_300.zip,267-discovery-of-dna-structure.webp,Discovery of DNA Structure,1953,@FactsOrWhacks,30,Zephyris · CC BY-SA 3.0
268-polio-vaccine.mp4,Polio Vaccine (1955). One doctor. Millions SAVED. Jonas Salk developed vaccine 1955. Tested on himself family and volunteers. @FactsOrWhacks #PolioVaccine #MedicalHistory #Science #HistoryTok #FactsOrWhacks,#PolioVaccine #MedicalHistory #Science #HistoryTok #FactsOrWhacks,Polio Vaccine (1955). One doctor. Millions SAVED. Jonas Salk developed vaccine 1955. Tested on himself family and volunteers.,268,268,facts-or-whacks-videos/268-polio-vaccine.mp4,facts-or-whacks-videos-251-300.zip,videos_30s_pack_251_300.zip,268-polio-vaccine.webp,Polio Vaccine,1955,@FactsOrWhacks,30,USAID · Public domain
269-first-heart-transplant.mp4,First Heart Transplant (1967). One heart. New LIFE. Christiaan Barnard performed first December 1967. Patient Louis Washkansky lived 18 days. @FactsOrWhacks #HeartTransplant #MedicalHistory #Science #HistoryTok #FactsOrWhacks,#HeartTransplant #MedicalHistory #Science #HistoryTok #FactsOrWhacks,First Heart Transplant (1967). One heart. New LIFE. Christiaan Barnard performed first December 1967. Patient Louis Washkansky lived 18 days.,269,269,facts-or-whacks-videos/269-first-heart-transplant.mp4,facts-or-whacks-videos-251-300.zip,videos_30s_pack_251_300.zip,269-first-heart-transplant.webp,First Heart Transplant,1967,@FactsOrWhacks,30,Vasily I. Kaleda · CC BY-SA 3.0
270-first-ivf-baby.mp4,"First IVF Baby (1978). Test tube BABY. World changed. Louise Brown born July 25, 1978 England. First human conceived via in vitro fertilization. @FactsOrWhacks #IVF #MedicalHistory #Science #HistoryTok #FactsOrWhacks",#IVF #MedicalHistory #Science #HistoryTok #FactsOrWhacks,"First IVF Baby (1978). Test tube BABY. World changed. Louise Brown born July 25, 1978 England. First human conceived via in vitro fertilization.",270,270,facts-or-whacks-videos/270-first-ivf-baby.mp4,facts-or-whacks-videos-251-300.zip,videos_30s_pack_251_300.zip,270-first-ivf-baby.webp,First IVF Baby,1978,@FactsOrWhacks,30,US Government Owned Photo · Public domain
271-human-genome-project.mp4,Human Genome Project (2022). 3 billion letters. MAPPED. Completed 2003 mapped entire human DNA. 13-year international collaboration. @FactsOrWhacks #GenomeProject #Genetics #ScienceHistory #HistoryTok #FactsOrWhacks,#GenomeProject #Genetics #ScienceHistory #HistoryTok #FactsOrWhacks,Human Genome Project (2022). 3 billion letters. MAPPED. Completed 2003 mapped entire human DNA. 13-year international collaboration.,271,271,facts-or-whacks-videos/271-human-genome-project.mp4,facts-or-whacks-videos-251-300.zip,videos_30s_pack_251_300.zip,271-human-genome-project.webp,Human Genome Project,2022,@FactsOrWhacks,30,"U.S. Department of Energy, Human Genome Project · Public domain"
272-discovery-of-x-rays.mp4,Discovery of X-Rays (1901). She saw her own BONES. Wilhelm Roentgen discovered November 1895. First medical X-ray was his wife's hand. @FactsOrWhacks #XRays #MedicalHistory #Science #DidYouKnow #FactsOrWhacks,#XRays #MedicalHistory #Science #DidYouKnow #FactsOrWhacks,Discovery of X-Rays (1901). She saw her own BONES. Wilhelm Roentgen discovered November 1895. First medical X-ray was his wife's hand.,272,272,facts-or-whacks-videos/272-discovery-of-x-rays.mp4,facts-or-whacks-videos-251-300.zip,videos_30s_pack_251_300.zip,272-discovery-of-x-rays.webp,Discovery of X-Rays,1901,@FactsOrWhacks,30,Daderot · CC0
273-smallpox-eradication.mp4,Smallpox Eradication (1977). Only disease we BEAT. WHO declared eradicated 1980. Only human disease ever eliminated globally. @FactsOrWhacks #Smallpox #Vaccines #MedicalHistory #HistoryTok #FactsOrWhacks,#Smallpox #Vaccines #MedicalHistory #HistoryTok #FactsOrWhacks,Smallpox Eradication (1977). Only disease we BEAT. WHO declared eradicated 1980. Only human disease ever eliminated globally.,273,273,facts-or-whacks-videos/273-smallpox-eradication.mp4,facts-or-whacks-videos-251-300.zip,videos_30s_pack_251_300.zip,273-smallpox-eradication.webp,Smallpox Eradication,1977,@FactsOrWhacks,30,Photo Credit: James Gathany Content Providers(s): CDC · Public domain
274-einstein-s-theory-of-relativity.mp4,Einstein's Theory of Relativity (1915). E equals mc SQUARED. Special relativity 1905 general relativity 1915. Revolutionized physics and cosmology. @FactsOrWhacks #Einstein #Physics #ScienceHistory #HistoryTok #FactsOrWhacks,#Einstein #Physics #ScienceHistory #HistoryTok #FactsOrWhacks,Einstein's Theory of Relativity (1915). E equals mc SQUARED. Special relativity 1905 general relativity 1915. Revolutionized physics and cosmology.,274,274,facts-or-whacks-videos/274-einstein-s-theory-of-relativity.mp4,facts-or-whacks-videos-251-300.zip,videos_30s_pack_251_300.zip,274-einstein-s-theory-of-relativity.webp,Einstein's Theory of Relativity,1915,@FactsOrWhacks,30,"Photograph by Orren Jack Turner , Princeton, N.J. Modified with Photosh… · Public domain"
275-discovery-of-penicillin-s-mass-production.mp4,Discovery of Penicillin's Mass Production (1928). From mold to MILLIONS. Howard Florey and Ernst Chain mass-produced 1940s. Built on Fleming's 1928 discovery. @FactsOrWhacks #Antibiotics #MedicalHistory #WW2 #HistoryTok #FactsOrWhacks,#Antibiotics #MedicalHistory #WW2 #HistoryTok #FactsOrWhacks,Discovery of Penicillin's Mass Production (1928). From mold to MILLIONS. Howard Florey and Ernst Chain mass-produced 1940s. Built on Fleming's 1928 discovery.,275,275,facts-or-whacks-videos/275-discovery-of-penicillin-s-mass-production.mp4,facts-or-whacks-videos-251-300.zip,videos_30s_pack_251_300.zip,275-discovery-of-penicillin-s-mass-production.webp,Discovery of Penicillin's Mass Production,1928,@FactsOrWhacks,30,Science Museum London / Science and Society Picture Library · CC BY-SA 4.0
276-first-antibiotic-resistant-bacteria.mp4,First Antibiotic Resistant Bacteria (2015). We created SUPERBUGS. Penicillin-resistant bacteria found 1940s. Overuse of antibiotics created superbugs. @FactsOrWhacks #Superbugs #MedicalHistory #PublicHealth #HistoryTok #FactsOrWhacks,#Superbugs #MedicalHistory #PublicHealth #HistoryTok #FactsOrWhacks,First Antibiotic Resistant Bacteria (2015). We created SUPERBUGS. Penicillin-resistant bacteria found 1940s. Overuse of antibiotics created superbugs.,276,276,facts-or-whacks-videos/276-first-antibiotic-resistant-bacteria.mp4,facts-or-whacks-videos-251-300.zip,videos_30s_pack_251_300.zip,276-first-antibiotic-resistant-bacteria.webp,First Antibiotic Resistant Bacteria,2015,@FactsOrWhacks,30,Dr Graham Beards · CC BY-SA 4.0
277-discovery-of-insulin.mp4,Discovery of Insulin (1922). Diabetes was a DEATH sentence. Banting and Best isolated insulin 1921. First patient treated 1922 13-year-old boy. @FactsOrWhacks #Insulin #MedicalHistory #Science #HistoryTok #FactsOrWhacks,#Insulin #MedicalHistory #Science #HistoryTok #FactsOrWhacks,Discovery of Insulin (1922). Diabetes was a DEATH sentence. Banting and Best isolated insulin 1921. First patient treated 1922 13-year-old boy.,277,277,facts-or-whacks-videos/277-discovery-of-insulin.mp4,facts-or-whacks-videos-251-300.zip,videos_30s_pack_251_300.zip,277-discovery-of-insulin.webp,Discovery of Insulin,1922,@FactsOrWhacks,30,User:AtikaAtikawa · CC BY-SA 4.0
278-first-anesthesia.mp4,First Anesthesia (1846). Pain-free SURGERY. Ether demonstrated publicly 1846 Massachusetts. William Morton performed at Massachusetts General. @FactsOrWhacks #Anesthesia #MedicalHistory #Science #HistoryTok #FactsOrWhacks,#Anesthesia #MedicalHistory #Science #HistoryTok #FactsOrWhacks,First Anesthesia (1846). Pain-free SURGERY. Ether demonstrated publicly 1846 Massachusetts. William Morton performed at Massachusetts General.,278,278,facts-or-whacks-videos/278-first-anesthesia.mp4,facts-or-whacks-videos-251-300.zip,videos_30s_pack_251_300.zip,278-first-anesthesia.webp,First Anesthesia,1846,@FactsOrWhacks,30,William Campbell · CC0
279-germ-theory-of-disease.mp4,Germ Theory of Disease (1762). Invisible killers EXPOSED. Louis Pasteur proved germs cause disease 1860s. Before this miasma and bad air blamed. @FactsOrWhacks #GermTheory #MedicalHistory #Science #HistoryTok #FactsOrWhacks,#GermTheory #MedicalHistory #Science #HistoryTok #FactsOrWhacks,Germ Theory of Disease (1762). Invisible killers EXPOSED. Louis Pasteur proved germs cause disease 1860s. Before this miasma and bad air blamed.,279,279,facts-or-whacks-videos/279-germ-theory-of-disease.mp4,facts-or-whacks-videos-251-300.zip,videos_30s_pack_251_300.zip,279-germ-theory-of-disease.webp,Germ Theory of Disease,1762,@FactsOrWhacks,30,Paul Nadar · Public domain
280-discovery-of-pluto.mp4,Discovery of Pluto (2006). Ninth planet. Then NOT. Clyde Tombaugh discovered 1930. Named by 11-year-old Venetia Burney. @FactsOrWhacks #Pluto #Astronomy #ScienceHistory #HistoryTok #FactsOrWhacks,#Pluto #Astronomy #ScienceHistory #HistoryTok #FactsOrWhacks,Discovery of Pluto (2006). Ninth planet. Then NOT. Clyde Tombaugh discovered 1930. Named by 11-year-old Venetia Burney.,280,280,facts-or-whacks-videos/280-discovery-of-pluto.mp4,facts-or-whacks-videos-251-300.zip,videos_30s_pack_251_300.zip,280-discovery-of-pluto.webp,Discovery of Pluto,2006,@FactsOrWhacks,30,NASA/Johns Hopkins University Applied Physics Laboratory/Southwest Rese… · Public domain
281-hubble-space-telescope.mp4,"Hubble Space Telescope (1993). Universe REVEALED. Launched April 24, 1990. Initial mirror flaw fixed by astronauts 1993. @FactsOrWhacks #Hubble #Space #Astronomy #HistoryTok #FactsOrWhacks",#Hubble #Space #Astronomy #HistoryTok #FactsOrWhacks,"Hubble Space Telescope (1993). Universe REVEALED. Launched April 24, 1990. Initial mirror flaw fixed by astronauts 1993.",281,281,facts-or-whacks-videos/281-hubble-space-telescope.mp4,facts-or-whacks-videos-251-300.zip,videos_30s_pack_251_300.zip,281-hubble-space-telescope.webp,Hubble Space Telescope,1993,@FactsOrWhacks,30,NASA · Public domain
282-apollo-11-moon-landing.mp4,"Apollo 11 Moon Landing (1961). One small step. GIANT leap. Neil Armstrong walked Moon July 20, 1969. Buzz Aldrin joined him on surface. @FactsOrWhacks #MoonLanding #SpaceRace #NASA #HistoryTok #FactsOrWhacks",#MoonLanding #SpaceRace #NASA #HistoryTok #FactsOrWhacks,"Apollo 11 Moon Landing (1961). One small step. GIANT leap. Neil Armstrong walked Moon July 20, 1969. Buzz Aldrin joined him on surface.",282,282,facts-or-whacks-videos/282-apollo-11-moon-landing.mp4,facts-or-whacks-videos-251-300.zip,videos_30s_pack_251_300.zip,282-apollo-11-moon-landing.webp,Apollo 11 Moon Landing,1961,@FactsOrWhacks,30,Neil A. Armstrong · Public domain
283-first-human-in-space.mp4,"First Human in Space (1961). 108 minutes. Earth SHRANK. Yuri Gagarin orbited Earth April 12, 1961. Soviet Vostok 1 mission 108 minutes. @FactsOrWhacks #Gagarin #SpaceRace #ColdWar #HistoryTok #FactsOrWhacks",#Gagarin #SpaceRace #ColdWar #HistoryTok #FactsOrWhacks,"First Human in Space (1961). 108 minutes. Earth SHRANK. Yuri Gagarin orbited Earth April 12, 1961. Soviet Vostok 1 mission 108 minutes.",283,283,facts-or-whacks-videos/283-first-human-in-space.mp4,facts-or-whacks-videos-251-300.zip,videos_30s_pack_251_300.zip,283-first-human-in-space.webp,First Human in Space,1961,@FactsOrWhacks,30,Александр Моклецов / СовИнформБюро · CC BY 4.0
284-apollo-13-crisis.mp4,"Apollo 13 Crisis (1970). Houston, we have a PROBLEM. Oxygen tank exploded April 1970 en route to Moon. Three astronauts stranded 200,000 miles away. @FactsOrWhacks #Apollo13 #NASA #Space #HistoryTok #FactsOrWhacks",#Apollo13 #NASA #Space #HistoryTok #FactsOrWhacks,"Apollo 13 Crisis (1970). Houston, we have a PROBLEM. Oxygen tank exploded April 1970 en route to Moon. Three astronauts stranded 200,000 miles away.",284,284,facts-or-whacks-videos/284-apollo-13-crisis.mp4,facts-or-whacks-videos-251-300.zip,videos_30s_pack_251_300.zip,284-apollo-13-crisis.webp,Apollo 13 Crisis,1970,@FactsOrWhacks,30,NASA · Public domain
285-sputnik-launch.mp4,"Sputnik Launch (1958). Beep beep. America PANICKED. Soviet Union launched first satellite October 4, 1957. Beeping radio signal heard worldwide. @FactsOrWhacks #Sputnik #SpaceRace #ColdWar #HistoryTok #FactsOrWhacks",#Sputnik #SpaceRace #ColdWar #HistoryTok #FactsOrWhacks,"Sputnik Launch (1958). Beep beep. America PANICKED. Soviet Union launched first satellite October 4, 1957. Beeping radio signal heard worldwide.",285,285,facts-or-whacks-videos/285-sputnik-launch.mp4,facts-or-whacks-videos-251-300.zip,videos_30s_pack_251_300.zip,285-sputnik-launch.webp,Sputnik Launch,1958,@FactsOrWhacks,30,Andrey Butko · CC BY-SA 3.0
286-manhattan-project.mp4,Manhattan Project (1946). Secret city. Atomic AGE. US developed atomic bomb 1942-1945. Los Alamos New Mexico secret laboratory. @FactsOrWhacks #ManhattanProject #NuclearHistory #WW2 #HistoryTok #FactsOrWhacks,#ManhattanProject #NuclearHistory #WW2 #HistoryTok #FactsOrWhacks,Manhattan Project (1946). Secret city. Atomic AGE. US developed atomic bomb 1942-1945. Los Alamos New Mexico secret laboratory.,286,286,facts-or-whacks-videos/286-manhattan-project.mp4,facts-or-whacks-videos-251-300.zip,videos_30s_pack_251_300.zip,286-manhattan-project.webp,Manhattan Project,1946,@FactsOrWhacks,30,United States Department of Energy · Public domain
287-discovery-of-radiation.mp4,Discovery of Radiation (1934). She died for SCIENCE. Marie Curie discovered radium and polonium. First woman to win Nobel Prize 1903. @FactsOrWhacks #MarieCurie #ScienceHistory #Radiation #HistoryTok #FactsOrWhacks,#MarieCurie #ScienceHistory #Radiation #HistoryTok #FactsOrWhacks,Discovery of Radiation (1934). She died for SCIENCE. Marie Curie discovered radium and polonium. First woman to win Nobel Prize 1903.,287,287,facts-or-whacks-videos/287-discovery-of-radiation.mp4,facts-or-whacks-videos-251-300.zip,videos_30s_pack_251_300.zip,287-discovery-of-radiation.webp,Discovery of Radiation,1934,@FactsOrWhacks,30,Henri Manuel · Public domain
288-first-periodic-table.mp4,First Periodic Table (1869). Elements ORGANIZED. Mendeleev published periodic table 1869. Predicted undiscovered elements by gaps. @FactsOrWhacks #PeriodicTable #Chemistry #ScienceHistory #HistoryTok #FactsOrWhacks,#PeriodicTable #Chemistry #ScienceHistory #HistoryTok #FactsOrWhacks,First Periodic Table (1869). Elements ORGANIZED. Mendeleev published periodic table 1869. Predicted undiscovered elements by gaps.,288,288,facts-or-whacks-videos/288-first-periodic-table.mp4,facts-or-whacks-videos-251-300.zip,videos_30s_pack_251_300.zip,288-first-periodic-table.webp,First Periodic Table,1869,@FactsOrWhacks,30,Unknown photographer Unknown photographer · Public domain
289-crispr-gene-editing.mp4,CRISPR Gene Editing (2020). Cut and paste LIFE. Doudna and Charpentier developed CRISPR-Cas9 2012. Allows precise editing of DNA. @FactsOrWhacks #CRISPR #Genetics #ScienceHistory #HistoryTok #FactsOrWhacks,#CRISPR #Genetics #ScienceHistory #HistoryTok #FactsOrWhacks,CRISPR Gene Editing (2020). Cut and paste LIFE. Doudna and Charpentier developed CRISPR-Cas9 2012. Allows precise editing of DNA.,289,289,facts-or-whacks-videos/289-crispr-gene-editing.mp4,facts-or-whacks-videos-251-300.zip,videos_30s_pack_251_300.zip,289-crispr-gene-editing.webp,CRISPR Gene Editing,2020,@FactsOrWhacks,30,"Deposition authors: Nishimasu, H., Ishitani, R., Nureki, O.; Visualizat… · CC0"
290-higgs-boson-discovery.mp4,Higgs Boson Discovery (1964). God particle FOUND. Discovered July 2012 at CERN Large Hadron Collider. Confirms Standard Model of particle physics. @FactsOrWhacks #HiggsBoson #Physics #ScienceHistory #HistoryTok #FactsOrWhacks,#HiggsBoson #Physics #ScienceHistory #HistoryTok #FactsOrWhacks,Higgs Boson Discovery (1964). God particle FOUND. Discovered July 2012 at CERN Large Hadron Collider. Confirms Standard Model of particle physics.,290,290,facts-or-whacks-videos/290-higgs-boson-discovery.mp4,facts-or-whacks-videos-251-300.zip,videos_30s_pack_251_300.zip,290-higgs-boson-discovery.webp,Higgs Boson Discovery,1964,@FactsOrWhacks,30,CERN for the ATLAS and CMS Collaborations · CC BY-SA 3.0
291-green-revolution.mp4,Green Revolution (1970). Famine PREVENTED. Billions fed. Norman Borlaug developed high-yield wheat 1960s. Prevented mass famine in India and Pakistan. @FactsOrWhacks #GreenRevolution #Agriculture #ScienceHistory #HistoryTok #FactsOrWhacks,#GreenRevolution #Agriculture #ScienceHistory #HistoryTok #FactsOrWhacks,Green Revolution (1970). Famine PREVENTED. Billions fed. Norman Borlaug developed high-yield wheat 1960s. Prevented mass famine in India and Pakistan.,291,291,facts-or-whacks-videos/291-green-revolution.mp4,facts-or-whacks-videos-251-300.zip,videos_30s_pack_251_300.zip,291-green-revolution.webp,Green Revolution,1970,@FactsOrWhacks,30,Wikimedia Commons · Public domain
292-invention-of-the-telephone.mp4,"Invention of the Telephone (1876). Mr. Watson, come HERE. Alexander Graham Bell patented 1876. First words transmitted March 10, 1876. @FactsOrWhacks #Telephone #Invention #TechHistory #HistoryTok #FactsOrWhacks",#Telephone #Invention #TechHistory #HistoryTok #FactsOrWhacks,"Invention of the Telephone (1876). Mr. Watson, come HERE. Alexander Graham Bell patented 1876. First words transmitted March 10, 1876.",292,292,facts-or-whacks-videos/292-invention-of-the-telephone.mp4,facts-or-whacks-videos-251-300.zip,videos_30s_pack_251_300.zip,292-invention-of-the-telephone.webp,Invention of the Telephone,1876,@FactsOrWhacks,30,Moffett Studio · Public domain
293-invention-of-the-light-bulb.mp4,Invention of the Light Bulb (1879). Darkness CONQUERED. Edison perfected practical bulb 1879. Tested thousands of filaments. @FactsOrWhacks #LightBulb #Edison #Invention #HistoryTok #FactsOrWhacks,#LightBulb #Edison #Invention #HistoryTok #FactsOrWhacks,Invention of the Light Bulb (1879). Darkness CONQUERED. Edison perfected practical bulb 1879. Tested thousands of filaments.,293,293,facts-or-whacks-videos/293-invention-of-the-light-bulb.mp4,facts-or-whacks-videos-251-300.zip,videos_30s_pack_251_300.zip,293-invention-of-the-light-bulb.webp,Invention of the Light Bulb,1879,@FactsOrWhacks,30,Uploaded at enwp by User:Alkivar · CC BY-SA 3.0
294-model-t-ford.mp4,Model T Ford (1999). A car for EVERYONE. Henry Ford launched 1908. Assembly line dropped price to $260 by 1924. @FactsOrWhacks #ModelT #Ford #AutomotiveHistory #HistoryTok #FactsOrWhacks,#ModelT #Ford #AutomotiveHistory #HistoryTok #FactsOrWhacks,Model T Ford (1999). A car for EVERYONE. Henry Ford launched 1908. Assembly line dropped price to $260 by 1924.,294,294,facts-or-whacks-videos/294-model-t-ford.mp4,facts-or-whacks-videos-251-300.zip,videos_30s_pack_251_300.zip,294-model-t-ford.webp,Model T Ford,1999,@FactsOrWhacks,30,ModelTMitch · Public domain
295-first-transatlantic-flight.mp4,First Transatlantic Flight (1927). 33 hours. Ocean CONQUERED. Charles Lindbergh flew May 20-21 1927. Solo nonstop New York to Paris. @FactsOrWhacks #Lindbergh #AviationHistory #Exploration #HistoryTok #FactsOrWhacks,#Lindbergh #AviationHistory #Exploration #HistoryTok #FactsOrWhacks,First Transatlantic Flight (1927). 33 hours. Ocean CONQUERED. Charles Lindbergh flew May 20-21 1927. Solo nonstop New York to Paris.,295,295,facts-or-whacks-videos/295-first-transatlantic-flight.mp4,facts-or-whacks-videos-251-300.zip,videos_30s_pack_251_300.zip,295-first-transatlantic-flight.webp,First Transatlantic Flight,1927,@FactsOrWhacks,30,Sunil Gupta · GFDL 1.2
296-concorde-supersonic-jet.mp4,"Concorde Supersonic Jet (2003). Mach 2. Champagne at 60,000 FEET. First supersonic passenger jet entered service 1976. New York to London in 3.5 hours. @FactsOrWhacks #Concorde #AviationHistory #TechHistory #HistoryTok #FactsOrWhacks",#Concorde #AviationHistory #TechHistory #HistoryTok #FactsOrWhacks,"Concorde Supersonic Jet (2003). Mach 2. Champagne at 60,000 FEET. First supersonic passenger jet entered service 1976. New York to London in 3.5 hours.",296,296,facts-or-whacks-videos/296-concorde-supersonic-jet.mp4,facts-or-whacks-videos-251-300.zip,videos_30s_pack_251_300.zip,296-concorde-supersonic-jet.webp,Concorde Supersonic Jet,2003,@FactsOrWhacks,30,User Arpingstone on en.wikipedia · Public domain
297-hoover-dam.mp4,Hoover Dam (1931). Concrete mountain. Desert POWERED. Completed 1936 on Colorado River. 5 million barrels of cement used. @FactsOrWhacks #HooverDam #Engineering #AmericanHistory #HistoryTok #FactsOrWhacks,#HooverDam #Engineering #AmericanHistory #HistoryTok #FactsOrWhacks,Hoover Dam (1931). Concrete mountain. Desert POWERED. Completed 1936 on Colorado River. 5 million barrels of cement used.,297,297,facts-or-whacks-videos/297-hoover-dam.mp4,facts-or-whacks-videos-251-300.zip,videos_30s_pack_251_300.zip,297-hoover-dam.webp,Hoover Dam,1931,@FactsOrWhacks,30,"Joe Flood from Washington, USA · CC BY 2.0"
298-golden-gate-bridge.mp4,"Golden Gate Bridge (1937). Suicide bridge. Icon BUILT. Opened May 27, 1937 San Francisco. Longest suspension bridge span at time. @FactsOrWhacks #GoldenGate #Engineering #SanFrancisco #HistoryTok #FactsOrWhacks",#GoldenGate #Engineering #SanFrancisco #HistoryTok #FactsOrWhacks,"Golden Gate Bridge (1937). Suicide bridge. Icon BUILT. Opened May 27, 1937 San Francisco. Longest suspension bridge span at time.",298,298,facts-or-whacks-videos/298-golden-gate-bridge.mp4,facts-or-whacks-videos-251-300.zip,videos_30s_pack_251_300.zip,298-golden-gate-bridge.webp,Golden Gate Bridge,1937,@FactsOrWhacks,30,Davide Schenetti · CC BY 2.5
299-channel-tunnel.mp4,Channel Tunnel (1994). 31 miles UNDER the sea. Opened 1994 connecting UK and France. Longest undersea tunnel in world. @FactsOrWhacks #ChannelTunnel #Engineering #Europe #HistoryTok #FactsOrWhacks,#ChannelTunnel #Engineering #Europe #HistoryTok #FactsOrWhacks,Channel Tunnel (1994). 31 miles UNDER the sea. Opened 1994 connecting UK and France. Longest undersea tunnel in world.,299,299,facts-or-whacks-videos/299-channel-tunnel.mp4,facts-or-whacks-videos-251-300.zip,videos_30s_pack_251_300.zip,299-channel-tunnel.webp,Channel Tunnel,1994,@FactsOrWhacks,30,Billy69150 (voir les conditions d'utilisation / see licensing below) · CC BY-SA 4.0
300-eniac-first-computer.mp4,ENIAC First Computer (1946). 30 tons. One CALCULATION. Electronic Numerical Integrator completed 1945. Weighed 30 tons filled entire room. @FactsOrWhacks #ENIAC #ComputerHistory #TechHistory #HistoryTok #FactsOrWhacks,#ENIAC #ComputerHistory #TechHistory #HistoryTok #FactsOrWhacks,ENIAC First Computer (1946). 30 tons. One CALCULATION. Electronic Numerical Integrator completed 1945. Weighed 30 tons filled entire room.,300,300,facts-or-whacks-videos/300-eniac-first-computer.mp4,facts-or-whacks-videos-251-300.zip,videos_30s_pack_251_300.zip,300-eniac-first-computer.webp,ENIAC First Computer,1946,@FactsOrWhacks,30,The original uploader was TexasDex at English Wikipedia . · CC BY-SA 3.0
301-first-email-sent.mp4,First Email Sent (1971). QWERTYUIOP. History MADE. Ray Tomlinson sent first email 1971. First message was QWERTYUIOP test. @FactsOrWhacks #Email #TechHistory #InternetHistory #DidYouKnow #FactsOrWhacks,#Email #TechHistory #InternetHistory #DidYouKnow #FactsOrWhacks,First Email Sent (1971). QWERTYUIOP. History MADE. Ray Tomlinson sent first email 1971. First message was QWERTYUIOP test.,301,301,facts-or-whacks-videos/301-first-email-sent.mp4,facts-or-whacks-videos-301-350.zip,videos_30s_pack_301_350.zip,301-first-email-sent.webp,First Email Sent,1971,@FactsOrWhacks,30,"Andreu Veà, WiWiW.org · CC BY-SA 3.0"
302-y2k-panic.mp4,"Y2K Panic (2000). Midnight. Planes DIDN'T fall. Fear computers would fail January 1, 2000. Billions spent fixing date code worldwide. @FactsOrWhacks #Y2K #TechHistory #2000s #HistoryTok #FactsOrWhacks",#Y2K #TechHistory #2000s #HistoryTok #FactsOrWhacks,"Y2K Panic (2000). Midnight. Planes DIDN'T fall. Fear computers would fail January 1, 2000. Billions spent fixing date code worldwide.",302,302,facts-or-whacks-videos/302-y2k-panic.mp4,facts-or-whacks-videos-301-350.zip,videos_30s_pack_301_350.zip,302-y2k-panic.webp,Y2K Panic,2000,@FactsOrWhacks,30,Bug de l'an 2000 · CC BY-SA 3.0
303-iphone-launch.mp4,"iPhone Launch (2007). One phone. World REWIRED. Steve Jobs unveiled January 9, 2007. Combined phone iPod and internet device. @FactsOrWhacks #iPhone #Apple #TechHistory #HistoryTok #FactsOrWhacks",#iPhone #Apple #TechHistory #HistoryTok #FactsOrWhacks,"iPhone Launch (2007). One phone. World REWIRED. Steve Jobs unveiled January 9, 2007. Combined phone iPod and internet device.",303,303,facts-or-whacks-videos/303-iphone-launch.mp4,facts-or-whacks-videos-301-350.zip,videos_30s_pack_301_350.zip,303-iphone-launch.webp,iPhone Launch,2007,@FactsOrWhacks,30,Thsdb · CC BY-SA 4.0
304-tesla-and-ac-power.mp4,Tesla and AC Power (1884). Current WARS. Nikola Tesla pioneered alternating current. Edison promoted dangerous direct current. @FactsOrWhacks #Tesla #Electricity #Invention #HistoryTok #FactsOrWhacks,#Tesla #Electricity #Invention #HistoryTok #FactsOrWhacks,Tesla and AC Power (1884). Current WARS. Nikola Tesla pioneered alternating current. Edison promoted dangerous direct current.,304,304,facts-or-whacks-videos/304-tesla-and-ac-power.mp4,facts-or-whacks-videos-301-350.zip,videos_30s_pack_301_350.zip,304-tesla-and-ac-power.webp,Tesla and AC Power,1884,@FactsOrWhacks,30,Napoleon Sarony · Public domain
305-invention-of-radio.mp4,Invention of Radio (1901). Voices through the AIR. Marconi sent first transatlantic signal 1901. Guglielmo Marconi won Nobel Prize 1909. @FactsOrWhacks #Radio #Invention #TechHistory #HistoryTok #FactsOrWhacks,#Radio #Invention #TechHistory #HistoryTok #FactsOrWhacks,Invention of Radio (1901). Voices through the AIR. Marconi sent first transatlantic signal 1901. Guglielmo Marconi won Nobel Prize 1909.,305,305,facts-or-whacks-videos/305-invention-of-radio.mp4,facts-or-whacks-videos-301-350.zip,videos_30s_pack_301_350.zip,305-invention-of-radio.webp,Invention of Radio,1901,@FactsOrWhacks,30,Pach Brothers · Public domain
306-first-television-broadcast.mp4,First Television Broadcast (1960). Fuzzy pictures. World WATCHED. BBC first regular TV service 1936. Early sets cost fortune showed blurry images. @FactsOrWhacks #Television #TechHistory #Broadcasting #HistoryTok #FactsOrWhacks,#Television #TechHistory #Broadcasting #HistoryTok #FactsOrWhacks,First Television Broadcast (1960). Fuzzy pictures. World WATCHED. BBC first regular TV service 1936. Early sets cost fortune showed blurry images.,306,306,facts-or-whacks-videos/306-first-television-broadcast.mp4,facts-or-whacks-videos-301-350.zip,videos_30s_pack_301_350.zip,306-first-television-broadcast.webp,First Television Broadcast,1960,@FactsOrWhacks,30,Dm4244 · CC BY-SA 4.0
307-first-photograph-ever.mp4,First Photograph Ever (1827). 8 hours. One BLUR. Joseph Nicephore Niepce 1826-1827. Required 8-hour exposure. @FactsOrWhacks #Photography #Invention #ArtHistory #DidYouKnow #FactsOrWhacks,#Photography #Invention #ArtHistory #DidYouKnow #FactsOrWhacks,First Photograph Ever (1827). 8 hours. One BLUR. Joseph Nicephore Niepce 1826-1827. Required 8-hour exposure.,307,307,facts-or-whacks-videos/307-first-photograph-ever.mp4,facts-or-whacks-videos-301-350.zip,videos_30s_pack_301_350.zip,307-first-photograph-ever.webp,First Photograph Ever,1827,@FactsOrWhacks,30,420 xXx.MinecraftGamer.xXx 69 · CC BY-SA 4.0
308-first-motion-picture.mp4,First Motion Picture (1878). Horse RUNNING. Eadweard Muybridge 1878 galloping horse. Proved all four hooves leave ground. @FactsOrWhacks #Cinema #Photography #Invention #HistoryTok #FactsOrWhacks,#Cinema #Photography #Invention #HistoryTok #FactsOrWhacks,First Motion Picture (1878). Horse RUNNING. Eadweard Muybridge 1878 galloping horse. Proved all four hooves leave ground.,308,308,facts-or-whacks-videos/308-first-motion-picture.mp4,facts-or-whacks-videos-301-350.zip,videos_30s_pack_301_350.zip,308-first-motion-picture.webp,First Motion Picture,1878,@FactsOrWhacks,30,Brewster Publications · Public domain
309-assembly-line-revolution.mp4,Assembly Line Revolution (1913). 93 minutes. One CAR. Henry Ford's moving assembly line 1913. Model T production time dropped to 93 minutes. @FactsOrWhacks #AssemblyLine #Ford #IndustrialHistory #HistoryTok #FactsOrWhacks,#AssemblyLine #Ford #IndustrialHistory #HistoryTok #FactsOrWhacks,Assembly Line Revolution (1913). 93 minutes. One CAR. Henry Ford's moving assembly line 1913. Model T production time dropped to 93 minutes.,309,309,facts-or-whacks-videos/309-assembly-line-revolution.mp4,facts-or-whacks-videos-301-350.zip,videos_30s_pack_301_350.zip,309-assembly-line-revolution.webp,Assembly Line Revolution,1913,@FactsOrWhacks,30,"DearEdward from New York, NY, USA · CC BY 2.0"
310-transatlantic-telegraph-cable.mp4,Transatlantic Telegraph Cable (1854). Messages in MINUTES not weeks. First successful cable 1866. Connected Europe and North America. @FactsOrWhacks #Telegraph #Invention #Communication #HistoryTok #FactsOrWhacks,#Telegraph #Invention #Communication #HistoryTok #FactsOrWhacks,Transatlantic Telegraph Cable (1854). Messages in MINUTES not weeks. First successful cable 1866. Connected Europe and North America.,310,310,facts-or-whacks-videos/310-transatlantic-telegraph-cable.mp4,facts-or-whacks-videos-301-350.zip,videos_30s_pack_301_350.zip,310-transatlantic-telegraph-cable.webp,Transatlantic Telegraph Cable,1854,@FactsOrWhacks,30,Robert Charles Dudley · Public domain
311-first-personal-computer.mp4,First Personal Computer (1976). Garage to DESKTOP. Altair 8800 released 1975. Bill Gates and Paul Allen wrote BASIC for it. @FactsOrWhacks #PersonalComputer #TechHistory #SiliconValley #HistoryTok #FactsOrWhacks,#PersonalComputer #TechHistory #SiliconValley #HistoryTok #FactsOrWhacks,First Personal Computer (1976). Garage to DESKTOP. Altair 8800 released 1975. Bill Gates and Paul Allen wrote BASIC for it.,311,311,facts-or-whacks-videos/311-first-personal-computer.mp4,facts-or-whacks-videos-301-350.zip,videos_30s_pack_301_350.zip,311-first-personal-computer.webp,First Personal Computer,1976,@FactsOrWhacks,30,Swtpc6800 en:User:Swtpc6800 Michael Holley · Public domain
312-world-wide-web-launch.mp4,World Wide Web Launch (1989). One proposal. Everything CONNECTED. Tim Berners-Lee proposed 1989 at CERN. First website went live 1991. @FactsOrWhacks #WorldWideWeb #InternetHistory #TechHistory #HistoryTok #FactsOrWhacks,#WorldWideWeb #InternetHistory #TechHistory #HistoryTok #FactsOrWhacks,World Wide Web Launch (1989). One proposal. Everything CONNECTED. Tim Berners-Lee proposed 1989 at CERN. First website went live 1991.,312,312,facts-or-whacks-videos/312-world-wide-web-launch.mp4,facts-or-whacks-videos-301-350.zip,videos_30s_pack_301_350.zip,312-world-wide-web-launch.webp,World Wide Web Launch,1989,@FactsOrWhacks,30,User:Coolcaesar at en.wikipedia · CC BY-SA 3.0
313-gps-invention.mp4,GPS Invention (1993). Satellites know WHERE you are. Developed by US military 1970s. Full constellation operational 1995. @FactsOrWhacks #GPS #TechHistory #Navigation #HistoryTok #FactsOrWhacks,#GPS #TechHistory #Navigation #HistoryTok #FactsOrWhacks,GPS Invention (1993). Satellites know WHERE you are. Developed by US military 1970s. Full constellation operational 1995.,313,313,facts-or-whacks-videos/313-gps-invention.mp4,facts-or-whacks-videos-301-350.zip,videos_30s_pack_301_350.zip,313-gps-invention.webp,GPS Invention,1993,@FactsOrWhacks,30,U.S. Air Force · Public domain
314-steam-engine-revolution.mp4,Steam Engine Revolution (1769). Steam changed EVERYTHING. James Watt improved steam engine 1769. Powered factories ships and trains. @FactsOrWhacks #SteamEngine #IndustrialRevolution #Invention #HistoryTok #FactsOrWhacks,#SteamEngine #IndustrialRevolution #Invention #HistoryTok #FactsOrWhacks,Steam Engine Revolution (1769). Steam changed EVERYTHING. James Watt improved steam engine 1769. Powered factories ships and trains.,314,314,facts-or-whacks-videos/314-steam-engine-revolution.mp4,facts-or-whacks-videos-301-350.zip,videos_30s_pack_301_350.zip,314-steam-engine-revolution.webp,Steam Engine Revolution,1769,@FactsOrWhacks,30,Nicolás Pérez · CC BY-SA 3.0
315-first-skyscraper.mp4,First Skyscraper (1885). 10 stories. City went UP. Home Insurance Building Chicago 1885. Steel frame allowed height previously impossible. @FactsOrWhacks #Skyscraper #Architecture #Chicago #HistoryTok #FactsOrWhacks,#Skyscraper #Architecture #Chicago #HistoryTok #FactsOrWhacks,First Skyscraper (1885). 10 stories. City went UP. Home Insurance Building Chicago 1885. Steel frame allowed height previously impossible.,315,315,facts-or-whacks-videos/315-first-skyscraper.mp4,facts-or-whacks-videos-301-350.zip,videos_30s_pack_301_350.zip,315-first-skyscraper.webp,First Skyscraper,1885,@FactsOrWhacks,30,Unknown author Unknown author · Public domain
316-first-commercial-jet-flight.mp4,First Commercial Jet Flight (2005). Jet age BEGINS. De Havilland Comet first jet airliner 1952. BOAC flew London to Johannesburg. @FactsOrWhacks #JetAge #AviationHistory #TechHistory #HistoryTok #FactsOrWhacks,#JetAge #AviationHistory #TechHistory #HistoryTok #FactsOrWhacks,First Commercial Jet Flight (2005). Jet age BEGINS. De Havilland Comet first jet airliner 1952. BOAC flew London to Johannesburg.,316,316,facts-or-whacks-videos/316-first-commercial-jet-flight.mp4,facts-or-whacks-videos-301-350.zip,videos_30s_pack_301_350.zip,316-first-commercial-jet-flight.webp,First Commercial Jet Flight,2005,@FactsOrWhacks,30,Richard Vandervord · CC BY-SA 4.0
317-first-nuclear-power-plant.mp4,First Nuclear Power Plant (1956). Atoms for PEACE. Obninsk USSR 1954 first grid-connected plant. Calder Hall UK 1956 first commercial plant. @FactsOrWhacks #NuclearPower #Energy #TechHistory #HistoryTok #FactsOrWhacks,#NuclearPower #Energy #TechHistory #HistoryTok #FactsOrWhacks,First Nuclear Power Plant (1956). Atoms for PEACE. Obninsk USSR 1954 first grid-connected plant. Calder Hall UK 1956 first commercial plant.,317,317,facts-or-whacks-videos/317-first-nuclear-power-plant.mp4,facts-or-whacks-videos-301-350.zip,videos_30s_pack_301_350.zip,317-first-nuclear-power-plant.webp,First Nuclear Power Plant,1956,@FactsOrWhacks,30,Pavel Bykov / Павел Быков · CC BY-SA 3.0
318-mtv-launch.mp4,"MTV Launch (1981). Video killed the radio STAR. Launched August 1, 1981. First video Video Killed the Radio Star. @FactsOrWhacks #MTV #MusicHistory #1980s #HistoryTok #FactsOrWhacks",#MTV #MusicHistory #1980s #HistoryTok #FactsOrWhacks,"MTV Launch (1981). Video killed the radio STAR. Launched August 1, 1981. First video Video Killed the Radio Star.",318,318,facts-or-whacks-videos/318-mtv-launch.mp4,facts-or-whacks-videos-301-350.zip,videos_30s_pack_301_350.zip,318-mtv-launch.webp,MTV Launch,1981,@FactsOrWhacks,30,Barbie Simons · CC BY 3.0
319-al-capone.mp4,Al Capone (1929). Public enemy #1. Tax EVASION. Ran Chicago bootlegging empire Prohibition era. St. Valentine's Day Massacre 1929. @FactsOrWhacks #AlCapone #TrueCrime #Prohibition #HistoryTok #FactsOrWhacks,#AlCapone #TrueCrime #Prohibition #HistoryTok #FactsOrWhacks,Al Capone (1929). Public enemy #1. Tax EVASION. Ran Chicago bootlegging empire Prohibition era. St. Valentine's Day Massacre 1929.,319,319,facts-or-whacks-videos/319-al-capone.mp4,facts-or-whacks-videos-301-350.zip,videos_30s_pack_301_350.zip,319-al-capone.webp,Al Capone,1929,@FactsOrWhacks,30,Chicago Bureau (Federal Bureau of Investigation) - Wide World Photos. · Public domain
320-bonnie-and-clyde.mp4,"Bonnie and Clyde (1934). Lovers. Outlaws. LEGEND. Robbed banks and killed during Great Depression. Killed in ambush May 23, 1934 Louisiana. @FactsOrWhacks #BonnieAndClyde #TrueCrime #1930s #HistoryTok #FactsOrWhacks",#BonnieAndClyde #TrueCrime #1930s #HistoryTok #FactsOrWhacks,"Bonnie and Clyde (1934). Lovers. Outlaws. LEGEND. Robbed banks and killed during Great Depression. Killed in ambush May 23, 1934 Louisiana.",320,320,facts-or-whacks-videos/320-bonnie-and-clyde.mp4,facts-or-whacks-videos-301-350.zip,videos_30s_pack_301_350.zip,320-bonnie-and-clyde.webp,Bonnie and Clyde,1934,@FactsOrWhacks,30,Attributed to Buck Barrow · Public domain
321-zodiac-killer.mp4,Zodiac Killer (1969). Ciphers. Zero ARRESTS. Serial killer Northern California 1960s-70s. Sent taunting letters to newspapers. @FactsOrWhacks #ZodiacKiller #TrueCrime #Unsolved #HistoryTok #FactsOrWhacks,#ZodiacKiller #TrueCrime #Unsolved #HistoryTok #FactsOrWhacks,Zodiac Killer (1969). Ciphers. Zero ARRESTS. Serial killer Northern California 1960s-70s. Sent taunting letters to newspapers.,321,321,facts-or-whacks-videos/321-zodiac-killer.mp4,facts-or-whacks-videos-301-350.zip,videos_30s_pack_301_350.zip,321-zodiac-killer.webp,Zodiac Killer,1969,@FactsOrWhacks,30,San Francisco Police Department · Public domain
322-unabomber-ted-kaczynski.mp4,Unabomber Ted Kaczynski (1996). Manifesto. Cabin in WOODS. Harvard-educated mathematician turned bomber. Mail bombs killed 3 injured 23 over 17 years. @FactsOrWhacks #Unabomber #TrueCrime #Terrorism #HistoryTok #FactsOrWhacks,#Unabomber #TrueCrime #Terrorism #HistoryTok #FactsOrWhacks,Unabomber Ted Kaczynski (1996). Manifesto. Cabin in WOODS. Harvard-educated mathematician turned bomber. Mail bombs killed 3 injured 23 over 17 years.,322,322,facts-or-whacks-videos/322-unabomber-ted-kaczynski.mp4,facts-or-whacks-videos-301-350.zip,videos_30s_pack_301_350.zip,322-unabomber-ted-kaczynski.webp,Unabomber Ted Kaczynski,1996,@FactsOrWhacks,30,Federal Bureau of Investigation · Public domain
323-lindbergh-baby-kidnapping.mp4,Lindbergh Baby Kidnapping (1936). Crime of the CENTURY. Charles Lindbergh's 20-month-old son kidnapped 1932. Ransom paid baby found dead two months later. @FactsOrWhacks #Lindbergh #TrueCrime #1930s #HistoryTok #FactsOrWhacks,#Lindbergh #TrueCrime #1930s #HistoryTok #FactsOrWhacks,Lindbergh Baby Kidnapping (1936). Crime of the CENTURY. Charles Lindbergh's 20-month-old son kidnapped 1932. Ransom paid baby found dead two months later.,323,323,facts-or-whacks-videos/323-lindbergh-baby-kidnapping.mp4,facts-or-whacks-videos-301-350.zip,videos_30s_pack_301_350.zip,323-lindbergh-baby-kidnapping.webp,Lindbergh Baby Kidnapping,1936,@FactsOrWhacks,30,Unknown author Unknown author · Public domain
324-great-train-robbery-1963.mp4,"Great Train Robbery 1963 (1963). 2.6 million pounds. MAIL train. Robbed Royal Mail train August 8, 1963 England. Gang stole 2.6 million pounds in cash. @FactsOrWhacks #TrainRobbery #TrueCrime #Britain #HistoryTok #FactsOrWhacks",#TrainRobbery #TrueCrime #Britain #HistoryTok #FactsOrWhacks,"Great Train Robbery 1963 (1963). 2.6 million pounds. MAIL train. Robbed Royal Mail train August 8, 1963 England. Gang stole 2.6 million pounds in cash.",324,324,facts-or-whacks-videos/324-great-train-robbery-1963.mp4,facts-or-whacks-videos-301-350.zip,videos_30s_pack_301_350.zip,324-great-train-robbery-1963.webp,Great Train Robbery 1963,1963,@FactsOrWhacks,30,Spborthwick · CC BY-SA 3.0
325-d-b-cooper-hijacking.mp4,"D.B. Cooper Hijacking (2016). Jumped. VANISHED. Hijacked Boeing 727 November 24, 1971. Demanded $200,000 parachuted mid-flight. @FactsOrWhacks #DBCooper #TrueCrime #Unsolved #HistoryTok #FactsOrWhacks",#DBCooper #TrueCrime #Unsolved #HistoryTok #FactsOrWhacks,"D.B. Cooper Hijacking (2016). Jumped. VANISHED. Hijacked Boeing 727 November 24, 1971. Demanded $200,000 parachuted mid-flight.",325,325,facts-or-whacks-videos/325-d-b-cooper-hijacking.mp4,facts-or-whacks-videos-301-350.zip,videos_30s_pack_301_350.zip,325-d-b-cooper-hijacking.webp,D.B. Cooper Hijacking,2016,@FactsOrWhacks,30,Roy Rose · Public domain
326-boston-strangler.mp4,Boston Strangler (1964). 13 women. One KILLER? Murdered 13 women Boston 1962-1964. Albert DeSalvo confessed but evidence weak. @FactsOrWhacks #BostonStrangler #TrueCrime #SerialKiller #HistoryTok #FactsOrWhacks,#BostonStrangler #TrueCrime #SerialKiller #HistoryTok #FactsOrWhacks,Boston Strangler (1964). 13 women. One KILLER? Murdered 13 women Boston 1962-1964. Albert DeSalvo confessed but evidence weak.,326,326,facts-or-whacks-videos/326-boston-strangler.mp4,facts-or-whacks-videos-301-350.zip,videos_30s_pack_301_350.zip,326-boston-strangler.webp,Boston Strangler,1964,@FactsOrWhacks,30,Federal Bureau of Investigation (FBI) -Strangler Bureau · Public domain
327-ted-bundy.mp4,Ted Bundy (1989). Charm. Horror. 30+ DEAD. Handsome law student serial killer 1970s. Confessed to 30 murders possibly more. @FactsOrWhacks #TedBundy #TrueCrime #SerialKiller #HistoryTok #FactsOrWhacks,#TedBundy #TrueCrime #SerialKiller #HistoryTok #FactsOrWhacks,Ted Bundy (1989). Charm. Horror. 30+ DEAD. Handsome law student serial killer 1970s. Confessed to 30 murders possibly more.,327,327,facts-or-whacks-videos/327-ted-bundy.mp4,facts-or-whacks-videos-301-350.zip,videos_30s_pack_301_350.zip,327-ted-bundy.webp,Ted Bundy,1989,@FactsOrWhacks,30,Unknown photographer · Public domain
328-prohibition-era-crime.mp4,Prohibition Era Crime (1933). Speakeasies. Tommy GUNS. 18th Amendment banned alcohol 1920-1933. Organized crime flourished bootlegging. @FactsOrWhacks #Prohibition #OrganizedCrime #1920s #HistoryTok #FactsOrWhacks,#Prohibition #OrganizedCrime #1920s #HistoryTok #FactsOrWhacks,Prohibition Era Crime (1933). Speakeasies. Tommy GUNS. 18th Amendment banned alcohol 1920-1933. Organized crime flourished bootlegging.,328,328,facts-or-whacks-videos/328-prohibition-era-crime.mp4,facts-or-whacks-videos-301-350.zip,videos_30s_pack_301_350.zip,328-prohibition-era-crime.webp,Prohibition Era Crime,1933,@FactsOrWhacks,30,Unknown author Unknown author or not provided · Public domain
329-great-train-robbery-1963-getaway.mp4,Great Train Robbery 1963 Getaway (1963). 15 years. One PAROLE. Most robbers caught within weeks. Some fled to Brazil and Mexico. @FactsOrWhacks #TrainRobbery #TrueCrime #Britain #HistoryTok #FactsOrWhacks,#TrainRobbery #TrueCrime #Britain #HistoryTok #FactsOrWhacks,Great Train Robbery 1963 Getaway (1963). 15 years. One PAROLE. Most robbers caught within weeks. Some fled to Brazil and Mexico.,329,329,facts-or-whacks-videos/329-great-train-robbery-1963-getaway.mp4,facts-or-whacks-videos-301-350.zip,videos_30s_pack_301_350.zip,329-great-train-robbery-1963-getaway.webp,Great Train Robbery 1963 Getaway,1963,@FactsOrWhacks,30,Spborthwick · CC BY-SA 3.0
330-rasputin-s-death.mp4,Rasputin's Death (1916). Poison. Bullets. DROWNED. Russian mystic influenced Tsar Nicholas II. Survived poison bullets and beating. @FactsOrWhacks #Rasputin #Russia #WeirdHistory #HistoryTok #FactsOrWhacks,#Rasputin #Russia #WeirdHistory #HistoryTok #FactsOrWhacks,Rasputin's Death (1916). Poison. Bullets. DROWNED. Russian mystic influenced Tsar Nicholas II. Survived poison bullets and beating.,330,330,facts-or-whacks-videos/330-rasputin-s-death.mp4,facts-or-whacks-videos-301-350.zip,videos_30s_pack_301_350.zip,330-rasputin-s-death.webp,Rasputin's Death,1916,@FactsOrWhacks,30,Unknown author Unknown author · Public domain
331-assassination-of-archduke-franz-ferdinand.mp4,"Assassination of Archduke Franz Ferdinand (1914). One wrong turn. One WORLD war. Shot June 28, 1914 Sarajevo. Gavrilo Princip ate a sandwich then got lucky. @FactsOrWhacks #FranzFerdinand #WW1 #Assassination #HistoryTok #FactsOrWhacks",#FranzFerdinand #WW1 #Assassination #HistoryTok #FactsOrWhacks,"Assassination of Archduke Franz Ferdinand (1914). One wrong turn. One WORLD war. Shot June 28, 1914 Sarajevo. Gavrilo Princip ate a sandwich then got lucky.",331,331,facts-or-whacks-videos/331-assassination-of-archduke-franz-ferdinand.mp4,facts-or-whacks-videos-301-350.zip,videos_30s_pack_301_350.zip,331-assassination-of-archduke-franz-ferdinand.webp,Assassination of Archduke Franz Ferdinand,1914,@FactsOrWhacks,30,Unknown author Unknown author · Public domain
332-lizzie-borden.mp4,Lizzie Borden (1893). 40 whacks. Acquitted. Ax murders of father and stepmother 1892. Lizzie Borden main suspect acquitted 1893. @FactsOrWhacks #LizzieBorden #TrueCrime #AmericanHistory #HistoryTok #FactsOrWhacks,#LizzieBorden #TrueCrime #AmericanHistory #HistoryTok #FactsOrWhacks,Lizzie Borden (1893). 40 whacks. Acquitted. Ax murders of father and stepmother 1892. Lizzie Borden main suspect acquitted 1893.,332,332,facts-or-whacks-videos/332-lizzie-borden.mp4,facts-or-whacks-videos-301-350.zip,videos_30s_pack_301_350.zip,332-lizzie-borden.webp,Lizzie Borden,1893,@FactsOrWhacks,30,Unknown author Unknown author · Public domain
333-great-emu-war.mp4,Great Emu War (1932). Australia LOST to birds. 1932 Australian military deployed against emus. Emus destroyed wheat crops in Western Australia. @FactsOrWhacks #EmuWar #WeirdHistory #Australia #HistoryTok #FactsOrWhacks,#EmuWar #WeirdHistory #Australia #HistoryTok #FactsOrWhacks,Great Emu War (1932). Australia LOST to birds. 1932 Australian military deployed against emus. Emus destroyed wheat crops in Western Australia.,333,333,facts-or-whacks-videos/333-great-emu-war.mp4,facts-or-whacks-videos-301-350.zip,videos_30s_pack_301_350.zip,333-great-emu-war.webp,Great Emu War,1932,@FactsOrWhacks,30,Unknown author Unknown author · Public domain
334-women-s-suffrage-movement.mp4,Women's Suffrage Movement (1930). Votes. Finally. Decades of marches petitions and protests. Seneca Falls Convention 1848 launched movement. @FactsOrWhacks #Suffrage #WomensHistory #SocialMovements #HistoryTok #FactsOrWhacks,#Suffrage #WomensHistory #SocialMovements #HistoryTok #FactsOrWhacks,Women's Suffrage Movement (1930). Votes. Finally. Decades of marches petitions and protests. Seneca Falls Convention 1848 launched movement.,334,334,facts-or-whacks-videos/334-women-s-suffrage-movement.mp4,facts-or-whacks-videos-301-350.zip,videos_30s_pack_301_350.zip,334-women-s-suffrage-movement.webp,Women's Suffrage Movement,1930,@FactsOrWhacks,30,Unknown author Unknown author · Public domain
335-seneca-falls-convention.mp4,Seneca Falls Convention (1848). 68 women. 32 men. HISTORY. First women's rights convention July 1848. Elizabeth Cady Stanton wrote Declaration of Sentiments. @FactsOrWhacks #SenecaFalls #WomensHistory #SocialMovements #HistoryTok #FactsOrWhacks,#SenecaFalls #WomensHistory #SocialMovements #HistoryTok #FactsOrWhacks,Seneca Falls Convention (1848). 68 women. 32 men. HISTORY. First women's rights convention July 1848. Elizabeth Cady Stanton wrote Declaration of Sentiments.,335,335,facts-or-whacks-videos/335-seneca-falls-convention.mp4,facts-or-whacks-videos-301-350.zip,videos_30s_pack_301_350.zip,335-seneca-falls-convention.webp,Seneca Falls Convention,1848,@FactsOrWhacks,30,https://pbs.twimg.com/media/CKXzBSKWwAEzQT8.jpg · CC BY-SA 4.0
336-stonewall-riots.mp4,"Stonewall Riots (1969). Riots that started a MOVEMENT. NYPD raided Stonewall Inn June 28, 1969. Patrons fought back against police harassment. @FactsOrWhacks #Stonewall #LGBTQHistory #SocialMovements #HistoryMatters #FactsOrWhacks",#Stonewall #LGBTQHistory #SocialMovements #HistoryMatters #FactsOrWhacks,"Stonewall Riots (1969). Riots that started a MOVEMENT. NYPD raided Stonewall Inn June 28, 1969. Patrons fought back against police harassment.",336,336,facts-or-whacks-videos/336-stonewall-riots.mp4,facts-or-whacks-videos-301-350.zip,videos_30s_pack_301_350.zip,336-stonewall-riots.webp,Stonewall Riots,1969,@FactsOrWhacks,30,Rhododendrites · CC BY-SA 4.0
337-fall-of-the-soviet-union.mp4,"Fall of the Soviet Union (1991). Empire collapsed in 69 HOURS. Gorbachev resigned December 25, 1991. Hammer and sickle lowered over Kremlin. @FactsOrWhacks #SovietUnion #ColdWar #1991 #HistoryTok #FactsOrWhacks",#SovietUnion #ColdWar #1991 #HistoryTok #FactsOrWhacks,"Fall of the Soviet Union (1991). Empire collapsed in 69 HOURS. Gorbachev resigned December 25, 1991. Hammer and sickle lowered over Kremlin.",337,337,facts-or-whacks-videos/337-fall-of-the-soviet-union.mp4,facts-or-whacks-videos-301-350.zip,videos_30s_pack_301_350.zip,337-fall-of-the-soviet-union.webp,Fall of the Soviet Union,1991,@FactsOrWhacks,30,Unknown author Unknown author · Public domain
338-tiananmen-square.mp4,Tiananmen Square (1989). Tank man. One IMAGE. Student protests spring 1989 Beijing. Military crackdown June 4 killed hundreds to thousands. @FactsOrWhacks #Tiananmen #China #SocialMovements #HistoryMatters #FactsOrWhacks,#Tiananmen #China #SocialMovements #HistoryMatters #FactsOrWhacks,Tiananmen Square (1989). Tank man. One IMAGE. Student protests spring 1989 Beijing. Military crackdown June 4 killed hundreds to thousands.,338,338,facts-or-whacks-videos/338-tiananmen-square.mp4,facts-or-whacks-videos-301-350.zip,videos_30s_pack_301_350.zip,338-tiananmen-square.webp,Tiananmen Square,1989,@FactsOrWhacks,30,xiquinhosilva · CC BY 2.0
339-arab-spring.mp4,Arab Spring (2011). One fruit seller. Region EXPLODED. Mohamed Bouazizi self-immolated Tunisia December 2010. Protests spread across Middle East and North Africa. @FactsOrWhacks #ArabSpring #MiddleEast #Revolution #HistoryTok #FactsOrWhacks,#ArabSpring #MiddleEast #Revolution #HistoryTok #FactsOrWhacks,Arab Spring (2011). One fruit seller. Region EXPLODED. Mohamed Bouazizi self-immolated Tunisia December 2010. Protests spread across Middle East and North Africa.,339,339,facts-or-whacks-videos/339-arab-spring.mp4,facts-or-whacks-videos-301-350.zip,videos_30s_pack_301_350.zip,339-arab-spring.webp,Arab Spring,2011,@FactsOrWhacks,30,cjb · CC BY 2.0
340-solidarity-movement-poland.mp4,Solidarity Movement Poland (1981). Shipyard workers beat COMMUNISM. Lech Walesa led Gdansk shipyard strike 1980. First independent labor union in Soviet bloc. @FactsOrWhacks #Solidarity #Poland #ColdWar #HistoryTok #FactsOrWhacks,#Solidarity #Poland #ColdWar #HistoryTok #FactsOrWhacks,Solidarity Movement Poland (1981). Shipyard workers beat COMMUNISM. Lech Walesa led Gdansk shipyard strike 1980. First independent labor union in Soviet bloc.,340,340,facts-or-whacks-videos/340-solidarity-movement-poland.mp4,facts-or-whacks-videos-301-350.zip,videos_30s_pack_301_350.zip,340-solidarity-movement-poland.webp,Solidarity Movement Poland,1981,@FactsOrWhacks,30,Sławek · CC BY-SA 2.0
341-velvet-revolution.mp4,Velvet Revolution (1989). Students with KEYS. No blood. Czechoslovakia November 1989 peaceful revolution. Students jingled keys symbolizing unlocking freedom. @FactsOrWhacks #VelvetRevolution #Czechoslovakia #1989 #HistoryTok #FactsOrWhacks,#VelvetRevolution #Czechoslovakia #1989 #HistoryTok #FactsOrWhacks,Velvet Revolution (1989). Students with KEYS. No blood. Czechoslovakia November 1989 peaceful revolution. Students jingled keys symbolizing unlocking freedom.,341,341,facts-or-whacks-videos/341-velvet-revolution.mp4,facts-or-whacks-videos-301-350.zip,videos_30s_pack_301_350.zip,341-velvet-revolution.webp,Velvet Revolution,1989,@FactsOrWhacks,30,ŠJů ( cs:ŠJů ) · CC BY-SA 3.0
342-iranian-revolution-1979.mp4,Iranian Revolution 1979 (1979). Shah out. Ayatollah IN. Mass protests overthrew Shah Mohammad Reza Pahlavi. Ayatollah Khomeini returned from exile. @FactsOrWhacks #IranianRevolution #MiddleEast #Revolution #HistoryTok #FactsOrWhacks,#IranianRevolution #MiddleEast #Revolution #HistoryTok #FactsOrWhacks,Iranian Revolution 1979 (1979). Shah out. Ayatollah IN. Mass protests overthrew Shah Mohammad Reza Pahlavi. Ayatollah Khomeini returned from exile.,342,342,facts-or-whacks-videos/342-iranian-revolution-1979.mp4,facts-or-whacks-videos-301-350.zip,videos_30s_pack_301_350.zip,342-iranian-revolution-1979.webp,Iranian Revolution 1979,1979,@FactsOrWhacks,30,Unknown author Unknown author · GFDL
343-labor-movement-haymarket.mp4,"Labor Movement Haymarket (1886). 8-hour day. Bought with BLOOD. Haymarket Affair Chicago May 4, 1886. Bomb thrown at labor rally killed police. @FactsOrWhacks #Haymarket #LaborHistory #SocialMovements #HistoryMatters #FactsOrWhacks",#Haymarket #LaborHistory #SocialMovements #HistoryMatters #FactsOrWhacks,"Labor Movement Haymarket (1886). 8-hour day. Bought with BLOOD. Haymarket Affair Chicago May 4, 1886. Bomb thrown at labor rally killed police.",343,343,facts-or-whacks-videos/343-labor-movement-haymarket.mp4,facts-or-whacks-videos-301-350.zip,videos_30s_pack_301_350.zip,343-labor-movement-haymarket.webp,Labor Movement Haymarket,1886,@FactsOrWhacks,30,Thure de Thulstrup · Public domain
344-universal-declaration-of-human-rights.mp4,"Universal Declaration of Human Rights (1948). 30 articles. Every PERSON. Adopted UN General Assembly December 10, 1948. Eleanor Roosevelt led drafting committee. @FactsOrWhacks #HumanRights #UnitedNations #1948 #HistoryMatters #FactsOrWhacks",#HumanRights #UnitedNations #1948 #HistoryMatters #FactsOrWhacks,"Universal Declaration of Human Rights (1948). 30 articles. Every PERSON. Adopted UN General Assembly December 10, 1948. Eleanor Roosevelt led drafting committee.",344,344,facts-or-whacks-videos/344-universal-declaration-of-human-rights.mp4,facts-or-whacks-videos-301-350.zip,videos_30s_pack_301_350.zip,344-universal-declaration-of-human-rights.webp,Universal Declaration of Human Rights,1948,@FactsOrWhacks,30,FDR Presidential Library & Museum · CC BY 2.0
345-nuremberg-trials.mp4,Nuremberg Trials (1946). Justice for MONSTERS. Allied trials of Nazi war criminals 1945-1946. Established crimes against humanity precedent. @FactsOrWhacks #Nuremberg #WW2 #Justice #HistoryMatters #FactsOrWhacks,#Nuremberg #WW2 #Justice #HistoryMatters #FactsOrWhacks,Nuremberg Trials (1946). Justice for MONSTERS. Allied trials of Nazi war criminals 1945-1946. Established crimes against humanity precedent.,345,345,facts-or-whacks-videos/345-nuremberg-trials.mp4,facts-or-whacks-videos-301-350.zip,videos_30s_pack_301_350.zip,345-nuremberg-trials.webp,Nuremberg Trials,1946,@FactsOrWhacks,30,Published in accordance with the direction of the International Militar… · Public domain
346-rwandan-genocide.mp4,"Rwandan Genocide (1962). 100 days. 800,000 DEAD. Hutu extremists killed Tutsi minority April-July 1994. Estimated 800,000 killed in 100 days. @FactsOrWhacks #Rwanda #Genocide #NeverForget #HistoryMatters #FactsOrWhacks",#Rwanda #Genocide #NeverForget #HistoryMatters #FactsOrWhacks,"Rwandan Genocide (1962). 100 days. 800,000 DEAD. Hutu extremists killed Tutsi minority April-July 1994. Estimated 800,000 killed in 100 days.",346,346,facts-or-whacks-videos/346-rwandan-genocide.mp4,facts-or-whacks-videos-301-350.zip,videos_30s_pack_301_350.zip,346-rwandan-genocide.webp,Rwandan Genocide,1962,@FactsOrWhacks,30,Fanny Schertzer · CC BY-SA 3.0
347-armenian-genocide.mp4,Armenian Genocide (1923). 1.5 million. DENIED still. Ottoman Empire killed 1.5 million Armenians 1915-1923. Mass deportations starvation and massacres. @FactsOrWhacks #ArmenianGenocide #NeverForget #WW1 #HistoryMatters #FactsOrWhacks,#ArmenianGenocide #NeverForget #WW1 #HistoryMatters #FactsOrWhacks,Armenian Genocide (1923). 1.5 million. DENIED still. Ottoman Empire killed 1.5 million Armenians 1915-1923. Mass deportations starvation and massacres.,347,347,facts-or-whacks-videos/347-armenian-genocide.mp4,facts-or-whacks-videos-301-350.zip,videos_30s_pack_301_350.zip,347-armenian-genocide.webp,Armenian Genocide,1923,@FactsOrWhacks,30,Unknown author Unknown author · Public domain
348-suffragette-emily-davison.mp4,Suffragette Emily Davison (1913). Threw herself under the KING'S horse. British suffragette militant movement. Emily Davison ran onto Derby track June 1913. @FactsOrWhacks #Suffragette #WomensHistory #Britain #HistoryTok #FactsOrWhacks,#Suffragette #WomensHistory #Britain #HistoryTok #FactsOrWhacks,Suffragette Emily Davison (1913). Threw herself under the KING'S horse. British suffragette militant movement. Emily Davison ran onto Derby track June 1913.,348,348,facts-or-whacks-videos/348-suffragette-emily-davison.mp4,facts-or-whacks-videos-301-350.zip,videos_30s_pack_301_350.zip,348-suffragette-emily-davison.webp,Suffragette Emily Davison,1913,@FactsOrWhacks,30,Andrew William Dron (1864-1935); [ 1 ] Restored by Adam Cuerden · Public domain
349-woodstock-festival.mp4,"Woodstock Festival (1969). 3 days. 400,000 PEACE. August 15-18 1969 Bethel New York. 400,000 attended rain mud and music. @FactsOrWhacks #Woodstock #1960s #MusicHistory #HistoryTok #FactsOrWhacks",#Woodstock #1960s #MusicHistory #HistoryTok #FactsOrWhacks,"Woodstock Festival (1969). 3 days. 400,000 PEACE. August 15-18 1969 Bethel New York. 400,000 attended rain mud and music.",349,349,facts-or-whacks-videos/349-woodstock-festival.mp4,facts-or-whacks-videos-301-350.zip,videos_30s_pack_301_350.zip,349-woodstock-festival.webp,Woodstock Festival,1969,@FactsOrWhacks,30,Arnold Skolnick · Public domain
350-beatles-invasion.mp4,"Beatles Invasion (1964). Four lads. America CHANGED. Ed Sullivan Show February 9, 1964 73 million viewers. British Invasion transformed American music. @FactsOrWhacks #Beatles #MusicHistory #1960s #HistoryTok #FactsOrWhacks",#Beatles #MusicHistory #1960s #HistoryTok #FactsOrWhacks,"Beatles Invasion (1964). Four lads. America CHANGED. Ed Sullivan Show February 9, 1964 73 million viewers. British Invasion transformed American music.",350,350,facts-or-whacks-videos/350-beatles-invasion.mp4,facts-or-whacks-videos-301-350.zip,videos_30s_pack_301_350.zip,350-beatles-invasion.webp,Beatles Invasion,1964,@FactsOrWhacks,30,United Press International (UPI Telephoto) Cropping and retouching: Use… · Public domain
351-birth-of-hip-hop.mp4,"Birth of Hip Hop (1973). Two turntables. One BLOCK. Born August 11, 1973 Bronx New York. DJ Kool Herc back-to-back breakbeats. @FactsOrWhacks #HipHop #MusicHistory #BlackHistory #HistoryTok #FactsOrWhacks",#HipHop #MusicHistory #BlackHistory #HistoryTok #FactsOrWhacks,"Birth of Hip Hop (1973). Two turntables. One BLOCK. Born August 11, 1973 Bronx New York. DJ Kool Herc back-to-back breakbeats.",351,351,facts-or-whacks-videos/351-birth-of-hip-hop.mp4,facts-or-whacks-videos-351-395.zip,videos_30s_pack_351_395.zip,351-birth-of-hip-hop.webp,Birth of Hip Hop,1973,@FactsOrWhacks,30,Mika-photography · CC BY-SA 3.0
352-hollywood-golden-age.mp4,Hollywood Golden Age (1968). Stars. Studios. DREAMS. 1920s-1960s studio system dominated. MGM Warner Bros Paramount and Fox ruled. @FactsOrWhacks #Hollywood #FilmHistory #GoldenAge #HistoryTok #FactsOrWhacks,#Hollywood #FilmHistory #GoldenAge #HistoryTok #FactsOrWhacks,Hollywood Golden Age (1968). Stars. Studios. DREAMS. 1920s-1960s studio system dominated. MGM Warner Bros Paramount and Fox ruled.,352,352,facts-or-whacks-videos/352-hollywood-golden-age.mp4,facts-or-whacks-videos-351-395.zip,videos_30s_pack_351_395.zip,352-hollywood-golden-age.webp,Hollywood Golden Age,1968,@FactsOrWhacks,30,"Thomas Wolf , www.foto-tw.de · CC BY-SA 3.0"
353-ancient-olympic-games.mp4,Ancient Olympic Games. Naked athletes. Olive CROWNS. Ancient Olympic Games was held Olympia Greece 776 BCE to 393 CE. Truce called across Greece during games. @FactsOrWhacks #Olympics #AncientGreece #SportsHistory #HistoryTok #FactsOrWhacks,#Olympics #AncientGreece #SportsHistory #HistoryTok #FactsOrWhacks,Ancient Olympic Games. Naked athletes. Olive CROWNS. Ancient Olympic Games was held Olympia Greece 776 BCE to 393 CE. Truce called across Greece during games.,353,353,facts-or-whacks-videos/353-ancient-olympic-games.mp4,facts-or-whacks-videos-351-395.zip,videos_30s_pack_351_395.zip,353-ancient-olympic-games.webp,Ancient Olympic Games,,@FactsOrWhacks,30,Bgabel · CC BY-SA 3.0
354-modern-olympics-revival.mp4,Modern Olympics Revival (1896). Pierre de Coubertin. Games REBORN. First modern Olympics Athens 1896. Pierre de Coubertin founded International Olympic Committee. @FactsOrWhacks #Olympics #SportsHistory #1896 #HistoryTok #FactsOrWhacks,#Olympics #SportsHistory #1896 #HistoryTok #FactsOrWhacks,Modern Olympics Revival (1896). Pierre de Coubertin. Games REBORN. First modern Olympics Athens 1896. Pierre de Coubertin founded International Olympic Committee.,354,354,facts-or-whacks-videos/354-modern-olympics-revival.mp4,facts-or-whacks-videos-351-395.zip,videos_30s_pack_351_395.zip,354-modern-olympics-revival.webp,Modern Olympics Revival,1896,@FactsOrWhacks,30,Émile Gilliéron · Public domain
355-jazz-birth-in-new-orleans.mp4,Jazz Birth in New Orleans (1973). Ragtime met the BLUES. Emerged early 1900s New Orleans. Blend of African European and Caribbean music. @FactsOrWhacks #Jazz #MusicHistory #NewOrleans #HistoryTok #FactsOrWhacks,#Jazz #MusicHistory #NewOrleans #HistoryTok #FactsOrWhacks,Jazz Birth in New Orleans (1973). Ragtime met the BLUES. Emerged early 1900s New Orleans. Blend of African European and Caribbean music.,355,355,facts-or-whacks-videos/355-jazz-birth-in-new-orleans.mp4,facts-or-whacks-videos-351-395.zip,videos_30s_pack_351_395.zip,355-jazz-birth-in-new-orleans.webp,Jazz Birth in New Orleans,1973,@FactsOrWhacks,30,World-Telegram staff photographer · Public domain
356-impressionist-art-revolution.mp4,Impressionist Art Revolution (1874). They painted LIGHT. Monet Renoir Degas rejected by Salon 1870s. First Impressionist exhibition 1874 Paris. @FactsOrWhacks #Impressionism #ArtHistory #Monet #HistoryTok #FactsOrWhacks,#Impressionism #ArtHistory #Monet #HistoryTok #FactsOrWhacks,Impressionist Art Revolution (1874). They painted LIGHT. Monet Renoir Degas rejected by Salon 1870s. First Impressionist exhibition 1874 Paris.,356,356,facts-or-whacks-videos/356-impressionist-art-revolution.mp4,facts-or-whacks-videos-351-395.zip,videos_30s_pack_351_395.zip,356-impressionist-art-revolution.webp,Impressionist Art Revolution,1874,@FactsOrWhacks,30,Claude Monet · Public domain
357-bauhaus-movement.mp4,Bauhaus Movement (1933). Form follows FUNCTION. Founded Walter Gropius Weimar 1919. Unified art craft and technology. @FactsOrWhacks #Bauhaus #ArtHistory #Design #HistoryTok #FactsOrWhacks,#Bauhaus #ArtHistory #Design #HistoryTok #FactsOrWhacks,Bauhaus Movement (1933). Form follows FUNCTION. Founded Walter Gropius Weimar 1919. Unified art craft and technology.,357,357,facts-or-whacks-videos/357-bauhaus-movement.mp4,facts-or-whacks-videos-351-395.zip,videos_30s_pack_351_395.zip,357-bauhaus-movement.webp,Bauhaus Movement,1933,@FactsOrWhacks,30,Hjochheim · CC BY-SA 3.0
358-pop-art-andy-warhol.mp4,Pop Art Andy Warhol (1962). Soup cans as ART. Andy Warhol Campbell's Soup Cans 1962. Blurred line between commercial and fine art. @FactsOrWhacks #PopArt #Warhol #ArtHistory #HistoryTok #FactsOrWhacks,#PopArt #Warhol #ArtHistory #HistoryTok #FactsOrWhacks,Pop Art Andy Warhol (1962). Soup cans as ART. Andy Warhol Campbell's Soup Cans 1962. Blurred line between commercial and fine art.,358,358,facts-or-whacks-videos/358-pop-art-andy-warhol.mp4,facts-or-whacks-videos-351-395.zip,videos_30s_pack_351_395.zip,358-pop-art-andy-warhol.webp,Pop Art Andy Warhol,1962,@FactsOrWhacks,30,Jack Mitchell · CC BY-SA 4.0
359-origin-of-baseball.mp4,Origin of Baseball (1869). Abner Doubleday MYTH. Cooperstown myth says Doubleday invented 1839. Actually evolved from English rounders. @FactsOrWhacks #Baseball #SportsHistory #AmericanHistory #HistoryTok #FactsOrWhacks,#Baseball #SportsHistory #AmericanHistory #HistoryTok #FactsOrWhacks,Origin of Baseball (1869). Abner Doubleday MYTH. Cooperstown myth says Doubleday invented 1839. Actually evolved from English rounders.,359,359,facts-or-whacks-videos/359-origin-of-baseball.mp4,facts-or-whacks-videos-351-395.zip,videos_30s_pack_351_395.zip,359-origin-of-baseball.webp,Origin of Baseball,1869,@FactsOrWhacks,30,The original uploader was Hlj at English Wikipedia . · Public domain
360-origin-of-basketball.mp4,Origin of Basketball (1891). Peach baskets. One INVENTOR. James Naismith invented 1891 Springfield Massachusetts. Created to keep students active in winter. @FactsOrWhacks #Basketball #SportsHistory #Invention #HistoryTok #FactsOrWhacks,#Basketball #SportsHistory #Invention #HistoryTok #FactsOrWhacks,Origin of Basketball (1891). Peach baskets. One INVENTOR. James Naismith invented 1891 Springfield Massachusetts. Created to keep students active in winter.,360,360,facts-or-whacks-videos/360-origin-of-basketball.mp4,facts-or-whacks-videos-351-395.zip,videos_30s_pack_351_395.zip,360-origin-of-basketball.webp,Origin of Basketball,1891,@FactsOrWhacks,30,randomduck · CC BY-SA 2.0
361-easter-island-statues.mp4,Easter Island Statues (1995). 887 heads. How MOVED? Moai statues carved 1250-1500 CE. 887 statues up to 82 tons. @FactsOrWhacks #EasterIsland #Mystery #Archaeology #HistoryTok #FactsOrWhacks,#EasterIsland #Mystery #Archaeology #HistoryTok #FactsOrWhacks,Easter Island Statues (1995). 887 heads. How MOVED? Moai statues carved 1250-1500 CE. 887 statues up to 82 tons.,361,361,facts-or-whacks-videos/361-easter-island-statues.mp4,facts-or-whacks-videos-351-395.zip,videos_30s_pack_351_395.zip,361-easter-island-statues.webp,Easter Island Statues,1995,@FactsOrWhacks,30,Ian Sewell · CC BY 2.5
362-dancing-plague-of-1518.mp4,Dancing Plague of 1518 (1518). Danced until they DIED. Strasbourg July 1518 woman started dancing. Up to 400 joined dancing for days. @FactsOrWhacks #DancingPlague #WeirdHistory #Medieval #HistoryTok #FactsOrWhacks,#DancingPlague #WeirdHistory #Medieval #HistoryTok #FactsOrWhacks,Dancing Plague of 1518 (1518). Danced until they DIED. Strasbourg July 1518 woman started dancing. Up to 400 joined dancing for days.,362,362,facts-or-whacks-videos/362-dancing-plague-of-1518.mp4,facts-or-whacks-videos-351-395.zip,videos_30s_pack_351_395.zip,362-dancing-plague-of-1518.webp,Dancing Plague of 1518,1518,@FactsOrWhacks,30,Unknown author Unknown author · Public domain
363-war-of-the-worlds-panic.mp4,"War of the Worlds Panic (1938). Radio play. Real PANIC. Orson Welles broadcast October 30, 1938. Presented as news bulletin of Martian invasion. @FactsOrWhacks #WarOfTheWorlds #WeirdHistory #MediaHistory #HistoryTok #FactsOrWhacks",#WarOfTheWorlds #WeirdHistory #MediaHistory #HistoryTok #FactsOrWhacks,"War of the Worlds Panic (1938). Radio play. Real PANIC. Orson Welles broadcast October 30, 1938. Presented as news bulletin of Martian invasion.",363,363,facts-or-whacks-videos/363-war-of-the-worlds-panic.mp4,facts-or-whacks-videos-351-395.zip,videos_30s_pack_351_395.zip,363-war-of-the-worlds-panic.webp,War of the Worlds Panic,1938,@FactsOrWhacks,30,Acme News Photos · Public domain
364-codex-gigas-devil-s-bible.mp4,Codex Gigas Devil's Bible (1648). One monk. One NIGHT? Medieval manuscript largest surviving book. Legend says written in one night by monk. @FactsOrWhacks #DevilsBible #WeirdHistory #Medieval #HistoryTok #FactsOrWhacks,#DevilsBible #WeirdHistory #Medieval #HistoryTok #FactsOrWhacks,Codex Gigas Devil's Bible (1648). One monk. One NIGHT? Medieval manuscript largest surviving book. Legend says written in one night by monk.,364,364,facts-or-whacks-videos/364-codex-gigas-devil-s-bible.mp4,facts-or-whacks-videos-351-395.zip,videos_30s_pack_351_395.zip,364-codex-gigas-devil-s-bible.webp,Codex Gigas Devil's Bible,1648,@FactsOrWhacks,30,Herman the Recluse of the Benedictine monastery of Podlažice · Public domain
365-lead-poisoning-roman-empire.mp4,Lead Poisoning Roman Empire. Sweet wine. Dying EMPIRE. Romans used lead pipes and lead acetate sweetener. Lead poisoning caused mental decline. @FactsOrWhacks #LeadPoisoning #AncientRome #WeirdHistory #HistoryTok #FactsOrWhacks,#LeadPoisoning #AncientRome #WeirdHistory #HistoryTok #FactsOrWhacks,Lead Poisoning Roman Empire. Sweet wine. Dying EMPIRE. Romans used lead pipes and lead acetate sweetener. Lead poisoning caused mental decline.,365,365,facts-or-whacks-videos/365-lead-poisoning-roman-empire.mp4,facts-or-whacks-videos-351-395.zip,videos_30s_pack_351_395.zip,365-lead-poisoning-roman-empire.webp,Lead Poisoning Roman Empire,,@FactsOrWhacks,30,Dr Abhijit Datir · CC BY-SA 3.0
366-antikythera-mechanism.mp4,Antikythera Mechanism (1901). 2000-year-old COMPUTER. Discovered 1901 in Greek shipwreck. Ancient analog computer tracked astronomical positions. @FactsOrWhacks #Antikythera #AncientGreece #Mystery #HistoryTok #FactsOrWhacks,#Antikythera #AncientGreece #Mystery #HistoryTok #FactsOrWhacks,Antikythera Mechanism (1901). 2000-year-old COMPUTER. Discovered 1901 in Greek shipwreck. Ancient analog computer tracked astronomical positions.,366,366,facts-or-whacks-videos/366-antikythera-mechanism.mp4,facts-or-whacks-videos-351-395.zip,videos_30s_pack_351_395.zip,366-antikythera-mechanism.webp,Antikythera Mechanism,1901,@FactsOrWhacks,30,Logg Tandy · CC BY 4.0
367-tarrare-the-insatiable.mp4,Tarrare the Insatiable. He ate EVERYTHING. French soldier 1770s-1790s ate constantly. Ate live animals corks and stones. @FactsOrWhacks #Tarrare #WeirdHistory #MedicalHistory #HistoryTok #FactsOrWhacks,#Tarrare #WeirdHistory #MedicalHistory #HistoryTok #FactsOrWhacks,Tarrare the Insatiable. He ate EVERYTHING. French soldier 1770s-1790s ate constantly. Ate live animals corks and stones.,367,367,facts-or-whacks-videos/367-tarrare-the-insatiable.mp4,facts-or-whacks-videos-351-395.zip,videos_30s_pack_351_395.zip,367-tarrare-the-insatiable.webp,Tarrare the Insatiable,,@FactsOrWhacks,30,Unknown author Unknown author · Public domain
368-voynich-manuscript.mp4,Voynich Manuscript (1912). 500 years. Still UNREAD. Mysterious illustrated manuscript 15th century. Written in unknown script never decoded. @FactsOrWhacks #VoynichManuscript #Mystery #WeirdHistory #HistoryTok #FactsOrWhacks,#VoynichManuscript #Mystery #WeirdHistory #HistoryTok #FactsOrWhacks,Voynich Manuscript (1912). 500 years. Still UNREAD. Mysterious illustrated manuscript 15th century. Written in unknown script never decoded.,368,368,facts-or-whacks-videos/368-voynich-manuscript.mp4,facts-or-whacks-videos-351-395.zip,videos_30s_pack_351_395.zip,368-voynich-manuscript.webp,Voynich Manuscript,1912,@FactsOrWhacks,30,Unknown author Unknown author · Public domain
369-roman-concrete-secret.mp4,"Roman Concrete Secret. 2,000 years. Still STRONGER. Roman concrete stronger than modern versions. Self-healing properties from volcanic ash. @FactsOrWhacks #RomanConcrete #AncientRome #Engineering #HistoryTok #FactsOrWhacks",#RomanConcrete #AncientRome #Engineering #HistoryTok #FactsOrWhacks,"Roman Concrete Secret. 2,000 years. Still STRONGER. Roman concrete stronger than modern versions. Self-healing properties from volcanic ash.",369,369,facts-or-whacks-videos/369-roman-concrete-secret.mp4,facts-or-whacks-videos-351-395.zip,videos_30s_pack_351_395.zip,369-roman-concrete-secret.webp,Roman Concrete Secret,,@FactsOrWhacks,30,No machine-readable author provided. AlMare assumed (based on copyright… · Public domain
370-boston-molasses-flood.mp4,"Boston Molasses Flood (1919). 15 feet of SWEET death. January 15, 1919 storage tank burst Boston. 2.3 million gallons molasses flooded streets. @FactsOrWhacks #MolassesFlood #WeirdHistory #Boston #HistoryTok #FactsOrWhacks",#MolassesFlood #WeirdHistory #Boston #HistoryTok #FactsOrWhacks,"Boston Molasses Flood (1919). 15 feet of SWEET death. January 15, 1919 storage tank burst Boston. 2.3 million gallons molasses flooded streets.",370,370,facts-or-whacks-videos/370-boston-molasses-flood.mp4,facts-or-whacks-videos-351-395.zip,videos_30s_pack_351_395.zip,370-boston-molasses-flood.webp,Boston Molasses Flood,1919,@FactsOrWhacks,30,BPL · Public domain
371-queen-elizabeth-i.mp4,Queen Elizabeth I (1603). Virgin Queen. Empire BUILT. Reigned England 1558-1603 45 years. Defeated Spanish Armada 1588. @FactsOrWhacks #ElizabethI #BritishHistory #Queens #HistoryTok #FactsOrWhacks,#ElizabethI #BritishHistory #Queens #HistoryTok #FactsOrWhacks,Queen Elizabeth I (1603). Virgin Queen. Empire BUILT. Reigned England 1558-1603 45 years. Defeated Spanish Armada 1588.,371,371,facts-or-whacks-videos/371-queen-elizabeth-i.mp4,facts-or-whacks-videos-351-395.zip,videos_30s_pack_351_395.zip,371-queen-elizabeth-i.webp,Queen Elizabeth I,1603,@FactsOrWhacks,30,After Levina Teerlinc · Public domain
372-catherine-the-great.mp4,Catherine the Great (1796). She modernized RUSSIA. Empress of Russia 1762-1796. Expanded empire and modernized administration. @FactsOrWhacks #CatherineTheGreat #Russia #Queens #HistoryTok #FactsOrWhacks,#CatherineTheGreat #Russia #Queens #HistoryTok #FactsOrWhacks,Catherine the Great (1796). She modernized RUSSIA. Empress of Russia 1762-1796. Expanded empire and modernized administration.,372,372,facts-or-whacks-videos/372-catherine-the-great.mp4,facts-or-whacks-videos-351-395.zip,videos_30s_pack_351_395.zip,372-catherine-the-great.webp,Catherine the Great,1796,@FactsOrWhacks,30,anonymous · Public domain
373-queen-victoria.mp4,Queen Victoria (1901). Empire where sun never SET. Reigned Britain 1837-1901 63 years. British Empire at peak quarter of Earth. @FactsOrWhacks #QueenVictoria #BritishEmpire #Victorian #HistoryTok #FactsOrWhacks,#QueenVictoria #BritishEmpire #Victorian #HistoryTok #FactsOrWhacks,Queen Victoria (1901). Empire where sun never SET. Reigned Britain 1837-1901 63 years. British Empire at peak quarter of Earth.,373,373,facts-or-whacks-videos/373-queen-victoria.mp4,facts-or-whacks-videos-351-395.zip,videos_30s_pack_351_395.zip,373-queen-victoria.webp,Queen Victoria,1901,@FactsOrWhacks,30,Alexander Bassano · Public domain
374-winston-churchill.mp4,Winston Churchill (1940). We shall NEVER surrender. British PM during WWII 1940-1945. Rallied nation during Blitz with speeches. @FactsOrWhacks #Churchill #WW2 #BritishHistory #HistoryTok #FactsOrWhacks,#Churchill #WW2 #BritishHistory #HistoryTok #FactsOrWhacks,Winston Churchill (1940). We shall NEVER surrender. British PM during WWII 1940-1945. Rallied nation during Blitz with speeches.,374,374,facts-or-whacks-videos/374-winston-churchill.mp4,facts-or-whacks-videos-351-395.zip,videos_30s_pack_351_395.zip,374-winston-churchill.webp,Winston Churchill,1940,@FactsOrWhacks,30,Yousuf Karsh · Public domain
375-che-guevara.mp4,Che Guevara (1967). Revolutionary ICON. Argentine Marxist revolutionary 1928-1967. Che Guevara was fought alongside Castro in Cuban Revolution. @FactsOrWhacks #CheGuevara #Revolution #LatinAmerica #HistoryTok #FactsOrWhacks,#CheGuevara #Revolution #LatinAmerica #HistoryTok #FactsOrWhacks,Che Guevara (1967). Revolutionary ICON. Argentine Marxist revolutionary 1928-1967. Che Guevara was fought alongside Castro in Cuban Revolution.,375,375,facts-or-whacks-videos/375-che-guevara.mp4,facts-or-whacks-videos-351-395.zip,videos_30s_pack_351_395.zip,375-che-guevara.webp,Che Guevara,1967,@FactsOrWhacks,30,René Burri (1933-2014) · Public domain
376-mao-zedong.mp4,Mao Zedong (1919). One man. 45 million DEAD. Founded People's Republic of China 1949. Great Leap Forward killed estimated 45 million. @FactsOrWhacks #MaoZedong #China #Revolution #HistoryTok #FactsOrWhacks,#MaoZedong #China #Revolution #HistoryTok #FactsOrWhacks,Mao Zedong (1919). One man. 45 million DEAD. Founded People's Republic of China 1949. Great Leap Forward killed estimated 45 million.,376,376,facts-or-whacks-videos/376-mao-zedong.mp4,facts-or-whacks-videos-351-395.zip,videos_30s_pack_351_395.zip,376-mao-zedong.webp,Mao Zedong,1919,@FactsOrWhacks,30,Unknown photographer Unknown photographer at the source. Photo distribu… · Public domain
377-fidel-castro.mp4,Fidel Castro (2008). 800 attempts. Still ALIVE. Led Cuban Revolution 1959 overthrew Batista. Survived estimated 638 CIA assassination attempts. @FactsOrWhacks #FidelCastro #Cuba #ColdWar #HistoryTok #FactsOrWhacks,#FidelCastro #Cuba #ColdWar #HistoryTok #FactsOrWhacks,Fidel Castro (2008). 800 attempts. Still ALIVE. Led Cuban Revolution 1959 overthrew Batista. Survived estimated 638 CIA assassination attempts.,377,377,facts-or-whacks-videos/377-fidel-castro.mp4,facts-or-whacks-videos-351-395.zip,videos_30s_pack_351_395.zip,377-fidel-castro.webp,Fidel Castro,2008,@FactsOrWhacks,30,"Photo: Antonio Milena - ABr Editing: Lucas (crop, blur, retouch, color,… · CC BY 3.0 br"
378-eva-peron.mp4,Eva Peron (1952). Don't cry for me ARGENTINA. First Lady of Argentina 1946-1952. Champion of descamisados working poor. @FactsOrWhacks #Evita #Argentina #WomensHistory #HistoryTok #FactsOrWhacks,#Evita #Argentina #WomensHistory #HistoryTok #FactsOrWhacks,Eva Peron (1952). Don't cry for me ARGENTINA. First Lady of Argentina 1946-1952. Champion of descamisados working poor.,378,378,facts-or-whacks-videos/378-eva-peron.mp4,facts-or-whacks-videos-351-395.zip,videos_30s_pack_351_395.zip,378-eva-peron.webp,Eva Peron,1952,@FactsOrWhacks,30,Annemarie Heinrich · Public domain
379-akbar-the-great.mp4,Akbar the Great (1605). Muslim emperor. Hindu ALLY. Mughal emperor 1556-1605. Expanded empire across most of India. @FactsOrWhacks #Akbar #IndianHistory #Mughal #HistoryTok #FactsOrWhacks,#Akbar #IndianHistory #Mughal #HistoryTok #FactsOrWhacks,Akbar the Great (1605). Muslim emperor. Hindu ALLY. Mughal emperor 1556-1605. Expanded empire across most of India.,379,379,facts-or-whacks-videos/379-akbar-the-great.mp4,facts-or-whacks-videos-351-395.zip,videos_30s_pack_351_395.zip,379-akbar-the-great.webp,Akbar the Great,1605,@FactsOrWhacks,30,Kunal · CC BY-SA 4.0
380-saladin.mp4,Saladin (1193). Crusaders' worthy ENEMY. Kurdish Muslim leader 1137-1193. Recaptured Jerusalem from Crusaders 1187. @FactsOrWhacks #Saladin #Crusades #MiddleEast #HistoryTok #FactsOrWhacks,#Saladin #Crusades #MiddleEast #HistoryTok #FactsOrWhacks,Saladin (1193). Crusaders' worthy ENEMY. Kurdish Muslim leader 1137-1193. Recaptured Jerusalem from Crusaders 1187.,380,380,facts-or-whacks-videos/380-saladin.mp4,facts-or-whacks-videos-351-395.zip,videos_30s_pack_351_395.zip,380-saladin.webp,Saladin,1193,@FactsOrWhacks,30,Classical Numismatic Group (CNG) · CC BY-SA 2.5
381-richard-the-lionheart.mp4,Richard the Lionheart (1189). King who never saw ENGLAND. King of England 1189-1199. Spent only 6 months in England during reign. @FactsOrWhacks #RichardTheLionheart #Crusades #BritishHistory #HistoryTok #FactsOrWhacks,#RichardTheLionheart #Crusades #BritishHistory #HistoryTok #FactsOrWhacks,Richard the Lionheart (1189). King who never saw ENGLAND. King of England 1189-1199. Spent only 6 months in England during reign.,381,381,facts-or-whacks-videos/381-richard-the-lionheart.mp4,facts-or-whacks-videos-351-395.zip,videos_30s_pack_351_395.zip,381-richard-the-lionheart.webp,Richard the Lionheart,1189,@FactsOrWhacks,30,Adam Bishop · CC BY-SA 3.0
382-tokugawa-ieyasu.mp4,Tokugawa Ieyasu (1616). Unified Japan. Closed it OFF. Founded Tokugawa shogunate 1603. Unified Japan after century of civil war. @FactsOrWhacks #Tokugawa #JapaneseHistory #Samurai #HistoryTok #FactsOrWhacks,#Tokugawa #JapaneseHistory #Samurai #HistoryTok #FactsOrWhacks,Tokugawa Ieyasu (1616). Unified Japan. Closed it OFF. Founded Tokugawa shogunate 1603. Unified Japan after century of civil war.,382,382,facts-or-whacks-videos/382-tokugawa-ieyasu.mp4,facts-or-whacks-videos-351-395.zip,videos_30s_pack_351_395.zip,382-tokugawa-ieyasu.webp,Tokugawa Ieyasu,1616,@FactsOrWhacks,30,Traditionally attributed to Kano Tan'yu. Owned by the 7th Owari Tokugaw… · Public domain
383-great-famine-ireland.mp4,Great Famine Ireland (1852). Potato blight. 1 million DEAD. 1845-1852 potato crop failed repeatedly. 1 million died 1 million emigrated. @FactsOrWhacks #IrishFamine #Ireland #Disaster #HistoryMatters #FactsOrWhacks,#IrishFamine #Ireland #Disaster #HistoryMatters #FactsOrWhacks,Great Famine Ireland (1852). Potato blight. 1 million DEAD. 1845-1852 potato crop failed repeatedly. 1 million died 1 million emigrated.,383,383,facts-or-whacks-videos/383-great-famine-ireland.mp4,facts-or-whacks-videos-351-395.zip,videos_30s_pack_351_395.zip,383-great-famine-ireland.webp,Great Famine Ireland,1852,@FactsOrWhacks,30,James Mahony · Public domain
384-tulip-mania.mp4,Tulip Mania (1636). One bulb. Price of a HOUSE. Dutch tulip bubble 1636-1637. Single tulip bulb cost more than a house. @FactsOrWhacks #TulipMania #Economics #WeirdHistory #HistoryTok #FactsOrWhacks,#TulipMania #Economics #WeirdHistory #HistoryTok #FactsOrWhacks,Tulip Mania (1636). One bulb. Price of a HOUSE. Dutch tulip bubble 1636-1637. Single tulip bulb cost more than a house.,384,384,facts-or-whacks-videos/384-tulip-mania.mp4,facts-or-whacks-videos-351-395.zip,videos_30s_pack_351_395.zip,384-tulip-mania.webp,Tulip Mania,1636,@FactsOrWhacks,30,Jan Brueghel the Younger · Public domain
385-south-sea-bubble.mp4,South Sea Bubble (1720). Stock fraud. Newton LOST. British South Sea Company 1720. Stock soared then collapsed spectacularly. @FactsOrWhacks #SouthSeaBubble #Economics #BritishHistory #HistoryTok #FactsOrWhacks,#SouthSeaBubble #Economics #BritishHistory #HistoryTok #FactsOrWhacks,South Sea Bubble (1720). Stock fraud. Newton LOST. British South Sea Company 1720. Stock soared then collapsed spectacularly.,385,385,facts-or-whacks-videos/385-south-sea-bubble.mp4,facts-or-whacks-videos-351-395.zip,videos_30s_pack_351_395.zip,385-south-sea-bubble.webp,South Sea Bubble,1720,@FactsOrWhacks,30,Edward Matthew Ward · Public domain
386-bretton-woods-agreement.mp4,Bretton Woods Agreement (1971). Dollar ruled the WORLD. 1944 conference shaped post-WWII economy. Dollar pegged to gold other currencies to dollar. @FactsOrWhacks #BrettonWoods #Economics #WW2 #HistoryFacts #FactsOrWhacks,#BrettonWoods #Economics #WW2 #HistoryFacts #FactsOrWhacks,Bretton Woods Agreement (1971). Dollar ruled the WORLD. 1944 conference shaped post-WWII economy. Dollar pegged to gold other currencies to dollar.,386,386,facts-or-whacks-videos/386-bretton-woods-agreement.mp4,facts-or-whacks-videos-351-395.zip,videos_30s_pack_351_395.zip,386-bretton-woods-agreement.webp,Bretton Woods Agreement,1971,@FactsOrWhacks,30,Wikideas1 · CC0
387-opec-oil-crisis-1973.mp4,OPEC Oil Crisis 1973 (1973). Gas lines. Economy SHOOK. OPEC embargo after Yom Kippur War October 1973. Oil prices quadrupled overnight. @FactsOrWhacks #OPEC #OilCrisis #1970s #HistoryTok #FactsOrWhacks,#OPEC #OilCrisis #1970s #HistoryTok #FactsOrWhacks,OPEC Oil Crisis 1973 (1973). Gas lines. Economy SHOOK. OPEC embargo after Yom Kippur War October 1973. Oil prices quadrupled overnight.,387,387,facts-or-whacks-videos/387-opec-oil-crisis-1973.mp4,facts-or-whacks-videos-351-395.zip,videos_30s_pack_351_395.zip,387-opec-oil-crisis-1973.webp,OPEC Oil Crisis 1973,1973,@FactsOrWhacks,30,U.S. Energy Information Administration · Public domain
388-hyperinflation-weimar-germany.mp4,Hyperinflation Weimar Germany (1923). Wheelbarrows of CASH. 1921-1923 German mark collapsed. Prices doubled every few days. @FactsOrWhacks #Hyperinflation #WeimarGermany #Economics #HistoryTok #FactsOrWhacks,#Hyperinflation #WeimarGermany #Economics #HistoryTok #FactsOrWhacks,Hyperinflation Weimar Germany (1923). Wheelbarrows of CASH. 1921-1923 German mark collapsed. Prices doubled every few days.,388,388,facts-or-whacks-videos/388-hyperinflation-weimar-germany.mp4,facts-or-whacks-videos-351-395.zip,videos_30s_pack_351_395.zip,388-hyperinflation-weimar-germany.webp,Hyperinflation Weimar Germany,1923,@FactsOrWhacks,30,Unknown author Unknown author · CC BY-SA 3.0 de
389-enron-scandal.mp4,Enron Scandal (2001). Smartest guys. Biggest FRAUD. Energy company collapsed December 2001. Accounting fraud hid billions in debt. @FactsOrWhacks #Enron #CorporateCrime #Economics #HistoryTok #FactsOrWhacks,#Enron #CorporateCrime #Economics #HistoryTok #FactsOrWhacks,Enron Scandal (2001). Smartest guys. Biggest FRAUD. Energy company collapsed December 2001. Accounting fraud hid billions in debt.,389,389,facts-or-whacks-videos/389-enron-scandal.mp4,facts-or-whacks-videos-351-395.zip,videos_30s_pack_351_395.zip,389-enron-scandal.webp,Enron Scandal,2001,@FactsOrWhacks,30,Alex · CC BY 2.0
390-lehman-brothers-collapse.mp4,"Lehman Brothers Collapse (2008). One bank. Global CRASH. Filed bankruptcy September 15, 2008. Largest bankruptcy in US history. @FactsOrWhacks #LehmanBrothers #FinancialCrisis #2008 #HistoryTok #FactsOrWhacks",#LehmanBrothers #FinancialCrisis #2008 #HistoryTok #FactsOrWhacks,"Lehman Brothers Collapse (2008). One bank. Global CRASH. Filed bankruptcy September 15, 2008. Largest bankruptcy in US history.",390,390,facts-or-whacks-videos/390-lehman-brothers-collapse.mp4,facts-or-whacks-videos-351-395.zip,videos_30s_pack_351_395.zip,390-lehman-brothers-collapse.webp,Lehman Brothers Collapse,2008,@FactsOrWhacks,30,David Shankbone · CC BY-SA 3.0
391-wall-street-crash-1929.mp4,"Wall Street Crash 1929 (1929). Black Tuesday. Everything FELL. October 29, 1929 stock market collapsed. Lost $14 billion in one day. @FactsOrWhacks #BlackTuesday #GreatDepression #Economics #HistoryTok #FactsOrWhacks",#BlackTuesday #GreatDepression #Economics #HistoryTok #FactsOrWhacks,"Wall Street Crash 1929 (1929). Black Tuesday. Everything FELL. October 29, 1929 stock market collapsed. Lost $14 billion in one day.",391,391,facts-or-whacks-videos/391-wall-street-crash-1929.mp4,facts-or-whacks-videos-351-395.zip,videos_30s_pack_351_395.zip,391-wall-street-crash-1929.webp,Wall Street Crash 1929,1929,@FactsOrWhacks,30,US-gov · Public domain
392-gold-standard-end.mp4,Gold Standard End (1971). Nixon shock. Money UNANCHORED. Nixon ended dollar-gold convertibility August 1971. Ended Bretton Woods system. @FactsOrWhacks #GoldStandard #Economics #1970s #HistoryFacts #FactsOrWhacks,#GoldStandard #Economics #1970s #HistoryFacts #FactsOrWhacks,Gold Standard End (1971). Nixon shock. Money UNANCHORED. Nixon ended dollar-gold convertibility August 1971. Ended Bretton Woods system.,392,392,facts-or-whacks-videos/392-gold-standard-end.mp4,facts-or-whacks-videos-351-395.zip,videos_30s_pack_351_395.zip,392-gold-standard-end.webp,Gold Standard End,1971,@FactsOrWhacks,30,Anonimski · CC0
393-marshall-plan.mp4,Marshall Plan (1952). America rebuilt ENEMIES. US aid to rebuild Western Europe 1948-1952. $13 billion equivalent $150 billion today. @FactsOrWhacks #MarshallPlan #WW2 #Economics #HistoryTok #FactsOrWhacks,#MarshallPlan #WW2 #Economics #HistoryTok #FactsOrWhacks,Marshall Plan (1952). America rebuilt ENEMIES. US aid to rebuild Western Europe 1948-1952. $13 billion equivalent $150 billion today.,393,393,facts-or-whacks-videos/393-marshall-plan.mp4,facts-or-whacks-videos-351-395.zip,videos_30s_pack_351_395.zip,393-marshall-plan.webp,Marshall Plan,1952,@FactsOrWhacks,30,Unknown author Unknown author · Public domain
394-east-india-company-collapse.mp4,East India Company Collapse (1874). Too big. Then BROKE. Most powerful corporation in history. Ruled India with private army. @FactsOrWhacks #EastIndiaCompany #BritishEmpire #Economics #HistoryTok #FactsOrWhacks,#EastIndiaCompany #BritishEmpire #Economics #HistoryTok #FactsOrWhacks,East India Company Collapse (1874). Too big. Then BROKE. Most powerful corporation in history. Ruled India with private army.,394,394,facts-or-whacks-videos/394-east-india-company-collapse.mp4,facts-or-whacks-videos-351-395.zip,videos_30s_pack_351_395.zip,394-east-india-company-collapse.webp,East India Company Collapse,1874,@FactsOrWhacks,30,Unknown author Unknown author · Public domain
395-ataturk-modern-turkey.mp4,Ataturk Modern Turkey (1923). He banned the FEZ. Mustafa Kemal founded modern Turkey 1923. Abolished Ottoman sultanate and caliphate. @FactsOrWhacks #Ataturk #Turkey #Modernization #HistoryTok #FactsOrWhacks,#Ataturk #Turkey #Modernization #HistoryTok #FactsOrWhacks,Ataturk Modern Turkey (1923). He banned the FEZ. Mustafa Kemal founded modern Turkey 1923. Abolished Ottoman sultanate and caliphate.,395,395,facts-or-whacks-videos/395-ataturk-modern-turkey.mp4,facts-or-whacks-videos-351-395.zip,videos_30s_pack_351_395.zip,395-ataturk-modern-turkey.webp,Ataturk Modern Turkey,1923,@FactsOrWhacks,30,Unknown author Unknown author · Public domain
396-dolly-parton.mp4,"She wrote “Jolene” and “I Will Always Love You” in the same writing streak. Elvis wanted half the publishing. She said no. Whitney still made it a global anthem. Then she built a theme park, mailed 200 million free books, and dropped a million on COVID vaccine research. The blueprint. Since 1946. @FactsOrWhacks #DollyParton #Jolene #IWillAlwaysLoveYou #CountryMusic #MusicHistory #HistoryTok #DidYouKnow #FactsOrWhacks",#DollyParton #Jolene #IWillAlwaysLoveYou #CountryMusic #MusicHistory #HistoryTok #DidYouKnow #FactsOrWhacks,"She wrote “Jolene” and “I Will Always Love You” in the same writing streak. Elvis wanted half the publishing. She said no. Whitney still made it a global anthem. Then she built a theme park, mailed 200 million free books, and dropped a million on COVID vaccine research. The blueprint. Since 1946.",396,396,extra/396-dolly-parton.mp4,,,396-dolly-parton.png,Dolly Parton,1973,@FactsOrWhacks,30,"Photo: Curtis Hilbun, 2010 · CC BY 3.0"
397-tim-curry.mp4,"He turned a midnight movie into a 50-year party. Frank-N-Furter. Pennywise. Wadsworth. Nigel Thornberry. Same voice. Zero repeats. Tim Curry, 1946–2026. The villain era lasted five decades. @FactsOrWhacks #TimCurry #RockyHorror #RipTimCurry #Pennywise #Clue #MovieTok #HistoryTok #FactsOrWhacks",#TimCurry #RockyHorror #RipTimCurry #Pennywise #Clue #MovieTok #HistoryTok #FactsOrWhacks,"He turned a midnight movie into a 50-year party. Frank-N-Furter. Pennywise. Wadsworth. Nigel Thornberry. Same voice. Zero repeats. Tim Curry, 1946–2026. The villain era lasted five decades.",397,397,extra/397-tim-curry.mp4,,,397-tim-curry.png,Tim Curry,1946–2026,@FactsOrWhacks,30,"Photo: Kevin Paul, 2025 · CC BY 4.0"
398-peter-cullen.mp4,"He based Optimus Prime on his brother the Marine: tough enough to be gentle. Then he led Autobots for forty years, voiced Eeyore, and became the West’s first Mario. Peter Cullen, 1941–2026. The quiet hero in a thousand living rooms. @FactsOrWhacks #PeterCullen #OptimusPrime #Transformers #RipPeterCullen #Eeyore #VoiceActing #HistoryTok #FactsOrWhacks",#PeterCullen #OptimusPrime #Transformers #RipPeterCullen #Eeyore #VoiceActing #HistoryTok #FactsOrWhacks,"He based Optimus Prime on his brother the Marine: tough enough to be gentle. Then he led Autobots for forty years, voiced Eeyore, and became the West’s first Mario. Peter Cullen, 1941–2026. The quiet hero in a thousand living rooms.",398,398,extra/398-peter-cullen.mp4,,,398-peter-cullen.png,Peter Cullen,1941–2026,@FactsOrWhacks,30,"Photo: Pedro Heshike, 2023 · CC BY 2.0"
399-hayden-panettiere.mp4,"She made cheerleaders superheroes and country stars complicated. Claire Bennet. Juliette Barnes. Kirby Reed. Same fire. Hayden Panettiere, 1989–2026. Thirty-six years was not enough. @FactsOrWhacks #HaydenPanettiere #Heroes #Nashville #Scream #RipHaydenPanettiere #MovieTok #HistoryTok #FactsOrWhacks",#HaydenPanettiere #Heroes #Nashville #Scream #RipHaydenPanettiere #MovieTok #HistoryTok #FactsOrWhacks,"She made cheerleaders superheroes and country stars complicated. Claire Bennet. Juliette Barnes. Kirby Reed. Same fire. Hayden Panettiere, 1989–2026. Thirty-six years was not enough.",399,399,extra/399-hayden-panettiere.mp4,,,399-hayden-panettiere.png,Hayden Panettiere,1989–2026,@FactsOrWhacks,30,"Photo: Tabercil, 2011 · CC BY-SA 2.0"
