topic_number,title,hook,video_prompt,on_screen_bullets,image_url,hashtags,caption,image_credit,image_source
1,The Enlightenment,Reason changed the world forever.,"Create a 30-second history short about The Enlightenment. Hook: An intellectual movement that reshaped politics and science. Cover: Voltaire, Locke, and Rousseau challenged the authority of kings and churches across Europe. The Encyclopédie cataloged human knowledge and spread Enlightenment ideas to a wide audience. Enlightenment thinkers placed reason above superstition in politics, science, and daily life. Enlightenment ideals inspired revolutions in America, France, and beyond. Enlightenment philosophers championed free speech, religious tolerance, and individual rights. The Enlightenment peaked in 18th-century Europe and reshaped governments on both sides of the Atlantic. Salons and coffeehouses spread radical new ideas about liberty, science, and human rights. Enlightenment thinkers challenged absolute monarchy and helped inspire modern constitutional democracy.","Voltaire, Locke, and Rousseau challenged the authority of kings and churches across Europe. | The Encyclopédie cataloged human knowledge and spread Enlightenment ideas to a wide audience. | Enlightenment thinkers placed reason above superstition in politics, science, and daily life. | Enlightenment ideals inspired revolutions in America, France, and beyond. | Enlightenment philosophers championed free speech, religious tolerance, and individual rights. | The Enlightenment peaked in 18th-century Europe and reshaped governments on both sides of the Atlantic. | Salons and coffeehouses spread radical new ideas about liberty, science, and human rights. | Enlightenment thinkers challenged absolute monarchy and helped inspire modern constitutional democracy. | Hook: An intellectual movement that reshaped politics and science. | The Age of Reason changed everything. | They didn't just think — they rewrote the rules. #HistoryTok #Enlightenment #Philosophy #DidYouKnow Reason changed the world forever. | The Age of Enlightenment, also known as the Age of Reason or simply the Enlightenment, was a period of intellectual.",/images/catalog/001-the-enlightenment.jpg,#HistoryTok #Enlightenment #Philosophy #DidYouKnow,The Age of Reason changed everything. Voltaire. Locke. Rousseau. They didn't just think — they rewrote the rules. #HistoryTok #Enlightenment #Philosophy #DidYouKnow,Raphael · Public domain,https://commons.wikimedia.org/wiki/File:The_School_of_Athens_by_Raphael.jpg
2,American Revolution,1776: 13 colonies said NO to a king.,Create a 30-second history short about the American Revolution. Cover: Boston Tea Party — 342 chests dumped — a key part of the story of American Revolution. Declaration signed July 4 1776 — a key part of the story of American Revolution. Valley Forge nearly broke the army — a key part of the story of American Revolution. France's alliance turned the tide — a key part of the story of American Revolution. America was born 1783 — a key part of the story of American Revolution. Taxation without representation became the colonists' rallying cry against British rule. The war lasted from 1775 to 1783 and forged a new republic built on Enlightenment ideals. The Treaty of Paris in 1783 formally recognized American independence from Britain.,"Boston Tea Party — 342 chests dumped. | Declaration signed July 4 1776. | Valley Forge nearly broke the army. | France's alliance turned the tide. | Taxation without representation became the colonists' rallying cry against British rule. | The war lasted from 1775 to 1783 and forged a new republic built on Enlightenment ideals. | The Treaty of Paris in 1783 formally recognized American independence from Britain. | The American Revolution changed the world. #AmericanRevolution #USHistory #HistoryFacts #4thOfJuly 1776: 13 colonies said NO to a king. | The American Revolution was a political movement in the Thirteen Colonies of Great Britain. | It began as a rebellion and turned into a revolution eventually creating the sovereign United States, which was the. | The Second Continental Congress, as the provisional government, established the Continental Army and appointed. | The following year, the Congress passed the Lee Resolution on July 2nd and unanimously adopted the Declaration of.",/images/catalog/002-american-revolution.jpg,#AmericanRevolution #USHistory #HistoryFacts #4thOfJuly,13 colonies. One rebellion. A new republic. The American Revolution changed the world. #AmericanRevolution #USHistory #HistoryFacts #4thOfJuly,John Trumbull · Public domain,https://commons.wikimedia.org/wiki/File:Declaration_of_Independence_%281819%29%2C_by_John_Trumbull.jpg
3,French Revolution,They stormed a prison and changed EVERYTHING.,"Create a 30-second history short about the French Revolution. Cover: Bastille — July 14 1789 — a key part of the story of French Revolution. King Louis XVI guillotined — a key part of the story of French Revolution. Reign of Terror — a key part of the story of French Revolution. Women marched on Versailles — a key part of the story of French Revolution. Liberté Egalité Fraternité — a key part of the story of French Revolution. The revolution began when commoners stormed the Bastille prison on July 14, 1789. King Louis XVI was executed by guillotine in 1793, ending over a thousand years of French monarchy. The Reign of Terror saw thousands executed before Napoleon eventually seized power.","King Louis XVI guillotined. | Women marched on Versailles. | Liberté Egalité Fraternité. | The revolution began when commoners stormed the Bastille prison on July 14, 1789. | King Louis XVI was executed by guillotine in 1793, ending over a thousand years of French monarchy. | The Reign of Terror saw thousands executed before Napoleon eventually seized power. | Cover: Bastille — July 14 1789. | They stormed the Bastille. | France was never the same. #FrenchRevolution #HistoryTok #BastilleDay #WorldHistory They stormed a prison and changed EVERYTHING. | Period of political and societal change in France that began with the Estates General of 1789 and ended with the. | Many of the revolution's ideas are considered fundamental principles of liberal democracy, and its values remain. | It was caused by a combination of social, political, and economic factors which the existing regime proved unable to.",/images/catalog/003-french-revolution.jpg,#FrenchRevolution #HistoryTok #BastilleDay #WorldHistory,They stormed the Bastille. The king lost his head. France was never the same. #FrenchRevolution #HistoryTok #BastilleDay #WorldHistory,Jean-Pierre Houël · Public domain,https://commons.wikimedia.org/wiki/File:Prise_de_la_Bastille.jpg
4,Napoleon's Rise and Fall,5 foot 6 man conquered EUROPE.,"Create a 30-second history short about Napoleon. Cover: Austerlitz and Jena — unstoppable — a key part of the story of Napoleon's Rise and Fall. Napoleonic Code still shapes law — a key part of the story of Napoleon's Rise and Fall. Moscow 1812 — army froze — a key part of the story of Napoleon's Rise and Fall. Escaped Elba — a key part of the story of Napoleon's Rise and Fall. Waterloo ended it all — a key part of the story of Napoleon's Rise and Fall. Napoleon crowned himself Emperor of France in 1804, crowning a meteoric rise from artillery officer. His Napoleonic Code still influences legal systems across Europe and Latin America today. Defeated at Waterloo in 1815, he was exiled to Saint Helena where he died in 1821.","Austerlitz and Jena — unstoppable. | Napoleonic Code still shapes law. | Moscow 1812 — army froze. | Napoleon crowned himself Emperor of France in 1804, crowning a meteoric rise from artillery officer. | His Napoleonic Code still influences legal systems across Europe and Latin America today. | Defeated at Waterloo in 1815, he was exiled to Saint Helena where he died in 1821. | Napoleon changed Europe forever. #Napoleon #MilitaryHistory #Waterloo #HistoryTok 5 foot 6 man conquered EUROPE. | The Hundred Days marked the period between Napoleon's return from eleven months of exile on the island of Elba to. | This period saw the War of the Seventh Coalition, which includes the Waterloo campaign and the Neapolitan War as. | The phrase les Cent Jours was first used by the prefect of Paris, Gaspard, count of Chabrol, in his speech welcoming. | The Napoleonic Wars were a global series of conflicts fought by a fluctuating array of European coalitions against. | The wars originated in political forces arising from the French Revolution and French Revolutionary Wars and.",/images/catalog/004-napoleon-s-rise-and-fall.jpg,#Napoleon #MilitaryHistory #Waterloo #HistoryTok,One man. One empire. One legendary fall. Napoleon changed Europe forever. #Napoleon #MilitaryHistory #Waterloo #HistoryTok,Ruedi33a · CC BY-SA 4.0,https://commons.wikimedia.org/wiki/File:The_battles_of_Napoleon%27s_hundred_days.jpg
5,Haitian Revolution,Enslaved people defeated an EMPIRE.,"Create a 30-second history short about the Haitian Revolution. Cover: Only successful slave revolt in history — a key part of the story of Haitian Revolution. Toussaint Louverture led the fight — a key part of the story of Haitian Revolution. Independence Jan 1 1804 — a key part of the story of Haitian Revolution. First Black republic — a key part of the story of Haitian Revolution. Terrified the world — a key part of the story of Haitian Revolution. Toussaint Louverture led enslaved people in a revolt that defeated French, British, and Spanish forces. Haiti declared independence on January 1, 1804, becoming the first Black republic in the world. France later demanded crippling reparations that kept Haiti in debt for generations.","Only successful slave revolt in history. | Toussaint Louverture led the fight. | Toussaint Louverture led enslaved people in a revolt that defeated French, British, and Spanish forces. | Haiti declared independence on January 1, 1804, becoming the first Black republic in the world. | France later demanded crippling reparations that kept Haiti in debt for generations. | The revolution history tried to erase. #HaitianRevolution #BlackHistory #HiddenHistory #HistoryTok Enslaved people defeated an EMPIRE. | The Haitian Revolution, also known as the Haitian War of Independence, was a successful insurrection by enslaved. | The revolution was one of the only known slave rebellions in human history that led to the founding of a state which. | The 1804 Haiti massacre was a genocide carried out by Afro-Haitian soldiers, mostly former slaves, under orders from. | The Haitian Revolution defeated the French army in November 1803 and the Haitian Declaration of Independence. | From February 1804 until 22 April 1804, between 3,000 and 7,000 people were killed. | Vincent Ogé's 1790 revolt by free Mulattoes pressured the French Revolutionary government to grant them citizenship.",/images/catalog/005-haitian-revolution.jpg,#HaitianRevolution #BlackHistory #HiddenHistory #HistoryTok,They beat an empire. The revolution history tried to erase. #HaitianRevolution #BlackHistory #HiddenHistory #HistoryTok,January Suchodolski · Public domain,https://commons.wikimedia.org/wiki/File:Battle_for_Palm_Tree_Hill.jpg
6,Industrial Revolution,Steam power changed EVERYTHING in 50 years.,"Create a 30-second history short about the Industrial Revolution. Cover: Watt's steam engine 1769 — a key part of the story of Industrial Revolution. Cities exploded overnight — a key part of the story of Industrial Revolution. Child labor was the norm — a key part of the story of Industrial Revolution. Luddites smashed machines — a key part of the story of Industrial Revolution. Railroads changed travel forever — a key part of the story of Industrial Revolution. The Industrial Revolution began in Britain around 1760 and spread across Europe and North America. Factory work drew millions from farms into crowded cities, transforming society forever. Mechanization created vast wealth but also deep inequality and harsh working conditions.","Watt's steam engine 1769. | Cities exploded overnight. | Child labor was the norm. | Luddites smashed machines. | Railroads changed travel forever. | The Industrial Revolution began in Britain around 1760 and spread across Europe and North America. | Factory work drew millions from farms into crowded cities, transforming society forever. | Mechanization created vast wealth but also deep inequality and harsh working conditions. | The world was rebuilt in one generation. #IndustrialRevolution #SteamPunk #HistoryFacts #BritishHistory Steam power changed EVERYTHING in 50 years. | The Industrial Revolution, sometimes called the First Industrial Revolution in contrast to the subsequent Second. | Beginning in Great Britain around 1760, the Industrial Revolution had spread to continental Europe and the United. | Economic historians agree that the onset of the Industrial Revolution is the most important event in human history.",/images/catalog/006-industrial-revolution.jpg,#IndustrialRevolution #SteamPunk #HistoryFacts #BritishHistory,Factories. Steam. Cities overnight. The world was rebuilt in one generation. #IndustrialRevolution #SteamPunk #HistoryFacts #BritishHistory,Roantrum · CC BY 2.0,https://commons.wikimedia.org/wiki/File:Ironbridge_6.jpg
7,Lewis and Clark Expedition,8000 miles. No GPS. No roads.,"Create a 30-second history short about Lewis and Clark. Cover: St Louis to Pacific and back — a key part of the story of Lewis and Clark Expedition. Sacagawea saved the expedition — a key part of the story of Lewis and Clark Expedition. 300+ species documented — a key part of the story of Lewis and Clark Expedition. 50+ Native nations met — a key part of the story of Lewis and Clark Expedition. Only 1 death — a key part of the story of Lewis and Clark Expedition. President Thomas Jefferson commissioned the expedition to explore the newly acquired Louisiana Territory. The Corps of Discovery traveled roughly 8,000 miles from St. Louis to the Pacific and back. Their maps and journals opened the American West to settlement and trade.","St Louis to Pacific and back. | Sacagawea saved the expedition. | President Thomas Jefferson commissioned the expedition to explore the newly acquired Louisiana Territory. | The Corps of Discovery traveled roughly 8,000 miles from St. Louis to the Pacific and back. | Their maps and journals opened the American West to settlement and trade. | One legendary expedition. #LewisAndClark #AmericanHistory #Exploration #HistoryTok 8000 miles. | The Lewis and Clark Expedition, also known as the Corps of Discovery Expedition, was the United States expedition to. | The Corps of Discovery was a select group of U.S. | Army and civilian volunteers under the command of Captain Meriwether Lewis and his close friend Second Lieutenant. | Clark, along with 30 others, set out from Camp Dubois, Illinois, on May 14, 1804, met Lewis and ten other members of. | Charles, Missouri, then went up the Missouri River. | The expedition crossed the Continental Divide of the Americas near the Lemhi Pass, eventually coming to the Columbia.",/images/catalog/007-lewis-and-clark-expedition.jpg,#LewisAndClark #AmericanHistory #Exploration #HistoryTok,8000 miles. No GPS. One legendary expedition. #LewisAndClark #AmericanHistory #Exploration #HistoryTok,Wikimedia Commons · Public domain,https://commons.wikimedia.org/wiki/File:Lewis_and_Clark.jpg
8,Abolitionist Movement,Am I not a man and a brother?,"Create a 30-second history short about the abolitionist movement. Cover: Britain banned slave trade 1807 — a key part of the story of Abolitionist Movement. Frederick Douglass — legend — a key part of the story of Abolitionist Movement. Harriet Tubman — 70+ to freedom — a key part of the story of Abolitionist Movement. Emancipation Proclamation 1863 — a key part of the story of Abolitionist Movement. Freedom was fought for daily — a key part of the story of Abolitionist Movement. Frederick Douglass escaped slavery and became one of America's greatest orators and writers. Harriet Tubman's Underground Railroad helped more than 70 enslaved people reach freedom. The movement combined moral persuasion, legal action, and direct resistance to end slavery.","Britain banned slave trade 1807. | Frederick Douglass — legend. | Harriet Tubman — 70+ to freedom. | Emancipation Proclamation 1863. | Freedom was fought for daily. | Frederick Douglass escaped slavery and became one of America's greatest orators and writers. | Harriet Tubman's Underground Railroad helped more than 70 enslaved people reach freedom. | The movement combined moral persuasion, legal action, and direct resistance to end slavery. | The abolitionist fight. #Abolition #BlackHistory #FrederickDouglass #HistoryMatters Am I not a man and a brother? | Abolitionism, or the abolitionist movement, is the political movement to end slavery and liberate enslaved. | It gained momentum in the western world in the late 18th and 19th centuries. | In the United States, abolitionism, the movement that sought to end chattel slavery in the country, was active from.",/images/catalog/008-abolitionist-movement.jpg,#Abolition #BlackHistory #FrederickDouglass #HistoryMatters,Freedom wasn't given. It was taken. The abolitionist fight. #Abolition #BlackHistory #FrederickDouglass #HistoryMatters,Unknown photographer · Public domain,https://commons.wikimedia.org/wiki/File:Slavezanzibar2.JPG
9,California Gold Rush,One discovery. 300000 people RAN west.,"Create a 30-second history short about the California Gold Rush. Cover: Sutter's Mill — Jan 1848 — a key part of the story of California Gold Rush. SF: 200 to 36000 people — a key part of the story of California Gold Rush. Most miners made NOTHING — a key part of the story of California Gold Rush. Merchants got rich — a key part of the story of California Gold Rush. Rivers destroyed — a key part of the story of California Gold Rush. James Marshall discovered gold at Sutter's Mill in January 1848, sparking a global rush. San Francisco grew from about 200 residents to 36,000 in just a few years. Most prospectors earned little while merchants and suppliers became the real winners.","Sutter's Mill — Jan 1848. | Most miners made NOTHING. | James Marshall discovered gold at Sutter's Mill in January 1848, sparking a global rush. | San Francisco grew from about 200 residents to 36,000 in just a few years. | Most prospectors earned little while merchants and suppliers became the real winners. | One discovery. 300000 people. | A nation reshaped. #GoldRush #CaliforniaHistory #WildWest #HistoryTok One discovery. 300000 people RAN west. | The California gold rush was a gold rush in California, which began on January 24, 1848, when gold was found by. | Marshall at Sutter's Mill in Coloma, California. | The news of gold brought approximately 300,000 people from the rest of the United States and abroad to California. | The sudden influx of gold into the money supply reinvigorated the American economy; the sudden population increase. | The gold rush had severe effects on Native Californians and accelerated the Native American population's decline.",/images/catalog/009-california-gold-rush.jpg,#GoldRush #CaliforniaHistory #WildWest #HistoryTok,One discovery. 300000 people. A nation reshaped. #GoldRush #CaliforniaHistory #WildWest #HistoryTok,R. H. Vance · Public domain,https://commons.wikimedia.org/wiki/File:Sutters_Mill.jpg
10,Darwin and Evolution,One book destroyed how we see LIFE.,"Create a 30-second history short about Darwin and evolution. Cover: Origin of Species — 1859 — a key part of the story of Darwin and Evolution. Galapagos finches proved it — a key part of the story of Darwin and Evolution. 5 years on HMS Beagle — a key part of the story of Darwin and Evolution. Waited 20 years to publish — a key part of the story of Darwin and Evolution. Changed biology forever — a key part of the story of Darwin and Evolution. Darwin spent five years aboard HMS Beagle collecting specimens across South America and the Pacific. He waited over 20 years to publish, fearing backlash against his evolutionary theory. On the Origin of Species, published in 1859, became the foundation of modern biology.","Origin of Species — 1859. | Galapagos finches proved it. | Waited 20 years to publish. | Darwin spent five years aboard HMS Beagle collecting specimens across South America and the Pacific. | He waited over 20 years to publish, fearing backlash against his evolutionary theory. | On the Origin of Species, published in 1859, became the foundation of modern biology. | Darwin changed everything. #CharlesDarwin #Evolution #ScienceHistory #DidYouKnow One book destroyed how we see LIFE. | Charles Robert Darwin was an English naturalist, geologist, and biologist, widely known for his contributions to. | His proposition that all species of life have descended from a common ancestor is now generally accepted and. | In a joint presentation with Alfred Russel Wallace, he introduced his scientific theory that this branching pattern. | Darwin has been described as one of the most influential figures in human history and was honoured by burial in. | Darwinism is a term used to describe a theory of biological evolution developed by the English naturalist Charles.",/images/catalog/010-darwin-and-evolution.jpg,#CharlesDarwin #Evolution #ScienceHistory #DidYouKnow,One book. One theory. Life redefined. Darwin changed everything. #CharlesDarwin #Evolution #ScienceHistory #DidYouKnow,Charles_Darwin_seated.jpg : Henry Maull (1829–1914) and John Fox (1832–… · Public domain,https://commons.wikimedia.org/wiki/File:Charles_Darwin_seated_crop.jpg
11,American Civil War,Brother vs brother. 620000 DEAD.,"Create a 30-second history short about the American Civil War. Cover: 620000+ dead — a key part of the story of American Civil War. Antietam — deadliest day — a key part of the story of American Civil War. Gettysburg Address 1863 — a key part of the story of American Civil War. Emancipation Proclamation — a key part of the story of American Civil War. Lee surrendered 1865 — a key part of the story of American Civil War. The war began when Confederate forces fired on Fort Sumter in April 1861. An estimated 620,000 soldiers died, making it America's deadliest conflict at the time. The Union victory in 1865 ended slavery and preserved the United States as one nation.","Antietam — deadliest day. | Emancipation Proclamation. | The war began when Confederate forces fired on Fort Sumter in April 1861. | An estimated 620,000 soldiers died, making it America's deadliest conflict at the time. | The Union victory in 1865 ended slavery and preserved the United States as one nation. | Brother vs brother. 620000 dead. | Civil war in the United States between the Union and the Confederacy, which was formed in 1861 by states that had. | The South saw slavery as threatened because of the election of Abraham Lincoln and the growing abolitionist movement. | The war ended with Union victory, the dissolution of the Confederacy and the abolition of slavery, freeing four. | The following engagements took place in the year 1863 during the American Civil War. | During the year, Union forces captured the Confederate cities of Vicksburg and Port Hudson, giving them complete. | The American Civil War (April 12, 1861 – May 26, 1865.",/images/catalog/011-american-civil-war.jpg,#CivilWar #USHistory #AbrahamLincoln #HistoryTok,Brother vs brother. 620000 dead. A nation torn apart. #CivilWar #USHistory #AbrahamLincoln #HistoryTok,"Unknown author; Kurz & Allison, Art Publishers, Chicago, U.S.A. / Resto… · Public domain",https://commons.wikimedia.org/wiki/File:Battle_of_Antietam2.jpg
12,Transcontinental Railroad,Two railroads. One golden spike.,"Create a 30-second history short about the Transcontinental Railroad. Cover: Completed May 10 1869 — a key part of the story of Transcontinental Railroad. 20000+ Chinese laborers — a key part of the story of Transcontinental Railroad. Months to 7 days coast to coast — a key part of the story of Transcontinental Railroad. 130 million acres given away — a key part of the story of Transcontinental Railroad. Golden spike driven — a key part of the story of Transcontinental Railroad. The Central Pacific and Union Pacific railroads met at Promontory Summit, Utah, on May 10, 1869. More than 20,000 Chinese laborers built the treacherous western half through mountains and desert. The railroad cut cross-country travel from months to about seven days.","Months to 7 days coast to coast. | 130 million acres given away. | The Central Pacific and Union Pacific railroads met at Promontory Summit, Utah, on May 10, 1869. | More than 20,000 Chinese laborers built the treacherous western half through mountains and desert. | The railroad cut cross-country travel from months to about seven days. | Cover: Completed May 10 1869. | America connected. #TranscontinentalRailroad #AmericanHistory #RailroadHistory #HistoryFacts Two railroads. | A transcontinental railroad or transcontinental railway is contiguous railroad trackage that crosses a continental. | Such networks may be via the tracks of a single railroad, or via several railroads owned or controlled by multiple. | Although Europe is crisscrossed by railways, the railroads within Europe are usually not considered. | Transcontinental railroads helped open up interior regions of continents not previously colonized to exploration and. | In many cases, they also formed the backbones of cross-country passenger and freight transportation networks.",/images/catalog/012-transcontinental-railroad.jpg,#TranscontinentalRailroad #AmericanHistory #RailroadHistory #HistoryFacts,Two railroads. One spike. America connected. #TranscontinentalRailroad #AmericanHistory #RailroadHistory #HistoryFacts,United States Pacific Railway Commission. Digital image reconstruction… · CC BY-SA 3.0,https://commons.wikimedia.org/wiki/File:US_Pacific_Railroads_1887.jpg
13,Meiji Restoration,Japan feudal to world power in 40 YEARS.,"Create a 30-second history short about the Meiji Restoration. Cover: 250 years of shogunate — ended — a key part of the story of Meiji Restoration. Emperor Meiji restored 1868 — a key part of the story of Meiji Restoration. Samurai abolished — a key part of the story of Meiji Restoration. Beat China AND Russia — a key part of the story of Meiji Restoration. 40-year transformation — a key part of the story of Meiji Restoration. The Meiji Restoration began in 1868, ending over 250 years of Tokugawa shogunate rule. Japan rapidly adopted Western industry, military methods, and education to avoid colonization. Within decades Japan defeated China and Russia, proving its transformation to the world.","250 years of shogunate — ended. | Emperor Meiji restored 1868. | The Meiji Restoration began in 1868, ending over 250 years of Tokugawa shogunate rule. | Japan rapidly adopted Western industry, military methods, and education to avoid colonization. | Within decades Japan defeated China and Russia, proving its transformation to the world. | Feudal to world power in 40 years. | The Meiji Restoration , referred to at the time as the Honorable Restoration , was a political event that restored. | Although there were ruling emperors before the Meiji Restoration, the events restored practical power to, and. | The Restoration led to enormous changes in Japan's political and social structure and spanned both the late Edo. | The Meiji Restoration (明治維新, Meiji Ishin. | The origins of the Restoration lay in economic and political difficulties faced by the Tokugawa shogunate. | These problems were compounded by the encroachment of foreign powers in the region which challenged the Tokugawa.",/images/catalog/013-meiji-restoration.jpg,#MeijiRestoration #JapaneseHistory #Samurai #HistoryTok,Feudal to world power in 40 years. Japan's impossible leap. #MeijiRestoration #JapaneseHistory #Samurai #HistoryTok,Takahashi Yuichi (1828-1894) · Public domain,https://commons.wikimedia.org/wiki/File:Emperor_Meiji_by_Takahashi_Yuichi.jpg
14,Jack the Ripper,5 murders. 0 arrests. Still UNSOLVED.,"Create a 30-second history short about Jack the Ripper. Cover: 1888 — East End London — a key part of the story of Jack the Ripper. 5 murders 0 arrests — a key part of the story of Jack the Ripper. Letters signed Jack the Ripper. No DNA. No forensics — a key part of the story of Jack the Ripper. Still unsolved — a key part of the story of Jack the Ripper. Jack the Ripper killed at least five women in London's East End during the autumn of 1888. The killer taunted police and newspapers with letters signed 'Jack the Ripper.'. Despite massive investigation, no suspect was ever convicted and the case remains unsolved.","Letters signed Jack the Ripper. | Jack the Ripper killed at least five women in London's East End during the autumn of 1888. | Despite massive investigation, no suspect was ever convicted and the case remains unsolved. | Cover: 1888 — East End London. | Who was Jack? #JackTheRipper #TrueCrime #VictorianLondon #UnsolvedMystery 5 murders. 0 arrests. | Unidentified serial killer active in and around the impoverished Whitechapel district of the East End of London, in. | In both criminal case files and the contemporaneous journalistic accounts, the killer was also called the. | Attacks ascribed to Jack the Ripper typically involved women working as prostitutes who lived in the slums of the. | Their throats were cut prior to abdominal mutilations. | The removal of internal organs from at least three of the victims led to speculation that the killer had some. | Rumours that the murders were connected intensified in September and October 1888, and numerous letters were. | The name ""Jack the Ripper"" originated in the ""Dear Boss letter"" written by someone claiming to be the murderer.",/images/catalog/014-jack-the-ripper.jpg,#JackTheRipper #TrueCrime #VictorianLondon #UnsolvedMystery,5 murders. 0 arrests. 130+ years. Who was Jack? #JackTheRipper #TrueCrime #VictorianLondon #UnsolvedMystery,R. Taylor (R. & E. Taylor (Firm)) · Public domain,https://commons.wikimedia.org/wiki/File:JacktheRipper1888.jpg
15,Wright Brothers First Flight,12 seconds. Changed FOREVER.,"Create a 30-second history short about the Wright Brothers. Cover: Dec 17 1903 — Kitty Hawk — a key part of the story of Wright Brothers First Flight. 120 feet. 12 seconds — a key part of the story of Wright Brothers First Flight. Bicycle shop to aviation — a key part of the story of Wright Brothers First Flight. 66 years later — Moon landing — a key part of the story of Wright Brothers First Flight. Every plane uses their design — a key part of the story of Wright Brothers First Flight. Orville and Wilbur Wright ran a bicycle shop in Dayton, Ohio, before teaching themselves aerodynamics. Their Flyer achieved the first powered, controlled flight on December 17, 1903, at Kitty Hawk. Their three-axis control system remains fundamental to every aircraft flying today.","Dec 17 1903 — Kitty Hawk. | Bicycle shop to aviation. | 66 years later — Moon landing. | Every plane uses their design. | Orville and Wilbur Wright ran a bicycle shop in Dayton, Ohio, before teaching themselves aerodynamics. | Their Flyer achieved the first powered, controlled flight on December 17, 1903, at Kitty Hawk. | Their three-axis control system remains fundamental to every aircraft flying today. | The first flight. #WrightBrothers #AviationHistory #FirstFlight #HistoryTok 12 seconds. | The Wright brothers, Orville Wright and Wilbur Wright, were American aviation pioneers generally credited with. | They made the first controlled, sustained flight of an engine-powered, heavier-than-air aircraft with the Wright. | In 1904 the Wright brothers developed the Wright Flyer II, which made longer-duration flights including the first. | The brothers' breakthrough invention was their creation of a three-axis control system, which enabled the pilot to.",/images/catalog/015-wright-brothers-first-flight.jpg,#WrightBrothers #AviationHistory #FirstFlight #HistoryTok,12 seconds that changed humanity forever. The first flight. #WrightBrothers #AviationHistory #FirstFlight #HistoryTok,John T. Daniels · Public domain,https://commons.wikimedia.org/wiki/File:First_flight2.jpg
16,Sinking of the Titanic,Unsinkable. Sank in 3 HOURS.,"Create a 30-second history short about the Titanic. Cover: April 14 1912 — a key part of the story of Sinking of the Titanic. 1500+ died — a key part of the story of Sinking of the Titanic. Lifeboats for HALF the people — a key part of the story of Sinking of the Titanic. Band played as it sank — a key part of the story of Sinking of the Titanic. Warnings ignored — a key part of the story of Sinking of the Titanic. The Titanic struck an iceberg on April 14, 1912, and sank in roughly three hours. Of the 2,240 passengers and crew aboard, more than 1,500 lost their lives in the icy Atlantic. The disaster led to major reforms in maritime safety, including mandatory lifeboats for all.","Lifeboats for HALF the people. | The Titanic struck an iceberg on April 14, 1912, and sank in roughly three hours. | Of the 2,240 passengers and crew aboard, more than 1,500 lost their lives in the icy Atlantic. | The disaster led to major reforms in maritime safety, including mandatory lifeboats for all. | Hubris has a price. #Titanic #Shipwreck #1912 #HistoryTok Unsinkable. | RMS Titanic sank in the North Atlantic Ocean on 15 April 1912. | The largest ocean liner in service at the time, Titanic was four days into her maiden voyage from Southampton. | She sank two hours and forty minutes later at 02:20 ship's time on 15 April, resulting in the deaths of up to 1,635. | The musicians of the Titanic were an octet orchestra who performed chamber music in the first class section aboard. | Titanic's wireless operators received seven warnings of sea ice leading up to the night of 14 April, but was. | Unable to turn quickly enough, the ship suffered a glancing blow that buckled the steel plates covering her. | Titanic had been designed to stay afloat with up to four of her forward compartments flooded, and the crew used.",/images/catalog/016-sinking-of-the-titanic.jpg,#Titanic #Shipwreck #1912 #HistoryTok,Unsinkable. Sank in 3 hours. Hubris has a price. #Titanic #Shipwreck #1912 #HistoryTok,Francis Godolphin Osbourne Stuart · Public domain,https://commons.wikimedia.org/wiki/File:RMS_Titanic_3.jpg
17,World War I,One assassination. 20 MILLION dead.,"Create a 30-second history short about World War I. Cover: Franz Ferdinand shot — 1914 — a key part of the story of World War I. Trench warfare = hell — a key part of the story of World War I. Poison gas. Machine guns — a key part of the story of World War I. 20 million dead — a key part of the story of World War I. Armistice Nov 11 1918 — a key part of the story of World War I. Archduke Franz Ferdinand's assassination in Sarajevo on June 28, 1914, triggered the war. Trench warfare, poison gas, and machine guns made the Western Front a hellish stalemate. The Armistice on November 11, 1918, ended fighting but left a broken Europe ripe for future conflict.","Franz Ferdinand shot — 1914. | Poison gas. Machine guns. | Archduke Franz Ferdinand's assassination in Sarajevo on June 28, 1914, triggered the war. | Trench warfare, poison gas, and machine guns made the Western Front a hellish stalemate. | The Armistice on November 11, 1918, ended fighting but left a broken Europe ripe for future conflict. | One shot. 20 million dead. | The war that ended an era. #WorldWar1 #WW1 #TrenchWarfare #MilitaryHistory One assassination. 20 MILLION dead. | World War I, or the First World War, also known as the Great War, was a global conflict between two coalitions: the. | One of the deadliest conflicts in history, World War I resulted in an estimated 15 to 22 million deaths, including. | The war also helped spread the Spanish flu pandemic. | The conflict saw important developments in weaponry, including the first large-scale use of machine guns, artillery. | The causes of World War I included the rise of the German Empire, which disturbed the long-standing balance of power.",/images/catalog/017-world-war-i.jpg,#WorldWar1 #WW1 #TrenchWarfare #MilitaryHistory,One shot. 20 million dead. The war that ended an era. #WorldWar1 #WW1 #TrenchWarfare #MilitaryHistory,Collection DocAnciens/docpix.fr · Public domain,https://commons.wikimedia.org/wiki/File:Bataille_de_Verdun_1916.jpg
18,Russian Revolution,Two revolutions. One year. Empire gone.,"Create a 30-second history short about the Russian Revolution. Cover: Tsar executed with his family — a key part of the story of Russian Revolution. Lenin: Peace Land Bread — a key part of the story of Russian Revolution. USSR born 1922 — a key part of the story of Russian Revolution. Civil war killed millions — a key part of the story of Russian Revolution. Divided the world 70 years — a key part of the story of Russian Revolution. Two revolutions in 1917 overthrew the tsar and brought the Bolsheviks to power under Lenin. The Romanov family was executed in 1918, ending centuries of imperial Russian rule. The USSR formed in 1922 and became a global superpower that shaped the 20th century.","Tsar executed with his family. | Civil war killed millions. | Divided the world 70 years. | Two revolutions in 1917 overthrew the tsar and brought the Bolsheviks to power under Lenin. | The Romanov family was executed in 1918, ending centuries of imperial Russian rule. | The USSR formed in 1922 and became a global superpower that shaped the 20th century. | An empire erased. #RussianRevolution #SovietUnion #Lenin #HistoryTok Two revolutions. | Period of political and social change in Russia, starting in 1917. | This period saw Russia abolish its monarchy and adopt a socialist form of government following two successive. | It can be seen as the precursor for other revolutions that occurred in the aftermath of World War I, such as the. | Key event of the 20th century. | The Russian Revolution was inaugurated with the February Revolution in 1917, in the midst of World War I.",/images/catalog/018-russian-revolution.jpg,#RussianRevolution #SovietUnion #Lenin #HistoryTok,Two revolutions. One year. An empire erased. #RussianRevolution #SovietUnion #Lenin #HistoryTok,unknown; photo retake by George Shuklin · Public domain,https://commons.wikimedia.org/wiki/File:%D0%9C%D0%B8%D1%82%D0%B8%D0%BD%D0%B3_%D0%BD%D0%B0_%D0%9D%D0%B5%D0%B2%D1%81%D0%BA%D0%BE%D0%BC_%D0%BF%D1%80%D0%BE%D1%81%D0%BF%D0%B5%D0%BA%D1%82%D0%B5_%281917%29.jpg
19,Roaring Twenties,Jazz. Flappers. Then it all CRASHED.,Create a 30-second history short about the Roaring Twenties. Cover: Women got the vote — 1920 — a key part of the story of Roaring Twenties. Prohibition = speakeasies — a key part of the story of Roaring Twenties. Louis Armstrong & jazz — a key part of the story of Roaring Twenties. Flappers broke every rule — a key part of the story of Roaring Twenties. Crashed Oct 1929 — a key part of the story of Roaring Twenties. The 19th Amendment granted American women the right to vote in 1920. Prohibition from 1920 to 1933 banned alcohol and fueled a booming underground speakeasy culture. The stock market crash of October 1929 ended the decade and ushered in the Great Depression.,"Women got the vote — 1920. | Prohibition = speakeasies. | Flappers broke every rule. | The 19th Amendment granted American women the right to vote in 1920. | Prohibition from 1920 to 1933 banned alcohol and fueled a booming underground speakeasy culture. | The stock market crash of October 1929 ended the decade and ushered in the Great Depression. | Then everything collapsed. #RoaringTwenties #JazzAge #Flapper #1920s Jazz. | The Roaring Twenties, sometimes stylized as Roaring '20s, refers to the 1920s decade in music and fashion, as it. | It was a period of economic prosperity with a distinctive cultural edge in the United States and internationally. | In France, the decade was known as the années folles, emphasizing the era's social, artistic and cultural dynamism. | Jazz blossomed, the flapper redefined the modern look for British and American women, and Art Deco peaked. | The social and cultural features known as the Roaring Twenties began in leading metropolitan centers and spread.",/images/catalog/019-roaring-twenties.jpg,#RoaringTwenties #JazzAge #Flapper #1920s,Jazz. Flappers. Speakeasies. Then everything collapsed. #RoaringTwenties #JazzAge #Flapper #1920s,"Walery , Polish-British, 1863-1929 · Public domain",https://commons.wikimedia.org/wiki/File:Baker_Charleston.jpg
20,Discovery of Penicillin,Mold in a dish saved BILLIONS.,Create a 30-second history short about penicillin. Cover: Fleming — 1928 accident — a key part of the story of Discovery of Penicillin. Killed bacteria instantly — a key part of the story of Discovery of Penicillin. Mass-produced for WWII — a key part of the story of Discovery of Penicillin. Launched antibiotic era — a key part of the story of Discovery of Penicillin. Superbugs today — a key part of the story of Discovery of Penicillin. Alexander Fleming discovered penicillin by accident in 1928 when mold contaminated a petri dish. Scientists Florey and Chain later developed methods to mass-produce the antibiotic for WWII. Penicillin launched the antibiotic era and saved countless lives from bacterial infections.,"Killed bacteria instantly. | Alexander Fleming discovered penicillin by accident in 1928 when mold contaminated a petri dish. | Scientists Florey and Chain later developed methods to mass-produce the antibiotic for WWII. | Penicillin launched the antibiotic era and saved countless lives from bacterial infections. | Cover: Fleming — 1928 accident. | The greatest accident in science. #Penicillin #MedicalHistory #ScienceFacts #HistoryTok Mold in a dish saved BILLIONS. | The discovery of penicillin was one of the most important scientific discoveries in the history of medicine. | Ancient societies used moulds to treat infections and in the following centuries many people observed the inhibition. | While working at St Mary's Hospital in London in 1928, Scottish physician Alexander Fleming was the first to. | The mould was found to be a variant of Penicillium notatum, a contaminant of a bacterial culture in his laboratory. | The work on penicillin at St Mary's ended in 1929. | In 1939, a team of scientists at the Sir William Dunn School of Pathology at the University of Oxford, led by Howard.",/images/catalog/020-discovery-of-penicillin.jpg,#Penicillin #MedicalHistory #ScienceFacts #HistoryTok,Mold in a petri dish. Billions saved. The greatest accident in science. #Penicillin #MedicalHistory #ScienceFacts #HistoryTok,Science Museum London / Science and Society Picture Library · CC BY-SA 4.0,https://commons.wikimedia.org/wiki/File:Sample_of_penicillin_mould_presented_by_Alexander_Fleming_to_Douglas_Macleod%2C_1935_%289672239344%29.jpg
21,Great Depression,One crash. A decade of HELL.,"Create a 30-second history short about the Great Depression. Cover: Black Tuesday — Oct 29 1929 — a key part of the story of Great Depression. 25% unemployment — a key part of the story of Great Depression. Hoovervilles everywhere — a key part of the story of Great Depression. Dust Bowl destroyed farms — a key part of the story of Great Depression. WWII ended it — a key part of the story of Great Depression. Black Tuesday on October 29, 1929, saw the stock market lose billions in a single day. Unemployment in the United States eventually reached roughly 25 percent. Franklin Roosevelt's New Deal programs provided relief, recovery, and lasting reforms like Social Security.","Black Tuesday — Oct 29 1929. | Dust Bowl destroyed farms. | Black Tuesday on October 29, 1929, saw the stock market lose billions in a single day. | Unemployment in the United States eventually reached roughly 25 percent. | Franklin Roosevelt's New Deal programs provided relief, recovery, and lasting reforms like Social Security. | Could it happen again? #GreatDepression #1930s #AmericanHistory #HistoryTok One crash. | Severe global economic downturn from 1929 to 1939. | The period was characterized by high rates of unemployment and poverty, drastic reductions in industrial production. | The economic contagion began in 1929 in the United States, the largest economy in the world, with the devastating. | Among the countries with the most unemployed were the U.S., the United Kingdom, and Germany. | The Depression was preceded by a period of industrial growth and social development known as the ""Roaring Twenties"". | Much of the profit generated by the boom was invested in speculation, such as in the stock market, contributing to.",/images/catalog/021-great-depression.jpg,#GreatDepression #1930s #AmericanHistory #HistoryTok,One crash. A decade of hell. Could it happen again? #GreatDepression #1930s #AmericanHistory #HistoryTok,Dorothea Lange · Public domain,https://commons.wikimedia.org/wiki/File:Lange-MigrantMother02.jpg
22,World War II,70-85 MILLION dead. Deadliest war EVER.,"Create a 30-second history short about World War II. Cover: 70-85 million dead — a key part of the story of World War II. Holocaust — 6 million Jews — a key part of the story of World War II. Pearl Harbor 1941 — a key part of the story of World War II. D-Day — largest invasion — a key part of the story of World War II. Japan surrendered 1945 — a key part of the story of World War II. World War II killed an estimated 70 to 85 million people, the deadliest conflict in human history. The Holocaust systematically murdered six million Jews and millions of other victims. Allied victory in 1945 reshaped the global order and ushered in the nuclear age.","Holocaust — 6 million Jews. | D-Day — largest invasion. | World War II killed an estimated 70 to 85 million people, the deadliest conflict in human history. | The Holocaust systematically murdered six million Jews and millions of other victims. | Allied victory in 1945 reshaped the global order and ushered in the nuclear age. | Cover: 70-85 million dead. | The deadliest war in human history. | Never forget. #WorldWar2 #WW2 #DDay #HistoryTok 70-85 MILLION dead. | World War II, or the Second World War, was a global conflict between two coalitions: the Allies and the Axis powers. | Nearly all of the world's countries participated, with many engaging in total war on an unprecedented scale. | Deadliest conflict in history, causing the deaths of 60 to 75 million people, a majority of whom were civilians. | Millions died as a result of massacres, starvation, disease, and genocides including the Holocaust.",/images/catalog/022-world-war-ii.jpg,#WorldWar2 #WW2 #DDay #HistoryTok,The deadliest war in human history. Never forget. #WorldWar2 #WW2 #DDay #HistoryTok,"US Coast Guard, photo 26-G-2517 · Public domain",https://commons.wikimedia.org/wiki/File:Normandy_Invasion%2C_June_1944.jpg
23,D-Day,156000 troops. One day. The longest day.,"Create a 30-second history short about D-Day. Cover: June 6 1944 — Normandy — a key part of the story of D-Day. 5 beaches. 156000 troops — a key part of the story of D-Day. Omaha = bloodiest — a key part of the story of D-Day. Fooled Hitler — a key part of the story of D-Day. Average age: 26 — a key part of the story of D-Day. Allied forces landed on five Normandy beaches on June 6, 1944, in the largest amphibious invasion ever. Omaha Beach saw the heaviest American casualties of the entire operation. D-Day opened the Western Front and began the liberation of Nazi-occupied Europe.","5 beaches. 156000 troops. | Allied forces landed on five Normandy beaches on June 6, 1944, in the largest amphibious invasion ever. | Omaha Beach saw the heaviest American casualties of the entire operation. | D-Day opened the Western Front and began the liberation of Nazi-occupied Europe. | Cover: June 6 1944 — Normandy. | The longest day. #DDay #Normandy #WW2 #MilitaryHistory 156000 troops. | The Normandy landings were the landing operations and associated airborne operations on 6 June 1944 of the Allied. | Codenamed Operation Neptune and often referred to as D-Day, it is the largest seaborne invasion in history. | The operation began the liberation of France and the rest of Western Europe, and laid the foundations for the Allied. | Planning for the operation began in 1943. | In the months leading up to the invasion, the Allies conducted a substantial military deception, codenamed Operation. | The weather on the day selected for D-Day was not ideal, and the operation had to be delayed 24 hours; a further.",/images/catalog/023-d-day.jpg,#DDay #Normandy #WW2 #MilitaryHistory,156000 troops. One day. The longest day. #DDay #Normandy #WW2 #MilitaryHistory,"US Coast Guard, photo 26-G-2517 · Public domain",https://commons.wikimedia.org/wiki/File:Normandy_Invasion%2C_June_1944.jpg
24,The Holocaust,6 million Jews. Systematically murdered.,"Create a 30-second history short about the Holocaust. Cover: 6 million Jews murdered — a key part of the story of The Holocaust. Death camps: Auschwitz — a key part of the story of The Holocaust. Final Solution — Wannsee 1942 — a key part of the story of The Holocaust. Resistance in ghettos — a key part of the story of The Holocaust. Never again — a key part of the story of The Holocaust. Nazi death camps like Auschwitz, Treblinka, and Sobibor were built for industrial-scale murder. The Wannsee Conference in 1942 coordinated the 'Final Solution' to exterminate European Jews. Allied liberation of the camps in 1945 revealed horrors that led to the promise of 'Never again.'.","Final Solution — Wannsee 1942. | Nazi death camps like Auschwitz, Treblinka, and Sobibor were built for industrial-scale murder. | The Wannsee Conference in 1942 coordinated the 'Final Solution' to exterminate European Jews. | Allied liberation of the camps in 1945 revealed horrors that led to the promise of 'Never again.'. | Cover: 6 million Jews murdered. | Never again. #Holocaust #NeverForget #WorldWar2 #HistoryMatters 6 million Jews. | Systematically murdered. | The Holocaust, known in Hebrew as the Shoah, was the genocide of European Jews during World War II. | From 1941 to 1945, Nazi Germany and its collaborators systematically murdered around six million Jews across. | The murders were committed primarily through mass shootings across Eastern Europe and poison gas chambers in. | Concurrent Nazi persecutions killed millions of other non-Jewish civilians and prisoners of war ; the term Holocaust. | The term Holocaust is sometimes used to include the murder and persecution of non-Jewish groups, such as the Romani.",/images/catalog/024-the-holocaust.jpg,#Holocaust #NeverForget #WorldWar2 #HistoryMatters,6 million lives. Never forget. Never again. #Holocaust #NeverForget #WorldWar2 #HistoryMatters,Bernhard Walter · Public domain,https://commons.wikimedia.org/wiki/File:Selection_on_the_ramp_at_Auschwitz-Birkenau%2C_1944_%28Auschwitz_Album%29_1b.jpg
25,Indian Independence,Nonviolence defeated the British Empire.,"Create a 30-second history short about Indian independence. Cover: Gandhi — peaceful resistance — a key part of the story of Indian Independence. Independence Aug 15 1947 — a key part of the story of Indian Independence. Partition: India + Pakistan — a key part of the story of Indian Independence. 10-20 million displaced — a key part of the story of Indian Independence. Largest democracy born — a key part of the story of Indian Independence. Mahatma Gandhi led India to independence through nonviolent civil disobedience and mass protest. India gained independence on August 15, 1947, but was simultaneously partitioned into India and Pakistan. The partition displaced 10 to 20 million people and killed an estimated 1 to 2 million.","Gandhi — peaceful resistance. | Independence Aug 15 1947. | Partition: India + Pakistan. | Mahatma Gandhi led India to independence through nonviolent civil disobedience and mass protest. | India gained independence on August 15, 1947, but was simultaneously partitioned into India and Pakistan. | The partition displaced 10 to 20 million people and killed an estimated 1 to 2 million. | Nonviolence beat an empire. | Freedom has a cost. #IndianIndependence #Partition #Gandhi #SouthAsianHistory Nonviolence defeated the British Empire. | The Indian independence movement was a series of political efforts from the mid-1880s to 1947 that took place in the. | Independence Day is celebrated annually on 15 August as a public holiday in India commemorating the nation's. | On this day the Indian Independence Act 1947 came into effect, transferring legislative sovereignty to the Indian. | India attained independence following the independence movement noted for largely non-violent resistance and civil.",/images/catalog/025-indian-independence.jpg,#IndianIndependence #Partition #Gandhi #SouthAsianHistory,Nonviolence beat an empire. Freedom has a cost. #IndianIndependence #Partition #Gandhi #SouthAsianHistory,"British Information Services, an agency of the British Government, rest… · Public domain",https://commons.wikimedia.org/wiki/File:India%2C_by_British_Information_Services%2C_1944_restored_version.jpg
26,Cold War and Space Race,Two superpowers. 60000 nukes. Zero direct war.,"Create a 30-second history short about Cold War and Space Race. Cover: Sputnik — 1957 — a key part of the story of Cold War and Space Race. Gagarin — first in space — a key part of the story of Cold War and Space Race. Moon landing — July 1969 — a key part of the story of Cold War and Space Race. Cuban Missile Crisis 1962 — a key part of the story of Cold War and Space Race. Gave us GPS & satellites — a key part of the story of Cold War and Space Race. The Soviet Union launched Sputnik in 1957, shocking the West and starting the Space Race. Yuri Gagarin became the first human in space in 1961, and Neil Armstrong walked the Moon in 1969. The Cold War rivalry also drove advances in satellites, computing, and nuclear technology.","Gagarin — first in space. | Moon landing — July 1969. | Cuban Missile Crisis 1962. | Gave us GPS & satellites. | The Soviet Union launched Sputnik in 1957, shocking the West and starting the Space Race. | Yuri Gagarin became the first human in space in 1961, and Neil Armstrong walked the Moon in 1969. | The Cold War rivalry also drove advances in satellites, computing, and nuclear technology. | We got the internet. #ColdWar #SpaceRace #MoonLanding #HistoryTok Two superpowers. 60000 nukes. | The New Space Race or Second Space Race describes the renewed competition in space exploration and technological. | This modern race is characterized by a broad range of objectives, including large satellite constellations. | The Cold War was a period of international geopolitical rivalry between the United States and the Soviet Union and. | It began in the aftermath of the Second World War and ended with the dissolution of the Soviet Union in 1991.",/images/catalog/026-cold-war-and-space-race.jpg,#ColdWar #SpaceRace #MoonLanding #HistoryTok,They raced to the Moon. We got the internet. #ColdWar #SpaceRace #MoonLanding #HistoryTok,SpaceX · CC0,https://commons.wikimedia.org/wiki/File:Falcon_Heavy_Side_Boosters_landing_on_LZ1_and_LZ2_-_2018_%2825254688767%29.jpg
27,Civil Rights Movement,They said sit down. She said NO.,"Create a 30-second history short about the Civil Rights Movement. Cover: Rosa Parks — 1955 — a key part of the story of Civil Rights Movement. MLK: I Have a Dream — a key part of the story of Civil Rights Movement. Brown v Board — a key part of the story of Civil Rights Movement. Civil Rights Act — 1964 — a key part of the story of Civil Rights Movement. Voting Rights Act — 1965 — a key part of the story of Civil Rights Movement. Rosa Parks refused to give up her bus seat in Montgomery, Alabama, on December 1, 1955. Martin Luther King Jr. delivered his 'I Have a Dream' speech at the March on Washington in 1963. The Civil Rights Act of 1964 and Voting Rights Act of 1965 dismantled legal segregation.","Voting Rights Act — 1965. | Rosa Parks refused to give up her bus seat in Montgomery, Alabama, on December 1, 1955. | Martin Luther King Jr. delivered his 'I Have a Dream' speech at the March on Washington in 1963. | The Civil Rights Act of 1964 and Voting Rights Act of 1965 dismantled legal segregation. | Cover: Rosa Parks — 1955. | The fight continues. #CivilRights #MLK #BlackHistory #HistoryMatters They said sit down. | Social movement in the United States from 1954 to 1968 which aimed to abolish legalized racial segregation. | The movement had origins in the Reconstruction era in the late 19th century, and modern roots in the 1940s and in. | After years of nonviolent protests and civil disobedience campaigns, the civil rights movement achieved many of its. | Following the American Civil War , the three Reconstruction Amendments to the U.S. | Constitution abolished slavery and granted citizenship to all African Americans, the majority of whom had recently. | During Reconstruction, African-American men in the South voted and held political office, but after 1877 they were.",/images/catalog/027-civil-rights-movement.jpg,#CivilRights #MLK #BlackHistory #HistoryMatters,They said sit down. She said no. The fight continues. #CivilRights #MLK #BlackHistory #HistoryMatters,Rowland Scherman · Public domain,https://commons.wikimedia.org/wiki/File:Civil_Rights_March_on_Washington%2C_D.C._%28Leaders_marching_from_the_Washington_Monument_to_the_Lincoln_Memorial%29_-_NARA_-_542010.jpg
28,Fall of the Berlin Wall,A wall divided a city for 28 YEARS.,"Create a 30-second history short about the Berlin Wall. Cover: Built 1961 — a key part of the story of Fall of the Berlin Wall. 140+ died trying to cross — a key part of the story of Fall of the Berlin Wall. Reagan: Tear down this wall — a key part of the story of Fall of the Berlin Wall. Nov 9 1989 — gates opened — a key part of the story of Fall of the Berlin Wall. Hammers not bullets — a key part of the story of Fall of the Berlin Wall. East Germany built the Berlin Wall in 1961 to stop citizens from fleeing to the West. Ronald Reagan famously demanded in 1987: 'Mr. Gorbachev, tear down this wall!'. On November 9, 1989, crowds surged through opened gates and began tearing the wall apart.","140+ died trying to cross. | Reagan: Tear down this wall. | Nov 9 1989 — gates opened. | East Germany built the Berlin Wall in 1961 to stop citizens from fleeing to the West. | Ronald Reagan famously demanded in 1987: 'Mr. Gorbachev, tear down this wall!'. | On November 9, 1989, crowds surged through opened gates and began tearing the wall apart. | Walls don't last forever. | Nov 9 1989 changed everything. #BerlinWall #ColdWar #1989 #HistoryTok A wall divided a city for 28 YEARS. | The Berlin Wall fell on 9 November 1989 during the Peaceful Revolution, marking the beginning of the destruction of. | Sections of the wall were breached, and planned deconstruction began the following June. | It was one of the series of events that started the fall of communism in Central and Eastern Europe. | The fall of the inner German border took place shortly afterward.",/images/catalog/028-fall-of-the-berlin-wall.jpg,#BerlinWall #ColdWar #1989 #HistoryTok,Walls don't last forever. Nov 9 1989 changed everything. #BerlinWall #ColdWar #1989 #HistoryTok,"Unknown photographer, Reproduction by Lear 21 at English Wikipedia . · CC BY-SA 3.0",https://commons.wikimedia.org/wiki/File:West_and_East_Germans_at_the_Brandenburg_Gate_in_1989.jpg
29,Invention of the Internet,First message: LO. System crashed.,"Create a 30-second history short about the internet. Cover: ARPANET — 1969 — a key part of the story of Invention of the Internet. First message: LO — a key part of the story of Invention of the Internet. World Wide Web — 1989 — a key part of the story of Invention of the Internet. Dot-com boom — a key part of the story of Invention of the Internet. 5 billion people online — a key part of the story of Invention of the Internet. ARPANET, the military precursor to the internet, sent its first message in 1969. Tim Berners-Lee invented the World Wide Web at CERN in 1989, making the internet accessible to all. Today more than five billion people around the world are connected online.","ARPANET, the military precursor to the internet, sent its first message in 1969. | Tim Berners-Lee invented the World Wide Web at CERN in 1989, making the internet accessible to all. | Today more than five billion people around the world are connected online. | The internet changed everything. #InternetHistory #TechHistory #WorldWideWeb #DidYouKnow First message: LO. | The Internet originated in the efforts of scientists and engineers to build and interconnect computer networks. | The Internet Protocol Suite, the set of rules used to communicate between networks and devices on the Internet. | Computer science was an emerging discipline in the late 1950s that began to consider time-sharing between computer. | Licklider articulated the idea of a universal network at the Information Processing Techniques Office of the United. | Independently, Paul Baran at the RAND Corporation proposed a distributed network based on data in message blocks in. | ARPA awarded contracts in 1969 for the development of the ARPANET project, directed by Robert Taylor and managed... | The Information Age is a historical period that began in the mid-20th century. | It is characterized by a rapid shift from traditional industries, as established during the Industrial Revolution.",/images/catalog/029-invention-of-the-internet.png,#InternetHistory #TechHistory #WorldWideWeb #DidYouKnow,First message: LO. Now 5 billion online. The internet changed everything. #InternetHistory #TechHistory #WorldWideWeb #DidYouKnow,The Opte Project · CC BY 2.5,https://commons.wikimedia.org/wiki/File:Internet_map_1024_-_transparent%2C_inverted.png
30,End of Apartheid,27 years in prison. Then he became PRESIDENT.,"Create a 30-second history short about the end of apartheid. Cover: Apartheid was South Africa's legal system of racial segregation (1948-1994). Nelson Mandela spent 27 years in prison for anti-apartheid activism. International boycotts and sanctions pressured the white minority government. Mandela was released in 1990 and negotiated a peaceful transition. First democratic elections held April 27, 1994 — Mandela became president. At age 75, he chose reconciliation over revenge. The Truth and Reconciliation Commission addressed past atrocities. South Africa's transition is studied as a model of peaceful revolution.","Apartheid was South Africa's legal system of racial segregation (1948-1994). | Nelson Mandela spent 27 years in prison for anti-apartheid activism. | International boycotts and sanctions pressured the white minority government. | Mandela was released in 1990 and negotiated a peaceful transition. | First democratic elections held April 27, 1994 — Mandela became president. | At age 75, he chose reconciliation over revenge. | The Truth and Reconciliation Commission addressed past atrocities. | South Africa's transition is studied as a model of peaceful revolution. | The African National Congress won that first open vote after decades banned. | A 1996 constitution locked in equal rights after apartheid collapsed. | Mandela and F. W. de Klerk shared the 1993 Nobel Peace Prize for the talks. | Black South Africans had been denied a national vote until those 1994 elections.",/images/catalog/030-end-of-apartheid.jpg,#NelsonMandela #Apartheid #SouthAfrica #HistoryTok,27 years in prison. Then president. Peaceful revolution is possible. #NelsonMandela #Apartheid #SouthAfrica #HistoryTok,"Photo: Paul Weinberg, 1994 · CC BY-SA 3.0",https://commons.wikimedia.org/wiki/File:Mandela_voting_in_1994.jpg
31,Building the Great Pyramids,2.3 million blocks. No cranes.,"Create a 30-second vertical history short about Building the Great Pyramids. Hook: 2.3 million blocks. No cranes. Cover: Built circa 2560 BCE for Pharaoh Khufu — a key part of the story of Building the Great Pyramids. Each block weighed roughly 2.5 tons — a key part of the story of Building the Great Pyramids. Workforce likely paid laborers not slaves — a key part of the story of Building the Great Pyramids. Aligned to cardinal points with stunning precision — a key part of the story of Building the Great Pyramids. Still among the largest structures ever built — a key part of the story of Building the Great Pyramids. The Great Pyramid of Giza originally stood 481 feet tall and was the world's tallest structure for nearly 4,000 years. Archaeologists believe a skilled workforce of thousands — not slaves — built the pyramids over roughly 20 years. The pyramids were designed as elaborate tombs to ensure the pharaoh's safe passage to the afterlife. Tone: dramatic, fast-paced, documentary style. 9:16 vertical.","Built circa 2560 BCE for Pharaoh Khufu. | Each block weighed roughly 2.5 tons. | Workforce likely paid laborers not slaves. | Aligned to cardinal points with stunning precision. | Still among the largest structures ever built. | The Great Pyramid of Giza originally stood 481 feet tall and was the world's tallest structure for nearly 4,000 years. | Archaeologists believe a skilled workforce of thousands — not slaves — built the pyramids over roughly 20 years. | The pyramids were designed as elaborate tombs to ensure the pharaoh's safe passage to the afterlife. | Hook: 2.3 million blocks. | Tone: dramatic, fast-paced, documentary style. 9:16 vertical. | Just impossible engineering. #AncientEgypt #Pyramids #HistoryTok #DidYouKnow 2.3 million blocks. | The Great Pyramid of Giza is the largest of the Egyptian pyramids and the most famous landmark of the Giza pyramid.",/images/catalog/031-building-the-great-pyramids.jpg,#AncientEgypt #Pyramids #HistoryTok #DidYouKnow,No cranes. No steel. Just impossible engineering. #AncientEgypt #Pyramids #HistoryTok #DidYouKnow,Nina · CC BY 2.5,https://commons.wikimedia.org/wiki/File:Kheops-Pyramid.jpg
32,Hammurabi's Code,282 laws. Eye for an EYE.,"Create a 30-second vertical history short about Hammurabi's Code. Hook: 282 laws. Eye for an EYE. Cover: Carved on a 7-foot stone stele circa 1754 BCE. One of the oldest written legal codes — a key part of the story of Hammurabi's Code. Punishments scaled by social class — a key part of the story of Hammurabi's Code. Famous principle: eye for an eye — a key part of the story of Hammurabi's Code. Displayed publicly so no one could claim ignorance. Hammurabi was the sixth king of Babylon and ruled from approximately 1792 to 1750 BCE. The code included detailed laws on trade, family, property, and criminal punishment. Its principle of proportional justice influenced legal systems across the ancient Near East. Tone: dramatic, fast-paced, documentary style. 9:16 vertical.","Carved on a 7-foot stone stele circa 1754 BCE. | One of the oldest written legal codes. | Punishments scaled by social class. | Famous principle: eye for an eye. | Displayed publicly so no one could claim ignorance. | Hammurabi was the sixth king of Babylon and ruled from approximately 1792 to 1750 BCE. | The code included detailed laws on trade, family, property, and criminal punishment. | Its principle of proportional justice influenced legal systems across the ancient Near East. | Tone: dramatic, fast-paced, documentary style. 9:16 vertical. | There was stone. #Babylon #AncientHistory #Law #HistoryFacts 282 laws. | The Code of Hammurabi is a Babylonian legal text composed c. 1753 BC. | It is the longest, best-organized, and best-preserved legal text from the ancient Near East.",/images/catalog/032-hammurabi-s-code.jpg,#Babylon #AncientHistory #Law #HistoryFacts,Before courts. Before lawyers. There was stone. #Babylon #AncientHistory #Law #HistoryFacts,Mbzt · CC BY 3.0,https://commons.wikimedia.org/wiki/File:P1050763_Louvre_code_Hammurabi_face_rwk.JPG
33,Battle of Thermopylae,300 Spartans. One million Persians.,"Create a 30-second vertical history short about Battle of Thermopylae. Hook: 300 Spartans. One million Persians. Cover: Fought August 480 BCE at a narrow mountain pass. King Leonidas led roughly 300 Spartans — a key part of the story of Battle of Thermopylae. Held off Xerxes' massive Persian army for three days. Betrayed when a local showed Persians a secret path. Became the ultimate symbol of heroic last stands. The Spartan stand at Thermopylae bought critical time for Greece to organize its defenses. The Greek historian Herodotus recorded the battle, blending history with enduring legend. A monument at the site honors the Spartans who obeyed their laws and stayed to fight. Tone: dramatic, fast-paced, documentary style. 9:16 vertical.","Fought August 480 BCE at a narrow mountain pass. | King Leonidas led roughly 300 Spartans. | Held off Xerxes' massive Persian army for three days. | Betrayed when a local showed Persians a secret path. | Became the ultimate symbol of heroic last stands. | The Spartan stand at Thermopylae bought critical time for Greece to organize its defenses. | The Greek historian Herodotus recorded the battle, blending history with enduring legend. | A monument at the site honors the Spartans who obeyed their laws and stayed to fight. | Tone: dramatic, fast-paced, documentary style. 9:16 vertical. 300 against an empire. | They stayed anyway. #Sparta #AncientGreece #MilitaryHistory #HistoryTok 300 Spartans. | The Battle of Thermopylae was fought in 480 BC at Thermopylae between the Achaemenid Persian Empire under Xerxes and. | Lasting over the course of three days, it was one of the most prominent battles of both the second Persian invasion.",/images/catalog/033-battle-of-thermopylae.jpg,#Sparta #AncientGreece #MilitaryHistory #HistoryTok,300 against an empire. They stayed anyway. #Sparta #AncientGreece #MilitaryHistory #HistoryTok,Jacques-Louis David · Public domain,https://commons.wikimedia.org/wiki/File:L%C3%A9onidas_aux_Thermopyles_-_Jacques-Louis_David_-_Mus%C3%A9e_du_Louvre_Peintures_INV_3690_%3B_L_3711.jpg
34,Alexander the Great,Dead at 32. Conquered the WORLD.,"Create a 30-second vertical history short about Alexander the Great. Hook: Dead at 32. Conquered the WORLD. Cover: King of Macedon from 336 to 323 BCE. Never lost a battle in 15 years of campaigning. Created an empire from Greece to India — a key part of the story of Alexander the Great. Founded 20 cities named Alexandria — a key part of the story of Alexander the Great. Died in Babylon cause still debated today — a key part of the story of Alexander the Great. Alexander was tutored by Aristotle and carried a copy of the Iliad on his campaigns. He founded Alexandria in Egypt, which became a great center of learning and culture. His vast empire fragmented into rival Hellenistic kingdoms after his death at age 32. Tone: dramatic, fast-paced, documentary style. 9:16 vertical.","King of Macedon from 336 to 323 BCE. | Never lost a battle in 15 years of campaigning. | Created an empire from Greece to India. | Founded 20 cities named Alexandria. | Died in Babylon cause still debated today. | Alexander was tutored by Aristotle and carried a copy of the Iliad on his campaigns. | He founded Alexandria in Egypt, which became a great center of learning and culture. | His vast empire fragmented into rival Hellenistic kingdoms after his death at age 32. | Tone: dramatic, fast-paced, documentary style. 9:16 vertical. 32 years old. | An empire forever. #AlexanderTheGreat #AncientHistory #Conquest #HistoryTok Dead at 32. | Alexander III of Macedon, most commonly known as Alexander the Great, was king of the ancient Greek kingdom of. | He was the son of Philip II, born to him by his fourth wife, Olympias, and ascended to the throne at the age of 20.",/images/catalog/034-alexander-the-great.jpg,#AlexanderTheGreat #AncientHistory #Conquest #HistoryTok,32 years old. Undefeated. An empire forever. #AlexanderTheGreat #AncientHistory #Conquest #HistoryTok,Unknown author Unknown author · Public domain,https://commons.wikimedia.org/wiki/File:Alexander_the_Great_mosaic.jpg
35,Assassination of Julius Caesar,"Et tu, Brute? 23 STABS.","Create a 30-second vertical history short about Assassination of Julius Caesar. Hook: Et tu, Brute? 23 STABS. Cover: Murdered March 15 44 BCE the Ides of March. At least 60 senators plotted against him — a key part of the story of Assassination of Julius Caesar. Stabbed 23 times in the Senate — a key part of the story of Assassination of Julius Caesar. Last words debated: Greek or Latin phrase — a key part of the story of Assassination of Julius Caesar. His death ended the Roman Republic forever — a key part of the story of Assassination of Julius Caesar. Caesar's dictatorship for life alarmed senators who feared the return of monarchy. Marc Antony's funeral speech turned public opinion against the assassins. Caesar's heir Octavian eventually defeated his killers and became Emperor Augustus. Tone: dramatic, fast-paced, documentary style. 9:16 vertical.","Murdered March 15 44 BCE the Ides of March. | At least 60 senators plotted against him. | Stabbed 23 times in the Senate. | Last words debated: Greek or Latin phrase. | His death ended the Roman Republic forever. | Caesar's dictatorship for life alarmed senators who feared the return of monarchy. | Marc Antony's funeral speech turned public opinion against the assassins. | Caesar's heir Octavian eventually defeated his killers and became Emperor Augustus. | Hook: Et tu, Brute? 23 STABS. | Tone: dramatic, fast-paced, documentary style. 9:16 vertical. | Rome was never a republic again. #JuliusCaesar #AncientRome #Assassination #HistoryTok Et tu, Brute? 23 STABS. | Julius Caesar, the Roman dictator, was assassinated on the Ides of March, 44 BC, by a group of senators during a.",/images/catalog/035-assassination-of-julius-caesar.jpg,#JuliusCaesar #AncientRome #Assassination #HistoryTok,His friends killed him. Rome was never a republic again. #JuliusCaesar #AncientRome #Assassination #HistoryTok,Vincenzo Camuccini · Public domain,https://commons.wikimedia.org/wiki/File:Vincenzo_Camuccini_-_La_morte_di_Cesare.jpg
36,Fall of the Roman Empire,"1,000 years. Then GONE.","Create a 30-second vertical history short about Fall of the Roman Empire. Hook: 1,000 years. Then GONE. Cover: Western Empire fell officially in 476 CE — a key part of the story of Fall of the Roman Empire. Barbarian general Odoacer deposed last emperor Romulus — a key part of the story of Fall of the Roman Empire. Economic crisis inflation and tax collapse — a key part of the story of Fall of the Roman Empire. Massive barbarian migrations overwhelmed borders — a key part of the story of Fall of the Roman Empire. Eastern Byzantine Empire survived another millennium — a key part of the story of Fall of the Roman Empire. Rome's fall was a gradual process of economic decline, military pressure, and political instability. The sack of Rome by Visigoths in 410 CE shocked the ancient world. The Eastern Roman Empire at Constantinople survived for another thousand years. Tone: dramatic, fast-paced, documentary style. 9:16 vertical.","Western Empire fell officially in 476 CE. | Barbarian general Odoacer deposed last emperor Romulus. | Economic crisis inflation and tax collapse. | Massive barbarian migrations overwhelmed borders. | Eastern Byzantine Empire survived another millennium. | Rome's fall was a gradual process of economic decline, military pressure, and political instability. | The sack of Rome by Visigoths in 410 CE shocked the ancient world. | The Eastern Roman Empire at Constantinople survived for another thousand years. | Tone: dramatic, fast-paced, documentary style. 9:16 vertical. | The empire that ruled the world simply stopped. #RomanEmpire #FallOfRome #AncientHistory #HistoryFacts 1,000 years. | The fall of the Western Roman Empire, also called the fall of the Roman Empire or the fall of Rome, was the loss of. | The Roman Empire lost the strengths that had allowed it to exercise effective control over its Western provinces.",/images/catalog/036-fall-of-the-roman-empire.png,#RomanEmpire #FallOfRome #AncientHistory #HistoryFacts,The empire that ruled the world simply stopped. #RomanEmpire #FallOfRome #AncientHistory #HistoryFacts,Tataryn · CC BY-SA 3.0,https://commons.wikimedia.org/wiki/File:Justinian555AD.png
37,Spartacus Slave Revolt,"70,000 slaves. Rome TREMBLED.","Create a 30-second vertical history short about Spartacus Slave Revolt. Hook: 70,000 slaves. Rome TREMBLED. Cover: Began 73 BCE when gladiators escaped Capua — a key part of the story of Spartacus Slave Revolt. Spartacus a Thracian gladiator led the rebellion — a key part of the story of Spartacus Slave Revolt. Army grew to 70,000 escaped slaves — a key part of the story of Spartacus Slave Revolt. Defeated multiple Roman legions for two years — a key part of the story of Spartacus Slave Revolt. Crucified 6,000 survivors along Appian Way — a key part of the story of Spartacus Slave Revolt. Spartacus was a former gladiator who became the most feared rebel leader in Roman history. The revolt threatened Rome's entire social order built on slavery. Crassus and Pompey ultimately crushed the rebellion and claimed the glory. Tone: dramatic, fast-paced, documentary style. 9:16 vertical.","Began 73 BCE when gladiators escaped Capua. | Spartacus a Thracian gladiator led the rebellion. | Army grew to 70,000 escaped slaves. | Defeated multiple Roman legions for two years. | Crucified 6,000 survivors along Appian Way. | Spartacus was a former gladiator who became the most feared rebel leader in Roman history. | The revolt threatened Rome's entire social order built on slavery. | Crassus and Pompey ultimately crushed the rebellion and claimed the glory. | Tone: dramatic, fast-paced, documentary style. 9:16 vertical. | Property became an army. | Rome panicked. #Spartacus #AncientRome #SlaveRevolt #HistoryTok 70,000 slaves. | Spartacus was a Thracian gladiator who was one of the escaped slave leaders in the Third Servile War, a major slave.",/images/catalog/037-spartacus-slave-revolt.jpg,#Spartacus #AncientRome #SlaveRevolt #HistoryTok,Property became an army. Rome panicked. #Spartacus #AncientRome #SlaveRevolt #HistoryTok,"Carole Raddato from FRANKFURT, Germany · CC BY-SA 2.0",https://commons.wikimedia.org/wiki/File:%CE%A3%CF%80%CE%AC%CF%81%CF%84%CE%B1%CE%BA%CE%BF%CF%82_Spartacus%2CEspartaco_marble_statue_in_Louvre_%22%CE%9C%CE%B1%CE%B9%CE%B4%CE%BF%CE%B9_clan_-Meadow%22_slave_macedon-greek.jpg
38,Cleopatra's Egypt,She seduced TWO empires.,"Create a 30-second vertical history short about Cleopatra's Egypt. Hook: She seduced TWO empires. Cover: Last active ruler of Ptolemaic Egypt — a key part of the story of Cleopatra's Egypt. Spoke nine languages including Egyptian — a key part of the story of Cleopatra's Egypt. Allied with Julius Caesar then Mark Antony — a key part of the story of Cleopatra's Egypt. Died by snake bite or poison 30 BCE. Her death ended 3,000 years of pharaonic rule. Cleopatra was the last pharaoh of Egypt and a shrewd political strategist. She aligned Egypt with Rome through relationships with Caesar and Mark Antony. After her defeat, Egypt became a province of the Roman Empire. Tone: dramatic, fast-paced, documentary style. 9:16 vertical.","Last active ruler of Ptolemaic Egypt. | Spoke nine languages including Egyptian. | Allied with Julius Caesar then Mark Antony. | Died by snake bite or poison 30 BCE. | Her death ended 3,000 years of pharaonic rule. | Cleopatra was the last pharaoh of Egypt and a shrewd political strategist. | She aligned Egypt with Rome through relationships with Caesar and Mark Antony. | After her defeat, Egypt became a province of the Roman Empire. | Hook: She seduced TWO empires. | Tone: dramatic, fast-paced, documentary style. 9:16 vertical. | A strategist who played empires. #Cleopatra #AncientEgypt #Queens #HistoryTok She seduced TWO empires. | Cleopatra VII Thea Philopator was Queen of the Ptolemaic Kingdom of Egypt from 51 to 30 BC, and the last active.",/images/catalog/038-cleopatra-s-egypt.jpg,#Cleopatra #AncientEgypt #Queens #HistoryTok,Not just a beauty. A strategist who played empires. #Cleopatra #AncientEgypt #Queens #HistoryTok,Louis le Grand · Public domain,https://commons.wikimedia.org/wiki/File:Kleopatra-VII.-Altes-Museum-Berlin1.jpg
39,Hannibal Crosses the Alps,Elephants. In the MOUNTAINS.,"Create a 30-second vertical history short about Hannibal Crosses the Alps. Hook: Elephants. In the MOUNTAINS. Cover: Crossed Alps in 218 BCE with war elephants. Led Carthage against Rome in Second Punic War. Crushed Romans at Battle of Cannae — a key part of the story of Hannibal Crosses the Alps. Wandered Italy 15 years without taking Rome — a key part of the story of Hannibal Crosses the Alps. Eventually defeated at Battle of Zama — a key part of the story of Hannibal Crosses the Alps. Hannibal's crossing of the Alps with war elephants remains one of history's boldest military maneuvers. At Cannae he destroyed a Roman army nearly twice the size of his own. Scipio Africanus finally defeated Hannibal at the Battle of Zama in 202 BCE. Tone: dramatic, fast-paced, documentary style. 9:16 vertical.","Crossed Alps in 218 BCE with war elephants. | Led Carthage against Rome in Second Punic War. | Crushed Romans at Battle of Cannae. | Wandered Italy 15 years without taking Rome. | Eventually defeated at Battle of Zama. | Hannibal's crossing of the Alps with war elephants remains one of history's boldest military maneuvers. | At Cannae he destroyed a Roman army nearly twice the size of his own. | Scipio Africanus finally defeated Hannibal at the Battle of Zama in 202 BCE. | Tone: dramatic, fast-paced, documentary style. 9:16 vertical. | Elephants over the Alps. | Rome's worst nightmare. #Hannibal #Carthage #MilitaryHistory #HistoryTok Elephants. | Hannibal's crossing of the Alps in 218 BC was one of the major events of the Second Punic War and one of the most.",/images/catalog/039-hannibal-crosses-the-alps.jpg,#Hannibal #Carthage #MilitaryHistory #HistoryTok,Elephants over the Alps. Rome's worst nightmare. #Hannibal #Carthage #MilitaryHistory #HistoryTok,Fratelli Alinari · Public domain,https://commons.wikimedia.org/wiki/File:Hannibal_Barca_bust_from_Capua_photo.jpg
40,The Trojan War,One horse. One city. LEGEND.,"Create a 30-second vertical history short about The Trojan War. Hook: One horse. One city. LEGEND. Cover: Described in Homer's Iliad circa 8th century BCE. Archaeological site of Troy found in modern Turkey. Helen of Sparta sparked the legendary conflict — a key part of the story of The Trojan War. Greeks used Trojan Horse trick to enter city. Blurred line between myth and history for millennia. Homer's Iliad and Odyssey immortalized the Trojan War for Western civilization. Archaeologist Heinrich Schliemann excavated Troy in the 1870s. The war symbolizes the blurred line between ancient myth and historical memory. Tone: dramatic, fast-paced, documentary style. 9:16 vertical.","Described in Homer's Iliad circa 8th century BCE. | Archaeological site of Troy found in modern Turkey. | Helen of Sparta sparked the legendary conflict. | Greeks used Trojan Horse trick to enter city. | Blurred line between myth and history for millennia. | Homer's Iliad and Odyssey immortalized the Trojan War for Western civilization. | Archaeologist Heinrich Schliemann excavated Troy in the 1870s. | The war symbolizes the blurred line between ancient myth and historical memory. | Tone: dramatic, fast-paced, documentary style. 9:16 vertical. | Archaeologists say maybe. #TrojanWar #AncientGreece #Mythology #HistoryTok One horse. | Legendary conflict in Greek mythology that took place around the thirteenth or early twelfth century BC. | The war was waged by the Achaeans against the city of Troy after Paris of Troy took Helen from her husband Menelaus.",/images/catalog/040-the-trojan-war.jpg,#TrojanWar #AncientGreece #Mythology #HistoryTok,Was it real? Archaeologists say maybe. #TrojanWar #AncientGreece #Mythology #HistoryTok,"Sosias (potter, signed). Painting attributed to the Sosias Painter (nam… · Public domain",https://commons.wikimedia.org/wiki/File:Akhilleus_Patroklos_Antikensammlung_Berlin_F2278.jpg
41,Death of Socrates,He drank poison for QUESTIONS.,"Create a 30-second vertical history short about Death of Socrates. Hook: He drank poison for QUESTIONS. Cover: Executed 399 BCE for corrupting Athenian youth — a key part of the story of Death of Socrates. Chose hemlock over exile — a key part of the story of Death of Socrates. Taught Plato who taught Aristotle — a key part of the story of Death of Socrates. Never wrote a word himself — a key part of the story of Death of Socrates. His trial defined philosophy forever — a key part of the story of Death of Socrates. Socrates was charged with impiety and corrupting the youth of Athens. He chose to drink hemlock rather than accept exile from his beloved city. His student Plato preserved his teachings, shaping Western philosophy forever. Tone: dramatic, fast-paced, documentary style. 9:16 vertical.","Executed 399 BCE for corrupting Athenian youth. | Chose hemlock over exile. | Taught Plato who taught Aristotle. | Never wrote a word himself. | His trial defined philosophy forever. | Socrates was charged with impiety and corrupting the youth of Athens. | He chose to drink hemlock rather than accept exile from his beloved city. | His student Plato preserved his teachings, shaping Western philosophy forever. | Hook: He drank poison for QUESTIONS. | Tone: dramatic, fast-paced, documentary style. 9:16 vertical. | He chose death over silence. #Socrates #Philosophy #AncientGreece #HistoryTok He drank poison for QUESTIONS. | Oil on canvas painted by French painter Jacques-Louis David in 1787.",/images/catalog/041-death-of-socrates.jpg,#Socrates #Philosophy #AncientGreece #HistoryTok,He chose death over silence. #Socrates #Philosophy #AncientGreece #HistoryTok,Jacques-Louis David · Public domain,https://commons.wikimedia.org/wiki/File:David_-_The_Death_of_Socrates.jpg
42,The Terracotta Army,"8,000 soldiers. Buried 2,000 YEARS.","Create a 30-second vertical history short about The Terracotta Army. Hook: 8,000 soldiers. Buried 2,000 YEARS. Cover: Discovered 1974 by farmers digging a well — a key part of the story of The Terracotta Army. Guards tomb of China's first emperor Qin Shi Huang. Each figure has unique facial features — a key part of the story of The Terracotta Army. Originally painted in bright colors — a key part of the story of The Terracotta Army. Represents real army formations and weapons — a key part of the story of The Terracotta Army. The terracotta warriors were buried to protect Qin Shi Huang in the afterlife. An estimated 8,000 life-sized figures have been discovered so far. The site near Xi'an remains one of the greatest archaeological finds of the 20th century. Tone: dramatic, fast-paced, documentary style. 9:16 vertical.","Discovered 1974 by farmers digging a well. | Guards tomb of China's first emperor Qin Shi Huang. | Each figure has unique facial features. | Originally painted in bright colors. | Represents real army formations and weapons. | The terracotta warriors were buried to protect Qin Shi Huang in the afterlife. | An estimated 8,000 life-sized figures have been discovered so far. | The site near Xi'an remains one of the greatest archaeological finds of the 20th century. | Tone: dramatic, fast-paced, documentary style. 9:16 vertical. | An army hidden underground for millennia. #TerracottaArmy #AncientChina #Archaeology #HistoryTok 8,000 soldiers. | Collection of terracotta sculptures depicting the armies of Qin Shi Huang, the first emperor of China. | It is a form of funerary art buried with the emperor in 210–209 BCE in his mausoleum with the purpose of protecting.",/images/catalog/042-the-terracotta-army.jpg,#TerracottaArmy #AncientChina #Archaeology #HistoryTok,An army hidden underground for millennia. #TerracottaArmy #AncientChina #Archaeology #HistoryTok,xiquinhosilva · CC BY 2.0,https://commons.wikimedia.org/wiki/File:51714-Terracota-Army.jpg
43,Great Wall of China,"13,000 miles. Built over CENTURIES.","Create a 30-second vertical history short about Great Wall of China. Hook: 13,000 miles. Built over CENTURIES. Cover: Construction began over 2,000 years ago — a key part of the story of Great Wall of China. Not one wall but many sections and dynasties. Built to repel northern nomadic invaders — a key part of the story of Great Wall of China. Estimated millions of workers died building it — a key part of the story of Great Wall of China. Longest human-made structure on Earth — a key part of the story of Great Wall of China. The Great Wall was built and rebuilt by multiple Chinese dynasties over centuries. It stretches over 13,000 miles across northern China's rugged terrain. Today it stands as a UNESCO World Heritage Site and symbol of Chinese civilization. Tone: dramatic, fast-paced, documentary style. 9:16 vertical.","Construction began over 2,000 years ago. | Not one wall but many sections and dynasties. | Built to repel northern nomadic invaders. | Estimated millions of workers died building it. | Longest human-made structure on Earth. | The Great Wall was built and rebuilt by multiple Chinese dynasties over centuries. | It stretches over 13,000 miles across northern China's rugged terrain. | Today it stands as a UNESCO World Heritage Site and symbol of Chinese civilization. | Tone: dramatic, fast-paced, documentary style. 9:16 vertical. | Centuries of stone against invasion. #GreatWall #AncientChina #Architecture #HistoryFacts 13,000 miles. | Series of fortifications in China. | They were built across the historical northern borders of ancient Chinese states and Imperial China as protection.",/images/catalog/043-great-wall-of-china.jpg,#GreatWall #AncientChina #Architecture #HistoryFacts,Centuries of stone against invasion. #GreatWall #AncientChina #Architecture #HistoryFacts,Severin.stalder · CC BY-SA 3.0,https://commons.wikimedia.org/wiki/File:The_Great_Wall_of_China_at_Jinshanling-edit.jpg
44,The Silk Road,"4,000 miles. Connected two WORLDS.","Create a 30-second vertical history short about The Silk Road. Hook: 4,000 miles. Connected two WORLDS. Cover: Trade network linking China to Mediterranean — a key part of the story of The Silk Road. Silk spices paper and ideas flowed both ways. Buddhism spread from India to East Asia — a key part of the story of The Silk Road. Marco Polo traveled it in the 13th century. Declined when sea routes opened in 15th century. The Silk Road connected merchants, monks, and travelers across thousands of miles. Paper, gunpowder, and Buddhism spread along its ancient trade routes. Marco Polo's travels along the Silk Road opened European eyes to Asia's riches. Tone: dramatic, fast-paced, documentary style. 9:16 vertical.","Trade network linking China to Mediterranean. | Silk spices paper and ideas flowed both ways. | Buddhism spread from India to East Asia. | Marco Polo traveled it in the 13th century. | Declined when sea routes opened in 15th century. | The Silk Road connected merchants, monks, and travelers across thousands of miles. | Paper, gunpowder, and Buddhism spread along its ancient trade routes. | Marco Polo's travels along the Silk Road opened European eyes to Asia's riches. | Tone: dramatic, fast-paced, documentary style. 9:16 vertical. | Ideas traveled farther than armies. #SilkRoad #TradeHistory #AncientHistory #HistoryTok 4,000 miles. | The Great Silk Road was a network of Asian trade routes active from the second century BCE until the mid-15th century. | Spanning over 6,400 km on land, it played a central role in facilitating economic, cultural, political, and.",/images/catalog/044-the-silk-road.jpg,#SilkRoad #TradeHistory #AncientHistory #HistoryTok,Ideas traveled farther than armies. #SilkRoad #TradeHistory #AncientHistory #HistoryTok,Whole_world_-_land_and_oceans_12000.jpg : NASA/Goddard Space Flight Cen… · Public domain,https://commons.wikimedia.org/wiki/File:Silk_route.jpg
45,Mayan Civilization Collapse,Advanced cities. Then EMPTY.,"Create a 30-second vertical history short about Mayan Civilization Collapse. Hook: Advanced cities. Then EMPTY. Cover: Peak between 250 and 900 CE in Mesoamerica. Built pyramids calendars and writing system — a key part of the story of Mayan Civilization Collapse. Predicted eclipses with stunning accuracy — a key part of the story of Mayan Civilization Collapse. Classic collapse still debated by archaeologists — a key part of the story of Mayan Civilization Collapse. Drought warfare and overpopulation likely causes — a key part of the story of Mayan Civilization Collapse. The Maya built sophisticated cities with pyramids, observatories, and advanced calendars. Their writing system was the most developed in the pre-Columbian Americas. The Classic Maya collapse around 900 CE remains one of archaeology's great mysteries. Tone: dramatic, fast-paced, documentary style. 9:16 vertical.","Peak between 250 and 900 CE in Mesoamerica. | Built pyramids calendars and writing system. | Predicted eclipses with stunning accuracy. | Classic collapse still debated by archaeologists. | Drought warfare and overpopulation likely causes. | The Maya built sophisticated cities with pyramids, observatories, and advanced calendars. | Their writing system was the most developed in the pre-Columbian Americas. | The Classic Maya collapse around 900 CE remains one of archaeology's great mysteries. | Tone: dramatic, fast-paced, documentary style. 9:16 vertical. | Then vanished. #Mayan #Mesoamerica #LostCivilization #HistoryTok Advanced cities. | In archaeology, the classic Maya collapse is a model to describe the destabilization of Classic Maya civilization. | Modern scholars increasingly describe this period as a ""rupture"" or transformation rather than a true collapse.",/images/catalog/045-mayan-civilization-collapse.jpg,#Mayan #Mesoamerica #LostCivilization #HistoryTok,They mapped the stars. Then vanished. #Mayan #Mesoamerica #LostCivilization #HistoryTok,Daniel Schwen · CC BY-SA 4.0,https://commons.wikimedia.org/wiki/File:Chichen_Itza_3.jpg
46,Aztec Empire,"20,000 hearts in ONE ceremony.","Create a 30-second vertical history short about Aztec Empire. Hook: 20,000 hearts in ONE ceremony. Cover: Capital Tenochtitlan built on a lake — a key part of the story of Aztec Empire. Ruled central Mexico from 1428 to 1521 — a key part of the story of Aztec Empire. Practiced ritual human sacrifice to sun god — a key part of the story of Aztec Empire. Market of Tlatelolco served 60,000 daily — a key part of the story of Aztec Empire. Fell to Hernan Cortes and allied tribes — a key part of the story of Aztec Empire. Tenochtitlan was one of the largest cities in the world when the Spanish arrived. Aztec engineers built canals, causeways, and floating gardens on a lake. Spanish conquest and European diseases devastated the Aztec population within decades. Tone: dramatic, fast-paced, documentary style. 9:16 vertical.","Capital Tenochtitlan built on a lake. | Ruled central Mexico from 1428 to 1521. | Practiced ritual human sacrifice to sun god. | Market of Tlatelolco served 60,000 daily. | Fell to Hernan Cortes and allied tribes. | Tenochtitlan was one of the largest cities in the world when the Spanish arrived. | Aztec engineers built canals, causeways, and floating gardens on a lake. | Spanish conquest and European diseases devastated the Aztec population within decades. | Hook: 20,000 hearts in ONE ceremony. | Tone: dramatic, fast-paced, documentary style. 9:16 vertical. | Conquered in two years. #Aztec #Mesoamerica #Empire #HistoryTok 20,000 hearts in ONE ceremony. | The Aztec Empire, also known as the Triple Alliance or historiographically as the Tenochca Empire but most.",/images/catalog/046-aztec-empire.png,#Aztec #Mesoamerica #Empire #HistoryTok,A city on a lake. Conquered in two years. #Aztec #Mesoamerica #Empire #HistoryTok,Badseed based on work by historicair which in turn was based on Madman2… · CC BY-SA 3.0,https://commons.wikimedia.org/wiki/File:Aztec_Empire_c_1519.png
47,Inca Empire,"25,000 miles of roads. No WHEELS.","Create a 30-second vertical history short about Inca Empire. Hook: 25,000 miles of roads. No WHEELS. Cover: Largest empire in pre-Columbian Americas — a key part of the story of Inca Empire. Capital Cusco high in Andes Mountains — a key part of the story of Inca Empire. Built Machu Picchu without iron tools — a key part of the story of Inca Empire. Quipu knot system recorded data without writing — a key part of the story of Inca Empire. Fell to Francisco Pizarro in 1533 — a key part of the story of Inca Empire. The Inca ruled an empire of roughly 10 million people without a written language. They built Machu Picchu and an extensive road network high in the Andes. Spanish conquistadors captured the Inca emperor Atahualpa and seized their gold. Tone: dramatic, fast-paced, documentary style. 9:16 vertical.","Largest empire in pre-Columbian Americas. | Capital Cusco high in Andes Mountains. | Built Machu Picchu without iron tools. | Quipu knot system recorded data without writing. | Fell to Francisco Pizarro in 1533. | The Inca ruled an empire of roughly 10 million people without a written language. | They built Machu Picchu and an extensive road network high in the Andes. | Spanish conquistadors captured the Inca emperor Atahualpa and seized their gold. | Hook: 25,000 miles of roads. | Tone: dramatic, fast-paced, documentary style. 9:16 vertical. | An empire in the clouds. #Inca #MachuPicchu #SouthAmerica #HistoryTok 25,000 miles of roads. | The Inca Empire, officially known as the Realm of the Four Parts, was the largest empire in pre-Columbian America.",/images/catalog/047-inca-empire.jpg,#Inca #MachuPicchu #SouthAmerica #HistoryTok,No wheels. No iron. An empire in the clouds. #Inca #MachuPicchu #SouthAmerica #HistoryTok,Pedro Szekely at https://www.flickr.com/photos/pedrosz/ · CC BY-SA 2.0,https://commons.wikimedia.org/wiki/File:Machu_Picchu%2C_Peru.jpg
48,Stonehenge Mystery,Built before Egypt's pyramids. WHY?,"Create a 30-second vertical history short about Stonehenge Mystery. Hook: Built before Egypt's pyramids. WHY? Cover: Constructed 3000-2000 BCE on Salisbury Plain — a key part of the story of Stonehenge Mystery. Some stones dragged 150 miles from Wales — a key part of the story of Stonehenge Mystery. Aligned with summer and winter solstices — a key part of the story of Stonehenge Mystery. Purpose debated: temple calendar or burial site — a key part of the story of Stonehenge Mystery. Built by people without metal tools or wheels. Stonehenge was built in stages between 3000 and 2000 BCE on England's Salisbury Plain. Some bluestones were transported over 150 miles from Wales. The monument aligns with the summer and winter solstices. Tone: dramatic, fast-paced, documentary style. 9:16 vertical.","Constructed 3000-2000 BCE on Salisbury Plain. | Some stones dragged 150 miles from Wales. | Aligned with summer and winter solstices. | Purpose debated: temple calendar or burial site. | Built by people without metal tools or wheels. | Stonehenge was built in stages between 3000 and 2000 BCE on England's Salisbury Plain. | Hook: Built before Egypt's pyramids. | Tone: dramatic, fast-paced, documentary style. 9:16 vertical. | Who moved 25-ton stones with rope and logs? #Stonehenge #Megaliths #Mystery #HistoryTok Built before Egypt's pyramids. | America's Stonehenge is a privately owned tourist attraction and archaeological site consisting of a number of large. | It is open to the public for a fee as part of a recreational area which includes snowshoe trails and an alpaca farm. | A number of hypotheses exist as to the origin and purpose of the structures.",/images/catalog/048-stonehenge-mystery.jpg,#Stonehenge #Megaliths #Mystery #HistoryTok,Who moved 25-ton stones with rope and logs? #Stonehenge #Megaliths #Mystery #HistoryTok,garethwiscombe · CC BY 2.0,https://commons.wikimedia.org/wiki/File:Stonehenge2007_07_30.jpg
49,Rosetta Stone,One rock. Egypt UNLOCKED.,"Create a 30-second vertical history short about Rosetta Stone. Hook: One rock. Egypt UNLOCKED. Cover: Discovered 1799 by French soldiers in Egypt — a key part of the story of Rosetta Stone. Same decree in three scripts: hieroglyphics demotic Greek. Jean-Francois Champollion cracked code 1822 — a key part of the story of Rosetta Stone. Opened 3,000 years of Egyptian history — a key part of the story of Rosetta Stone. Now displayed at British Museum London — a key part of the story of Rosetta Stone. The Rosetta Stone was the key that unlocked the mystery of Egyptian hieroglyphics. It bears the same decree written in hieroglyphic, demotic, and Greek scripts. Jean-François Champollion cracked the code in 1822 after years of study. Tone: dramatic, fast-paced, documentary style. 9:16 vertical.","Discovered 1799 by French soldiers in Egypt. | Same decree in three scripts: hieroglyphics demotic Greek. | Jean-Francois Champollion cracked code 1822. | Opened 3,000 years of Egyptian history. | Now displayed at British Museum London. | The Rosetta Stone was the key that unlocked the mystery of Egyptian hieroglyphics. | Tone: dramatic, fast-paced, documentary style. 9:16 vertical. | History decoded. #RosettaStone #AncientEgypt #Archaeology #DidYouKnow One rock. | Stele of granodiorite inscribed with three versions of a decree issued in 196 BC during the Ptolemaic dynasty of. | The top and middle texts are in Ancient Egyptian using hieroglyphic and Demotic scripts, respectively, while the. | The decree has only minor differences across the three versions, making the Rosetta Stone key to deciphering the. | The stone was carved during the Hellenistic period and is believed to have originally been displayed within a.",/images/catalog/049-rosetta-stone.jpg,#RosettaStone #AncientEgypt #Archaeology #DidYouKnow,One stone. Three languages. History decoded. #RosettaStone #AncientEgypt #Archaeology #DidYouKnow,Hans Hillewaert · CC BY-SA 4.0,https://commons.wikimedia.org/wiki/File:Rosetta_Stone.JPG
50,Pompeii Eruption,Buried ALIVE in 24 hours.,"Create a 30-second vertical history short about Pompeii Eruption. Hook: Buried ALIVE in 24 hours. Cover: Mount Vesuvius erupted in August 79 CE, burying the Roman city of Pompeii. Volcanic ash preserved bodies, buildings, and graffiti in extraordinary detail. City of 11,000 buried under 20 feet of ash. Pliny the Younger witnessed the eruption and left a vivid written account. Pompeii was rediscovered in 1748, frozen in time beneath the ash. Mount Vesuvius erupted on August 24, 79 CE, burying Pompeii under volcanic ash. The ash preserved buildings, artifacts, and haunting body casts for centuries. Pompeii was rediscovered in 1748 and offers a frozen snapshot of Roman daily life. Tone: dramatic, fast-paced, documentary style. 9:16 vertical.","Mount Vesuvius erupted in August 79 CE, burying the Roman city of Pompeii. | Volcanic ash preserved bodies, buildings, and graffiti in extraordinary detail. | City of 11,000 buried under 20 feet of ash. | Pliny the Younger witnessed the eruption and left a vivid written account. | Pompeii was rediscovered in 1748, frozen in time beneath the ash. | The ash preserved buildings, artifacts, and haunting body casts for centuries. | Pompeii was rediscovered in 1748 and offers a frozen snapshot of Roman daily life. | Hook: Buried ALIVE in 24 hours. | Tone: dramatic, fast-paced, documentary style. 9:16 vertical. | A city frozen mid-scream for 1,700 years. #Pompeii #Volcano #AncientRome #HistoryTok Buried ALIVE in 24 hours. | In 79 AD, Mount Vesuvius, a stratovolcano located in the modern-day region of Campania, Italy, erupted, causing one. | Vesuvius violently ejected a cloud of super-heated tephra and gases to a height of 33 km , ejecting molten rock.",/images/catalog/050-pompeii-eruption.jpg,#Pompeii #Volcano #AncientRome #HistoryTok,"A city frozen mid-scream for 1,700 years. #Pompeii #Volcano #AncientRome #HistoryTok",John Martin · Public domain,https://commons.wikimedia.org/wiki/File:Destruction_of_Pompeii_and_Herculaneum.jpg
51,Library of Alexandria,Biggest library ever. Then BURNED.,"Create a 30-second vertical history short about Library of Alexandria. Hook: Biggest library ever. Then BURNED. Cover: Founded 3rd century BCE in Egypt — a key part of the story of Library of Alexandria. May have held 400,000 scrolls and manuscripts — a key part of the story of Library of Alexandria. Center of ancient science and philosophy — a key part of the story of Library of Alexandria. Destroyed in stages over centuries — a key part of the story of Library of Alexandria. Loss of knowledge still mourned today — a key part of the story of Library of Alexandria. The library was founded in the 3rd century BCE under the Ptolemaic dynasty in Egypt. Scholars like Euclid and Archimedes may have studied and worked there. Its destruction — whether by fire, war, or neglect — remains one of history's greatest losses of knowledge. Tone: dramatic, fast-paced, documentary style. 9:16 vertical.","Founded 3rd century BCE in Egypt. | May have held 400,000 scrolls and manuscripts. | Center of ancient science and philosophy. | Destroyed in stages over centuries. | Loss of knowledge still mourned today. | Scholars like Euclid and Archimedes may have studied and worked there. | Its destruction — whether by fire, war, or neglect — remains one of history's greatest losses of knowledge. | Hook: Biggest library ever. | Tone: dramatic, fast-paced, documentary style. 9:16 vertical. | Imagine everything we lost in the flames. #Alexandria #LostKnowledge #AncientHistory #HistoryTok Biggest library ever. | The Library of Alexandria in Alexandria, Egypt, was one of the largest and most significant libraries of the ancient. | The library was part of a larger research institution called the Mouseion, which was dedicated to the Muses, the.",/images/catalog/051-library-of-alexandria.jpg,#Alexandria #LostKnowledge #AncientHistory #HistoryTok,Imagine everything we lost in the flames. #Alexandria #LostKnowledge #AncientHistory #HistoryTok,O. Von Corven · Public domain,https://commons.wikimedia.org/wiki/File:Ancientlibraryalex.jpg
52,Phoenician Alphabet,22 letters. You still use THEM.,"Create a 30-second vertical history short about Phoenician Alphabet. Hook: 22 letters. You still use THEM. Cover: Developed circa 1050 BCE in modern Lebanon — a key part of the story of Phoenician Alphabet. First widely used phonetic alphabet — a key part of the story of Phoenician Alphabet. Spread via Phoenician maritime trade network — a key part of the story of Phoenician Alphabet. Ancestor of Greek Latin and Arabic scripts — a key part of the story of Phoenician Alphabet. Made literacy accessible beyond scribes — a key part of the story of Phoenician Alphabet. The Phoenician alphabet had just 22 characters, all representing consonant sounds. Phoenician traders spread their script across the Mediterranean world. Greek, Latin, Arabic, and Hebrew writing systems all trace roots to Phoenician letters. Tone: dramatic, fast-paced, documentary style. 9:16 vertical.","Developed circa 1050 BCE in modern Lebanon. | First widely used phonetic alphabet. | Spread via Phoenician maritime trade network. | Ancestor of Greek Latin and Arabic scripts. | Made literacy accessible beyond scribes. | The Phoenician alphabet had just 22 characters, all representing consonant sounds. | Phoenician traders spread their script across the Mediterranean world. | Greek, Latin, Arabic, and Hebrew writing systems all trace roots to Phoenician letters. | Tone: dramatic, fast-paced, documentary style. 9:16 vertical. | Every text you send owes them a debt. #Phoenician #Alphabet #AncientHistory #DidYouKnow 22 letters. | Abjad that was used across the Mediterranean civilization of Phoenicia for most of the 1st millennium BC. | It was one of the first alphabets, attested in Canaanite and Aramaic inscriptions found across the Mediterranean.",/images/catalog/052-phoenician-alphabet.jpg,#Phoenician #Alphabet #AncientHistory #DidYouKnow,Every text you send owes them a debt. #Phoenician #Alphabet #AncientHistory #DidYouKnow,Marsyas (2007) · CC BY 2.5,https://commons.wikimedia.org/wiki/File:NAMA_Alphabet_grec.jpg
53,Battle of Marathon,One messenger. 26 miles. DEAD.,"Create a 30-second vertical history short about Battle of Marathon. Hook: One messenger. 26 miles. DEAD. Cover: Athenians defeated Persian invasion 490 BCE — a key part of the story of Battle of Marathon. Outnumbered Greeks used disciplined phalanx — a key part of the story of Battle of Marathon. Legendary runner Pheidippides collapsed after — a key part of the story of Battle of Marathon. His run inspired modern marathon distance — a key part of the story of Battle of Marathon. Saved Western democracy at the brink — a key part of the story of Battle of Marathon. The Athenian victory at Marathon in 490 BCE halted the first Persian invasion of Greece. The hoplite phalanx formation proved decisive against Persia's larger force. The legend of Pheidippides running to Athens inspired the modern marathon race distance. Tone: dramatic, fast-paced, documentary style. 9:16 vertical.","Athenians defeated Persian invasion 490 BCE. | Outnumbered Greeks used disciplined phalanx. | Legendary runner Pheidippides collapsed after. | His run inspired modern marathon distance. | Saved Western democracy at the brink. | The Athenian victory at Marathon in 490 BCE halted the first Persian invasion of Greece. | The hoplite phalanx formation proved decisive against Persia's larger force. | The legend of Pheidippides running to Athens inspired the modern marathon race distance. | Hook: One messenger. 26 miles. | Tone: dramatic, fast-paced, documentary style. 9:16 vertical. | Then died. #Marathon #AncientGreece #MilitaryHistory #HistoryTok One messenger. 26 miles. | The Battle of Marathon took place in 490 BC during the first Persian invasion of Greece.",/images/catalog/053-battle-of-marathon.jpg,#Marathon #AncientGreece #MilitaryHistory #HistoryTok,They ran 26 miles. Then died. #Marathon #AncientGreece #MilitaryHistory #HistoryTok,John Steeple Davis · Public domain,https://commons.wikimedia.org/wiki/File:Scene_of_the_Battle_of_Marathon.jpg
54,Qin Shi Huang Unification,One emperor. One China. BURNED the books.,"Create a 30-second vertical history short about Qin Shi Huang Unification. Hook: One emperor. One China. BURNED the books. Cover: First emperor unified China 221 BCE — a key part of the story of Qin Shi Huang Unification. Built early Great Wall and terracotta army — a key part of the story of Qin Shi Huang Unification. Standardized writing currency and measurements — a key part of the story of Qin Shi Huang Unification. Ordered burning of Confucian texts — a key part of the story of Qin Shi Huang Unification. Obsessed with immortality and mercury pills — a key part of the story of Qin Shi Huang Unification. Qin Shi Huang unified warring Chinese states under one empire in 221 BCE. He standardized weights, measures, currency, and writing across China. His tomb complex with the terracotta army reflects his obsession with immortality and power. Tone: dramatic, fast-paced, documentary style. 9:16 vertical.","First emperor unified China 221 BCE. | Built early Great Wall and terracotta army. | Standardized writing currency and measurements. | Ordered burning of Confucian texts. | Obsessed with immortality and mercury pills. | Qin Shi Huang unified warring Chinese states under one empire in 221 BCE. | He standardized weights, measures, currency, and writing across China. | His tomb complex with the terracotta army reflects his obsession with immortality and power. | Tone: dramatic, fast-paced, documentary style. 9:16 vertical. | He united China and terrified it. #QinDynasty #AncientChina #Emperor #HistoryTok One emperor. | Qin Shi Huang was the founder of the Qin dynasty and the first emperor of China. | He invented the title huángdì rather than reuse the existing title for ""king"" ; the new title was used by monarchs.",/images/catalog/054-qin-shi-huang-unification.jpg,#QinDynasty #AncientChina #Emperor #HistoryTok,He united China and terrified it. #QinDynasty #AncientChina #Emperor #HistoryTok,Unknown artist Unknown artist · Public domain,https://commons.wikimedia.org/wiki/File:Qinshihuang.jpg
55,Roman Colosseum,"50,000 spectators. Death as SPORT.","Create a 30-second vertical history short about Roman Colosseum. Hook: 50,000 spectators. Death as SPORT. Cover: Completed 80 CE under Emperor Titus — a key part of the story of Roman Colosseum. Hosted gladiator fights and mock sea battles — a key part of the story of Roman Colosseum. Free admission to Roman citizens via bread and circuses. Estimated 400,000 died in arena over centuries — a key part of the story of Roman Colosseum. Still stands as icon of Roman engineering — a key part of the story of Roman Colosseum. The Colosseum could hold an estimated 50,000 to 80,000 spectators. Gladiators, wild animals, and mock naval battles entertained Roman crowds. It remains one of Rome's most iconic landmarks nearly 2,000 years later. Tone: dramatic, fast-paced, documentary style. 9:16 vertical.","Completed 80 CE under Emperor Titus. | Hosted gladiator fights and mock sea battles. | Free admission to Roman citizens via bread and circuses. | Estimated 400,000 died in arena over centuries. | Still stands as icon of Roman engineering. | The Colosseum could hold an estimated 50,000 to 80,000 spectators. | Gladiators, wild animals, and mock naval battles entertained Roman crowds. | It remains one of Rome's most iconic landmarks nearly 2,000 years later. | Hook: 50,000 spectators. | Tone: dramatic, fast-paced, documentary style. 9:16 vertical. | Blood and cheers. #Colosseum #AncientRome #Gladiators #HistoryTok 50,000 spectators. | The Colosseum is an elliptical amphitheatre in the centre of the city of Rome, Italy, just east of the Roman Forum.",/images/catalog/055-roman-colosseum.jpg,#Colosseum #AncientRome #Gladiators #HistoryTok,Bread and circuses. Blood and cheers. #Colosseum #AncientRome #Gladiators #HistoryTok,FeaturedPics · CC BY-SA 4.0,https://commons.wikimedia.org/wiki/File:Colosseo_2020.jpg
56,Constantine and Christianity,One vision. One FAITH.,"Create a 30-second vertical history short about Constantine and Christianity. Hook: One vision. One FAITH. Cover: Roman emperor from 306 to 337 CE — a key part of the story of Constantine and Christianity. Legalized Christianity with Edict of Milan 313 — a key part of the story of Constantine and Christianity. Founded Constantinople as new capital — a key part of the story of Constantine and Christianity. Called First Council of Nicaea 325 CE — a key part of the story of Constantine and Christianity. Shifted Rome from pagan to Christian empire — a key part of the story of Constantine and Christianity. Constantine legalized Christianity with the Edict of Milan in 313 CE. He founded Constantinople as a new capital of the Roman Empire. His conversion helped transform Christianity from persecuted faith to imperial religion. Tone: dramatic, fast-paced, documentary style. 9:16 vertical.","Roman emperor from 306 to 337 CE. | Legalized Christianity with Edict of Milan 313. | Founded Constantinople as new capital. | Called First Council of Nicaea 325 CE. | Shifted Rome from pagan to Christian empire. | His conversion helped transform Christianity from persecuted faith to imperial religion. | Tone: dramatic, fast-paced, documentary style. 9:16 vertical. | One dream changed a religion forever. #Constantine #Christianity #AncientRome #HistoryTok One vision. | During the reign of the Roman emperor Constantine the Great , Christianity began to transition to the dominant. | Historians remain uncertain about Constantine's reasons for favoring Christianity, and theologians and historians. | There is no consensus among scholars as to whether he adopted his mother Helena's Christianity in his youth, or, as. | Constantine ruled the Roman Empire as sole emperor for much of his reign.",/images/catalog/056-constantine-and-christianity.jpg,#Constantine #Christianity #AncientRome #HistoryTok,One dream changed a religion forever. #Constantine #Christianity #AncientRome #HistoryTok,Bibliothèque nationale de France · Public domain,https://commons.wikimedia.org/wiki/File:BnF_MS_Gr510_folio_440_recto_-_detail_-_Constantine%27s_Vision_and_the_Battle_of_the_Milvian_Bridge.jpg
57,Attila the Hun,Scourge of God. Rome FEARED him.,"Create a 30-second vertical history short about Attila the Hun. Hook: Scourge of God. Rome FEARED him. Cover: Led Hunnic Empire across Europe 434-453 CE — a key part of the story of Attila the Hun. Demanded half the Western Roman Empire as tribute. Invaded Gaul and Italy sacking cities — a key part of the story of Attila the Hun. Died on wedding night cause disputed — a key part of the story of Attila the Hun. His death ended major Hunnic threat to Rome. Attila led the Hunnic Empire across Europe in the mid-5th century CE. Both the Eastern and Western Roman Empires paid him tribute to avoid invasion. His sudden death in 453 CE ended the greatest Hunnic threat to Rome. Tone: dramatic, fast-paced, documentary style. 9:16 vertical.","Led Hunnic Empire across Europe 434-453 CE. | Demanded half the Western Roman Empire as tribute. | Invaded Gaul and Italy sacking cities. | Died on wedding night cause disputed. | His death ended major Hunnic threat to Rome. | Attila led the Hunnic Empire across Europe in the mid-5th century CE. | Both the Eastern and Western Roman Empires paid him tribute to avoid invasion. | Tone: dramatic, fast-paced, documentary style. 9:16 vertical. | Rome paid tribute to a barbarian king. #Attila #Huns #AncientHistory #HistoryTok Scourge of God. | Attila, frequently called Attila the Hun and also known by his nickname The Scourge of God, was the ruler of the. | He was also the leader of an empire consisting of Huns, Ostrogoths, Alans, and Gepids, among others, in Central and. | As nephews to Rugila, Attila and his elder brother Bleda succeeded him to the throne in 435, ruling jointly until.",/images/catalog/057-attila-the-hun.jpg,#Attila #Huns #AncientHistory #HistoryTok,Rome paid tribute to a barbarian king. #Attila #Huns #AncientHistory #HistoryTok,Márk Kálti · Public domain,https://commons.wikimedia.org/wiki/File:Attila_%28K%C3%A9pes_kr%C3%B3nika%29_%28cropped%29.jpg
58,Boudica's Revolt,She burned London to the GROUND.,"Create a 30-second vertical history short about Boudica's Revolt. Hook: She burned London to the GROUND. Cover: Celtic queen of Iceni tribe in Britain — a key part of the story of Boudica's Revolt. Romans flogged her and raped her daughters — a key part of the story of Boudica's Revolt. Led army that destroyed Colchester and London — a key part of the story of Boudica's Revolt. Killed 70,000 Romans and allies — a key part of the story of Boudica's Revolt. Defeated then poisoned herself to avoid capture — a key part of the story of Boudica's Revolt. Queen Boudica of the Iceni tribe led a massive uprising against Roman rule in 60-61 CE. Her forces burned Colchester, London, and St. Albans before facing defeat. She remains a powerful symbol of resistance and Celtic identity in Britain. Tone: dramatic, fast-paced, documentary style. 9:16 vertical.","Celtic queen of Iceni tribe in Britain. | Romans flogged her and raped her daughters. | Led army that destroyed Colchester and London. | Killed 70,000 Romans and allies. | Defeated then poisoned herself to avoid capture. | Queen Boudica of the Iceni tribe led a massive uprising against Roman rule in 60-61 CE. | Her forces burned Colchester, London, and St. Albans before facing defeat. | She remains a powerful symbol of resistance and Celtic identity in Britain. | Hook: She burned London to the GROUND. | Tone: dramatic, fast-paced, documentary style. 9:16 vertical. | She broke Rome back. #Boudica #CelticHistory #Britain #HistoryTok She burned London to the GROUND. | The Boudican revolt was an armed uprising by native Celtic Britons against the Roman Empire during the Roman.",/images/catalog/058-boudica-s-revolt.jpg,#Boudica #CelticHistory #Britain #HistoryTok,Rome broke a queen. She broke Rome back. #Boudica #CelticHistory #Britain #HistoryTok,John Opie · Public domain,https://commons.wikimedia.org/wiki/File:Queen_Boudica_by_John_Opie.jpg
59,Ashoka the Great,Conqueror turned BUDDHIST.,"Create a 30-second vertical history short about Ashoka the Great. Hook: Conqueror turned BUDDHIST. Cover: Mauryan emperor of India 268-232 BCE — a key part of the story of Ashoka the Great. Kalinga War deaths horrified him into peace — a key part of the story of Ashoka the Great. Spread Buddhism across Asia via edicts — a key part of the story of Ashoka the Great. Built pillars with earliest readable Indian script — a key part of the story of Ashoka the Great. One of history's greatest rulers of compassion — a key part of the story of Ashoka the Great. Ashoka ruled the Mauryan Empire in India from roughly 268 to 232 BCE. The carnage of the Kalinga War horrified him and turned him toward Buddhism. His edicts on pillars across India promoted nonviolence, tolerance, and moral governance. Tone: dramatic, fast-paced, documentary style. 9:16 vertical.","Mauryan emperor of India 268-232 BCE. | Kalinga War deaths horrified him into peace. | Spread Buddhism across Asia via edicts. | Built pillars with earliest readable Indian script. | One of history's greatest rulers of compassion. | The carnage of the Kalinga War horrified him and turned him toward Buddhism. | His edicts on pillars across India promoted nonviolence, tolerance, and moral governance. | Hook: Conqueror turned BUDDHIST. | Tone: dramatic, fast-paced, documentary style. 9:16 vertical. | Then he changed. #Ashoka #IndianHistory #Buddhism #HistoryTok Conqueror turned BUDDHIST. | Ashoka, also known as Asoka or Aśoka, most commonly known as Ashoka the Great, was Emperor of Magadha from c. 268. | His empire covered a large part of the Indian subcontinent, stretching from present-day Afghanistan in the west to.",/images/catalog/059-ashoka-the-great.jpg,#Ashoka #IndianHistory #Buddhism #HistoryTok,He conquered. Then he changed. #Ashoka #IndianHistory #Buddhism #HistoryTok,"Photo Dharma from Sadao, Thailand · CC BY 2.0",https://commons.wikimedia.org/wiki/File:Ashoka%27s_visit_to_the_Ramagrama_stupa_Sanchi_Stupa_1_Southern_gateway.jpg
60,Destruction of Carthage,Rome salted the EARTH.,"Create a 30-second vertical history short about Destruction of Carthage. Hook: Rome salted the EARTH. Cover: Third Punic War ended 146 BCE — a key part of the story of Destruction of Carthage. Scipio Aemilianus razed city over 17 days — a key part of the story of Destruction of Carthage. Survivors sold into slavery — a key part of the story of Destruction of Carthage. Legend says Rome sowed fields with salt — a key part of the story of Destruction of Carthage. Removed Rome's greatest Mediterranean rival — a key part of the story of Destruction of Carthage. Rome destroyed Carthage in 146 BCE after the Third Punic War. The city was razed and its territory became the Roman province of Africa. The legend that Rome salted the earth may be myth, but Carthage was utterly erased. Tone: dramatic, fast-paced, documentary style. 9:16 vertical.","Third Punic War ended 146 BCE. | Scipio Aemilianus razed city over 17 days. | Survivors sold into slavery. | Legend says Rome sowed fields with salt. | Removed Rome's greatest Mediterranean rival. | The city was razed and its territory became the Roman province of Africa. | The legend that Rome salted the earth may be myth, but Carthage was utterly erased. | Hook: Rome salted the EARTH. | Tone: dramatic, fast-paced, documentary style. 9:16 vertical. | They erased a civilization. #Carthage #AncientRome #War #HistoryTok Rome salted the EARTH. | The siege of Carthage was the main engagement of the Third Punic War fought between Carthage and Rome. | It consisted of the nearly three-year siege of the Carthaginian capital, Carthage .",/images/catalog/060-destruction-of-carthage.jpg,#Carthage #AncientRome #War #HistoryTok,They didn't just win. They erased a civilization. #Carthage #AncientRome #War #HistoryTok,"Patrick Verdier, Free On Line Photos · Copyrighted free use",https://commons.wikimedia.org/wiki/File:Ruines_de_Carthage.jpg
61,Minoan Eruption of Thera,Volcano killed a CIVILIZATION.,"Create a 30-second vertical history short about Minoan Eruption of Thera. Hook: Volcano killed a CIVILIZATION. Cover: Massive eruption circa 1600 BCE near Crete — a key part of the story of Minoan Eruption of Thera. Devastated advanced Minoan civilization — a key part of the story of Minoan Eruption of Thera. Possibly inspired Atlantis legend — a key part of the story of Minoan Eruption of Thera. Tsunami hit Crete 100 miles away — a key part of the story of Minoan Eruption of Thera. One of largest volcanic events in human history. A volcano may have erased Atlantis. The events surrounding Minoan Eruption of Thera reveal how quickly history can turn on a single decision. From classrooms to documentaries, Minoan Eruption of Thera remains a staple of history storytelling. Tone: dramatic, fast-paced, documentary style. 9:16 vertical.","Massive eruption circa 1600 BCE near Crete. | Devastated advanced Minoan civilization. | Possibly inspired Atlantis legend. | Tsunami hit Crete 100 miles away. | One of largest volcanic events in human history. | A volcano may have erased Atlantis. | Hook: Volcano killed a CIVILIZATION. | Tone: dramatic, fast-paced, documentary style. 9:16 vertical. | The Minoan eruption was a catastrophic volcanic eruption that devastated the Aegean island of Thera circa 1600 BC. | It destroyed the Minoan settlement at Akrotiri, as well as communities and agricultural areas on nearby islands and. | With a Volcanic Explosivity Index of 7, it resulted in the ejection of approximately 28–41 km3 of dense-rock. | Because tephra from the Minoan eruption serves as a marker horizon in nearly all archaeological sites in the Eastern.",/images/catalog/061-minoan-eruption-of-thera.jpg,#Thera #Volcano #AncientGreece #HistoryTok,A volcano may have erased Atlantis. #Thera #Volcano #AncientGreece #HistoryTok,NASA · Public domain,https://commons.wikimedia.org/wiki/File:Santorini_ASTER.jpg
62,Oracle of Delphi,Kings traveled WEEKS for her words.,"Create a 30-second vertical history short about Oracle of Delphi. Hook: Kings traveled WEEKS for her words. Cover: Priestess Pythia delivered prophecies for centuries — a key part of the story of Oracle of Delphi. Sitting over volcanic fumes caused trance states — a key part of the story of Oracle of Delphi. Consulted before wars and founding cities — a key part of the story of Oracle of Delphi. Croesus of Lydia and Alexander the Great visited. Closed by Christian emperor Theodosius 393 CE — a key part of the story of Oracle of Delphi. Empires rose and fell on her riddles. The events surrounding Oracle of Delphi reveal how quickly history can turn on a single decision. From classrooms to documentaries, Oracle of Delphi remains a staple of history storytelling. Tone: dramatic, fast-paced, documentary style. 9:16 vertical.","Priestess Pythia delivered prophecies for centuries. | Sitting over volcanic fumes caused trance states. | Consulted before wars and founding cities. | Croesus of Lydia and Alexander the Great visited. | Closed by Christian emperor Theodosius 393 CE. | Empires rose and fell on her riddles. | Hook: Kings traveled WEEKS for her words. | Tone: dramatic, fast-paced, documentary style. 9:16 vertical. | Pythia was the title of the high priestess of the Temple of Apollo at Delphi in central Greece. | She served as its oracle and was known as the Oracle of Delphi. | Her title was sometimes historically glossed in English as the Pythoness. | The Pythia was established at the latest in the 8th century BC , and was widely credited for her prophecies uttered.",/images/catalog/062-oracle-of-delphi.jpg,#Delphi #AncientGreece #Mystery #HistoryTok,Empires rose and fell on her riddles. #Delphi #AncientGreece #Mystery #HistoryTok,Anna Tziaki · CC BY-SA 4.0,https://commons.wikimedia.org/wiki/File:Temple_of_Apollo_at_Delphi.jpg
63,Egyptian Mummification,70 days. Organs in JARS.,"Create a 30-second vertical history short about Egyptian Mummification. Hook: 70 days. Organs in JARS. Cover: Process took 70 days for elite Egyptians — a key part of the story of Egyptian Mummification. Brain removed through nose with hooks — a key part of the story of Egyptian Mummification. Heart left in body as seat of the soul. Canopic jars held liver lungs stomach intestines — a key part of the story of Egyptian Mummification. Believed necessary for afterlife journey — a key part of the story of Egyptian Mummification. Death was just the beginning. Archaeologists and historians continue to uncover new evidence about Egyptian Mummification. Ancient sources and modern science together help us reconstruct the world of Egyptian Mummification. Tone: dramatic, fast-paced, documentary style. 9:16 vertical.","Process took 70 days for elite Egyptians. | Brain removed through nose with hooks. | Heart left in body as seat of the soul. | Canopic jars held liver lungs stomach intestines. | Believed necessary for afterlife journey. | Death was just the beginning. | Archaeologists and historians continue to uncover new evidence about Egyptian Mummification. | Ancient sources and modern science together help us reconstruct the world of Egyptian Mummification. | Tone: dramatic, fast-paced, documentary style. 9:16 vertical. | The ancient Egyptians had an elaborate set of funerary practices that they believed were necessary to ensure their. | These rituals included mummifying the body, casting magic spells, and burials with specific grave goods thought to. | The ancient burial process evolved over time as old customs were discarded and new ones adopted, but several.",/images/catalog/063-egyptian-mummification.jpg,#Mummies #AncientEgypt #DeathRituals #HistoryTok,Death was just the beginning. #Mummies #AncientEgypt #DeathRituals #HistoryTok,Hunefer · Public domain,https://commons.wikimedia.org/wiki/File:Opening_of_the_mouth_ceremony_%28cropped%29.jpg
64,Invention of Writing,First words EVER carved in clay.,"Create a 30-second vertical history short about Invention of Writing. Hook: First words EVER carved in clay. Cover: Sumerian cuneiform circa 3200 BCE in Mesopotamia — a key part of the story of Invention of Writing. Started as accounting marks on clay tablets — a key part of the story of Invention of Writing. Epic of Gilgamesh oldest known literature — a key part of the story of Invention of Writing. Writing enabled law religion and science — a key part of the story of Invention of Writing. Most transformative invention in human history — a key part of the story of Invention of Writing. Before writing there was no history only memory. The breakthrough behind Invention of Writing built on centuries of experimentation and curiosity. Technologies born from Invention of Writing still shape daily life in the modern world. Tone: dramatic, fast-paced, documentary style. 9:16 vertical.","Sumerian cuneiform circa 3200 BCE in Mesopotamia. | Started as accounting marks on clay tablets. | Epic of Gilgamesh oldest known literature. | Writing enabled law religion and science. | Most transformative invention in human history. | Before writing there was no history only memory. | The breakthrough behind Invention of Writing built on centuries of experimentation and curiosity. | Technologies born from Invention of Writing still shape daily life in the modern world. | Hook: First words EVER carved in clay. | Tone: dramatic, fast-paced, documentary style. 9:16 vertical. | The history of writing traces the development of writing systems and how their use transformed different societies. | The use of writing – as well as the resulting phenomena of literacy and literary culture in some historical.",/images/catalog/064-invention-of-writing.jpg,#Writing #Sumer #AncientHistory #DidYouKnow,Before writing there was no history only memory. #Writing #Sumer #AncientHistory #DidYouKnow,Hans Hillewaert · CC BY-SA 4.0,https://commons.wikimedia.org/wiki/File:Rosetta_Stone.JPG
65,Battle of Cannae,"Rome's worst defeat. 50,000 DEAD.","Create a 30-second vertical history short about Battle of Cannae. Hook: Rome's worst defeat. 50,000 DEAD. Cover: Hannibal's masterpiece August 216 BCE — a key part of the story of Battle of Cannae. Double envelopment surrounded Roman army — a key part of the story of Battle of Cannae. 50,000 Romans killed in single day — a key part of the story of Battle of Cannae. Still studied in military academies worldwide — a key part of the story of Battle of Cannae. Rome refused to surrender after the disaster — a key part of the story of Battle of Cannae. The perfect battle. 50,000 dead. The outcome of Battle of Cannae reshaped borders, rulers, and the balance of power. Military academies and historians still analyze the tactics and decisions of Battle of Cannae. Tone: dramatic, fast-paced, documentary style. 9:16 vertical.","Hannibal's masterpiece August 216 BCE. | Double envelopment surrounded Roman army. | 50,000 Romans killed in single day. | Still studied in military academies worldwide. | Rome refused to surrender after the disaster. | The perfect battle. 50,000 dead. | The outcome of Battle of Cannae reshaped borders, rulers, and the balance of power. | Military academies and historians still analyze the tactics and decisions of Battle of Cannae. | Hook: Rome's worst defeat. 50,000 DEAD. | Tone: dramatic, fast-paced, documentary style. 9:16 vertical. | Key engagement of the Second Punic War between the Roman Republic and Carthage, fought on 2 August 216 BC near the. | The Carthaginians and their allies, led by Hannibal, surrounded and practically annihilated a larger Roman and.",/images/catalog/065-battle-of-cannae.jpg,#Cannae #Hannibal #MilitaryHistory #HistoryTok,"The perfect battle. 50,000 dead. #Cannae #Hannibal #MilitaryHistory #HistoryTok",John Trumbull · Public domain,https://commons.wikimedia.org/wiki/File:The_Death_of_Paulus_Aemilius_at_the_Battle_of_Cannae_%28Yale_University_Art_Gallery_scan%29.jpg
66,Nazca Lines,Giant drawings. Only visible from SKY.,"Create a 30-second vertical history short about Nazca Lines. Hook: Giant drawings. Only visible from SKY. Cover: Created 500 BCE to 500 CE in Peru desert. Include monkey spider hummingbird and whale — a key part of the story of Nazca Lines. Lines up to 30 miles long — a key part of the story of Nazca Lines. Purpose unknown: astronomy rituals or water — a key part of the story of Nazca Lines. Only fully visible from aircraft altitude — a key part of the story of Nazca Lines. Who drew a monkey you can only see from space?. The events surrounding Nazca Lines reveal how quickly history can turn on a single decision. From classrooms to documentaries, Nazca Lines remains a staple of history storytelling. Tone: dramatic, fast-paced, documentary style. 9:16 vertical.","Created 500 BCE to 500 CE in Peru desert. | Include monkey spider hummingbird and whale. | Lines up to 30 miles long. | Purpose unknown: astronomy rituals or water. | Only fully visible from aircraft altitude. | Who drew a monkey you can only see from space?. | Tone: dramatic, fast-paced, documentary style. 9:16 vertical. | Group of geoglyphs made in the soil of the Nazca Desert in southern Peru. | They were created between 500 BC and 500 AD by people making depressions or shallow incisions in the desert floor. | There are two major phases of the Nazca lines, Paracas phase, from 400 to 200 BC, and Nazca phase, from 200 BC to. | In the 21st century, several hundred new figures have been found with the use of drones, and archaeologists believe. | Most lines run straight across the landscape, but there are also figurative designs of animals and plants.",/images/catalog/066-nazca-lines.jpg,#NazcaLines #Peru #Mystery #HistoryTok,Who drew a monkey you can only see from space? #NazcaLines #Peru #Mystery #HistoryTok,Diego Delso · CC BY-SA 4.0,https://commons.wikimedia.org/wiki/File:L%C3%ADneas_de_Nazca%2C_Nazca%2C_Per%C3%BA%2C_2015-07-29%2C_DD_49.JPG
67,Hanging Gardens of Babylon,One of seven wonders. Never FOUND.,"Create a 30-second vertical history short about Hanging Gardens of Babylon. Hook: One of seven wonders. Never FOUND. Cover: Described by ancient Greek historians — a key part of the story of Hanging Gardens of Babylon. Said to be tiered gardens in ancient Babylon. No archaeological evidence confirms location — a key part of the story of Hanging Gardens of Babylon. May be myth or confused with Assyrian gardens. One of the great unsolved ancient mysteries — a key part of the story of Hanging Gardens of Babylon. The wonder that might never have existed. Archaeologists and historians continue to uncover new evidence about Hanging Gardens of Babylon. Ancient sources and modern science together help us reconstruct the world of Hanging Gardens of Babylon. Tone: dramatic, fast-paced, documentary style. 9:16 vertical.","Described by ancient Greek historians. | Said to be tiered gardens in ancient Babylon. | No archaeological evidence confirms location. | May be myth or confused with Assyrian gardens. | One of the great unsolved ancient mysteries. | The wonder that might never have existed. | Archaeologists and historians continue to uncover new evidence about Hanging Gardens of Babylon. | Ancient sources and modern science together help us reconstruct the world of Hanging Gardens of Babylon. | Hook: One of seven wonders. | Tone: dramatic, fast-paced, documentary style. 9:16 vertical. | The Hanging Gardens of Babylon were one of the Seven Wonders of the Ancient World listed by Hellenic culture. | They were described as a remarkable feat of engineering with an ascending series of tiered gardens containing a wide.",/images/catalog/067-hanging-gardens-of-babylon.jpg,#Babylon #SevenWonders #Mystery #HistoryTok,The wonder that might never have existed. #Babylon #SevenWonders #Mystery #HistoryTok,Unknown author Unknown author · Public domain,https://commons.wikimedia.org/wiki/File:Hanging_Gardens_of_Babylon.jpg
68,Peloponnesian War,Athens vs Sparta. Both LOST.,"Create a 30-second vertical history short about Peloponnesian War. Hook: Athens vs Sparta. Both LOST. Cover: 27-year conflict 431-404 BCE — a key part of the story of Peloponnesian War. Athens' empire vs Sparta's land power — a key part of the story of Peloponnesian War. Plague killed Pericles and weakened Athens — a key part of the story of Peloponnesian War. Sparta finally won with Persian gold — a key part of the story of Peloponnesian War. Destroyed golden age of Greek civilization — a key part of the story of Peloponnesian War. Two giants fought until both fell. Civilians and soldiers alike bore the devastating human cost of Peloponnesian War. The consequences of Peloponnesian War echoed for generations after the fighting stopped. Tone: dramatic, fast-paced, documentary style. 9:16 vertical.","27-year conflict 431-404 BCE. | Athens' empire vs Sparta's land power. | Plague killed Pericles and weakened Athens. | Sparta finally won with Persian gold. | Destroyed golden age of Greek civilization. | Two giants fought until both fell. | Civilians and soldiers alike bore the devastating human cost of Peloponnesian War. | The consequences of Peloponnesian War echoed for generations after the fighting stopped. | Tone: dramatic, fast-paced, documentary style. 9:16 vertical. | The Peloponnesian War was fought in the Eastern Mediterranean between the Athenian-led Delian League and the. | Initially inconclusive, the intervention of the Persian Empire in support of Sparta in 413 BC allowed the Spartan. | The war consists of four related conflicts which have traditionally been combined into one.",/images/catalog/068-peloponnesian-war.png,#PeloponnesianWar #AncientGreece #War #HistoryTok,Two giants fought until both fell. #PeloponnesianWar #AncientGreece #War #HistoryTok,"U.S. Army Cartographer, as amended by uploader to correct spelling mist… · Public domain",https://commons.wikimedia.org/wiki/File:Peloponnesian_war_alliances_431_BC.png
69,Burning of Persepolis,Alexander burned the Persian capital.,"Create a 30-second vertical history short about Burning of Persepolis. Hook: Alexander burned the Persian capital. Cover: Alexander the Great entered Persepolis 330 BCE — a key part of the story of Burning of Persepolis. Legend says he burned palace in drunken rage. Ended Achaemenid Persian Empire — a key part of the story of Burning of Persepolis. Treasury looted wealth spread to army — a key part of the story of Burning of Persepolis. Symbol of Persian civilization destroyed — a key part of the story of Burning of Persepolis. One night of fire. Empire ended. The events surrounding Burning of Persepolis reveal how quickly history can turn on a single decision. From classrooms to documentaries, Burning of Persepolis remains a staple of history storytelling. Tone: dramatic, fast-paced, documentary style. 9:16 vertical.","Alexander the Great entered Persepolis 330 BCE. | Legend says he burned palace in drunken rage. | Ended Achaemenid Persian Empire. | Treasury looted wealth spread to army. | Symbol of Persian civilization destroyed. | One night of fire. Empire ended. | Hook: Alexander burned the Persian capital. | Tone: dramatic, fast-paced, documentary style. 9:16 vertical. | Empire ended. #Persepolis #Persia #AlexanderTheGreat #HistoryTok Alexander burned the Persian capital. | Persepolis was the ceremonial capital of the Achaemenid Empire. | It is situated in the plains of Marvdasht, encircled by the southern Zagros Mountains, Fars province of Iran. | It is one of the key Iranian cultural heritage sites and a UNESCO World Heritage Site.",/images/catalog/069-burning-of-persepolis.jpg,#Persepolis #Persia #AlexanderTheGreat #HistoryTok,One night of fire. Empire ended. #Persepolis #Persia #AlexanderTheGreat #HistoryTok,Pentocelo · Public domain,https://commons.wikimedia.org/wiki/File:Persepolis_tablet.jpg
70,Oracle Bones of China,"3,000-year-old questions to GHOSTS.","Create a 30-second vertical history short about Oracle Bones of China. Hook: 3,000-year-old questions to GHOSTS. Cover: Shang Dynasty divination circa 1200 BCE — a key part of the story of Oracle Bones of China. Questions carved on ox scapula and turtle shells. Heat applied until bones cracked for answers — a key part of the story of Oracle Bones of China. Earliest confirmed Chinese writing survives — a key part of the story of Oracle Bones of China. Asked about war harvests and royal health — a key part of the story of Oracle Bones of China. They asked bones about the future. The events surrounding Oracle Bones of China reveal how quickly history can turn on a single decision. From classrooms to documentaries, Oracle Bones of China remains a staple of history storytelling. Tone: dramatic, fast-paced, documentary style. 9:16 vertical.","Shang Dynasty divination circa 1200 BCE. | Questions carved on ox scapula and turtle shells. | Heat applied until bones cracked for answers. | Earliest confirmed Chinese writing survives. | Asked about war harvests and royal health. | They asked bones about the future. | Hook: 3,000-year-old questions to GHOSTS. | Tone: dramatic, fast-paced, documentary style. 9:16 vertical. | Oracle bones are pieces of ox scapula and turtle plastron which were used in pyromancy – a form of divination –. | Scapulimancy is the specific term if ox scapulae were used for the divination, plastromancy if turtle plastrons were. | A recent count estimated that there were about 13,000 bones with a total of a little over 130,000 inscriptions in. | Diviners would submit questions to deities regarding weather, crop planting, the fortunes of members of the royal.",/images/catalog/070-oracle-bones-of-china.jpg,#OracleBones #AncientChina #Archaeology #HistoryTok,They asked bones about the future. #OracleBones #AncientChina #Archaeology #HistoryTok,User Herr Klugbeisser on de.wikipedia Geschossen von im Shanghai -Museu… · CC BY-SA 3.0,https://commons.wikimedia.org/wiki/File:Orakelknochen.JPG
71,Black Death,Half of Europe. DEAD in 4 years.,"Create a 30-second vertical history short about Black Death. Hook: Half of Europe. DEAD in 4 years. Cover: Pandemic 1347-1351 via fleas on rats — a key part of the story of Black Death. Killed 30-60 percent of Europe's population — a key part of the story of Black Death. Flagellants whipped themselves seeking mercy — a key part of the story of Black Death. Jews falsely blamed and massacred — a key part of the story of Black Death. Labor shortages eventually weakened feudalism — a key part of the story of Black Death. Half of Europe gone in four years. The events surrounding Black Death reveal how quickly history can turn on a single decision. From classrooms to documentaries, Black Death remains a staple of history storytelling. Tone: dramatic, fast-paced, documentary style. 9:16 vertical.","Pandemic 1347-1351 via fleas on rats. | Killed 30-60 percent of Europe's population. | Flagellants whipped themselves seeking mercy. | Jews falsely blamed and massacred. | Labor shortages eventually weakened feudalism. | Half of Europe gone in four years. | Tone: dramatic, fast-paced, documentary style. 9:16 vertical. | Plague pandemic that occurred in Europe from 1346 to 1353. | It was one of the most fatal pandemics in human history, leading to the death of up to 50 million people, or 50% of. | The disease was caused by the bacterium Yersinia pestis, which is primarily spread by flea bites, though it may also. | The Black Death had far-reaching population, economic, and cultural effects. | It has been tentatively considered as the second plague pandemic, despite each of these outbreaks being separated by.",/images/catalog/071-black-death.jpg,#BlackDeath #Medieval #Plague #HistoryTok,Half of Europe gone in four years. #BlackDeath #Medieval #Plague #HistoryTok,Pierart dou Tielt (fl. 1340-1360) · Public domain,https://commons.wikimedia.org/wiki/File:Doutielt3.jpg
72,The Crusades,200 years. 9 wars. Holy LAND.,"Create a 30-second vertical history short about The Crusades. Hook: 200 years. 9 wars. Holy LAND. Cover: Series of religious wars 1095-1291 — a key part of the story of The Crusades. Pope Urban II called First Crusade 1095 — a key part of the story of The Crusades. Christians Muslims and Jews all suffered — a key part of the story of The Crusades. Captured Jerusalem then lost it again — a key part of the story of The Crusades. Legacy of mistrust echoes today — a key part of the story of The Crusades. 200 years of holy war. Who won?. The events surrounding The Crusades reveal how quickly history can turn on a single decision. From classrooms to documentaries, The Crusades remains a staple of history storytelling. Tone: dramatic, fast-paced, documentary style. 9:16 vertical.","Series of religious wars 1095-1291. | Pope Urban II called First Crusade 1095. | Christians Muslims and Jews all suffered. | Captured Jerusalem then lost it again. | Legacy of mistrust echoes today. | 200 years of holy war. Who won?. | Hook: 200 years. 9 wars. | Tone: dramatic, fast-paced, documentary style. 9:16 vertical. 200 years of holy war. | Who won? #Crusades #Medieval #ReligiousWar #HistoryTok 200 years. 9 wars. | Series of military campaigns launched by the papacy between 1095 and 1291 against Muslim rulers for the recovery and. | The First Crusade was proclaimed by Pope Urban II at the Council of Clermont in November 1095—a call to arms for. | By this time, the papacy's position as head of the Catholic Church had strengthened, and earlier conflicts with.",/images/catalog/072-the-crusades.jpg,#Crusades #Medieval #ReligiousWar #HistoryTok,200 years of holy war. Who won? #Crusades #Medieval #ReligiousWar #HistoryTok,Jean Colombe · Public domain,https://commons.wikimedia.org/wiki/File:SiegeofAntioch.jpeg
73,Genghis Khan,40 million dead. Largest empire EVER.,"Create a 30-second vertical history short about Genghis Khan. Hook: 40 million dead. Largest empire EVER. Cover: Founded Mongol Empire 1206 — a key part of the story of Genghis Khan. Conquered more land than anyone in history — a key part of the story of Genghis Khan. Yasa legal code and postal relay system — a key part of the story of Genghis Khan. Religious tolerance across vast empire — a key part of the story of Genghis Khan. DNA study suggests 16 million male descendants — a key part of the story of Genghis Khan. One man. Largest land empire ever. The events surrounding Genghis Khan reveal how quickly history can turn on a single decision. From classrooms to documentaries, Genghis Khan remains a staple of history storytelling. Tone: dramatic, fast-paced, documentary style. 9:16 vertical.","Founded Mongol Empire 1206. | Conquered more land than anyone in history. | Yasa legal code and postal relay system. | Religious tolerance across vast empire. | DNA study suggests 16 million male descendants. | One man. Largest land empire ever. | Tone: dramatic, fast-paced, documentary style. 9:16 vertical. | Largest land empire ever. #GenghisKhan #Mongols #Empire #HistoryTok 40 million dead. | Genghis Khan, also known as Chinggis Khan, was the founder and first khan of the Mongol Empire. | After spending most of his life uniting the Mongol tribes, he launched a series of military campaigns, conquering. | The Rise of Genghis Khan involves the events from his birth as Temüjin in 1162 until 1206, when he was bestowed the. | Genghis Khan was born Temüjin between 1155 and 1167 as the eldest child of Yesugei, a Mongol chieftain of the.",/images/catalog/073-genghis-khan.jpg,#GenghisKhan #Mongols #Empire #HistoryTok,One man. Largest land empire ever. #GenghisKhan #Mongols #Empire #HistoryTok,Unknown author Unknown author · Public domain,https://commons.wikimedia.org/wiki/File:YuanEmperorAlbumGenghisPortrait.jpg
74,Joan of Arc,Teen girl. Led an ARMY.,"Create a 30-second vertical history short about Joan of Arc. Hook: Teen girl. Led an ARMY. Cover: Peasant girl born 1412 in Domremy France — a key part of the story of Joan of Arc. Heard voices telling her to save France — a key part of the story of Joan of Arc. Led French army to lift Siege of Orleans. Captured burned at stake age 19 in 1431. Canonized as saint 1920 nearly 500 years later. 19 years old. Burned for hearing voices. The events surrounding Joan of Arc reveal how quickly history can turn on a single decision. From classrooms to documentaries, Joan of Arc remains a staple of history storytelling. Tone: dramatic, fast-paced, documentary style. 9:16 vertical.","Peasant girl born 1412 in Domremy France. | Heard voices telling her to save France. | Led French army to lift Siege of Orleans. | Captured burned at stake age 19 in 1431. | Canonized as saint 1920 nearly 500 years later. | 19 years old. Burned for hearing voices. | Tone: dramatic, fast-paced, documentary style. 9:16 vertical. 19 years old. | Burned for hearing voices. #JoanOfArc #Medieval #France #HistoryTok Teen girl. | Patron saint of France, honored as a defender of the French nation for her role in the siege of Orléans and her. | Stating that she acted under divine guidance, she became a military leader who gained recognition as a savior of. | Joan of Arc was formally canonized as a saint of the Roman Catholic Church on 16 May 1920 by Pope Benedict XV in his. | Although pro-English clergy had Joan burnt at the stake for heresy in 1431, she was rehabilitated in 1456 after a.",/images/catalog/074-joan-of-arc.jpg,#JoanOfArc #Medieval #France #HistoryTok,19 years old. Burned for hearing voices. #JoanOfArc #Medieval #France #HistoryTok,Derived from original commons upload at which is now in the history ver… · Public domain,https://commons.wikimedia.org/wiki/File:Joan_of_Arc_miniature_graded.jpg
75,Magna Carta,A king forced to SIGN his power away.,"Create a 30-second vertical history short about Magna Carta. Hook: A king forced to SIGN his power away. Cover: Signed June 15 1215 at Runnymede England — a key part of the story of Magna Carta. King John forced by rebellious barons — a key part of the story of Magna Carta. Limited royal power and protected feudal rights — a key part of the story of Magna Carta. Foundation of constitutional law worldwide — a key part of the story of Magna Carta. Only three clauses still valid in UK law. Kings are not above the law. The events surrounding Magna Carta reveal how quickly history can turn on a single decision. From classrooms to documentaries, Magna Carta remains a staple of history storytelling. Tone: dramatic, fast-paced, documentary style. 9:16 vertical.","Signed June 15 1215 at Runnymede England. | King John forced by rebellious barons. | Limited royal power and protected feudal rights. | Foundation of constitutional law worldwide. | Only three clauses still valid in UK law. | Kings are not above the law. | Hook: A king forced to SIGN his power away. | Tone: dramatic, fast-paced, documentary style. 9:16 vertical. | Magna Carta, sometimes spelled Magna Charta, is a royal charter of rights sealed by King John of England at. | First drafted by the Archbishop of Canterbury, Cardinal Stephen Langton, to make peace between the unpopular king. | Neither side stood by their commitments, and the charter was annulled by Pope Innocent III, leading to the First. | After John's death, the regency government of his young son, Henry III, reissued the document in 1216, stripped of.",/images/catalog/075-magna-carta.jpg,#MagnaCarta #Medieval #Law #HistoryFacts,Kings are not above the law. #MagnaCarta #Medieval #Law #HistoryFacts,Original authors were the barons and King John of England . Uploaded by… · Public domain,https://commons.wikimedia.org/wiki/File:Magna_Carta_%28British_Library_Cotton_MS_Augustus_II.106%29.jpg
76,Viking Age,They hit England. Then LEFT.,"Create a 30-second vertical history short about Viking Age. Hook: They hit England. Then LEFT. Cover: Raided and traded 793-1066 CE — a key part of the story of Viking Age. Lindisfarne monastery raid 793 started the era — a key part of the story of Viking Age. Explored North America via Greenland — a key part of the story of Viking Age. Settled Iceland Normandy and Russia — a key part of the story of Viking Age. Warriors traders and craftsmen feared across Europe — a key part of the story of Viking Age. They came from the sea. Then vanished. The events surrounding Viking Age reveal how quickly history can turn on a single decision. From classrooms to documentaries, Viking Age remains a staple of history storytelling. Tone: dramatic, fast-paced, documentary style. 9:16 vertical.","Raided and traded 793-1066 CE. | Lindisfarne monastery raid 793 started the era. | Explored North America via Greenland. | Settled Iceland Normandy and Russia. | Warriors traders and craftsmen feared across Europe. | They came from the sea. Then vanished. | Tone: dramatic, fast-paced, documentary style. 9:16 vertical. | Then vanished. #Vikings #Medieval #NorseHistory #HistoryTok They hit England. | Period during the Middle Ages when Norsemen known as Vikings undertook large-scale raiding, colonising, conquest. | The Viking Age applies not only to their homeland of Scandinavia but also to any place significantly settled by. | Although few of the Scandinavians of the Viking Age were Vikings in the sense of being engaged in piracy, they are. | Vikings were a seafaring people originally from Scandinavia, who from the late 8th to the late 11th centuries.",/images/catalog/076-viking-age.jpg,#Vikings #Medieval #NorseHistory #HistoryTok,They came from the sea. Then vanished. #Vikings #Medieval #NorseHistory #HistoryTok,historical museum · CC BY 2.5,https://commons.wikimedia.org/wiki/File:Bildsten_fr%C3%A5n_Smiss%2C_Gotland.jpg
77,Marco Polo in China,24 years in China. Europe couldn't BELIEVE it.,"Create a 30-second vertical history short about Marco Polo in China. Hook: 24 years in China. Europe couldn't BELIEVE it. Cover: Left Venice 1271 age 17 with father and uncle. Spent 17 years in Kublai Khan's court — a key part of the story of Marco Polo in China. Described paper money and coal to Europeans — a key part of the story of Marco Polo in China. Book The Travels inspired Columbus — a key part of the story of Marco Polo in China. Some scholars debate if he went at all. Europe thought he made it all up. The events surrounding Marco Polo in China reveal how quickly history can turn on a single decision. From classrooms to documentaries, Marco Polo in China remains a staple of history storytelling. Tone: dramatic, fast-paced, documentary style. 9:16 vertical.","Left Venice 1271 age 17 with father and uncle. | Spent 17 years in Kublai Khan's court. | Described paper money and coal to Europeans. | Book The Travels inspired Columbus. | Some scholars debate if he went at all. | Europe thought he made it all up. | Hook: 24 years in China. | Europe couldn't BELIEVE it. | Tone: dramatic, fast-paced, documentary style. 9:16 vertical. | Marco Polo was a Venetian merchant, explorer, and writer who travelled through Asia along the Silk Road between 1271. | His travels are recorded in The Travels of Marco Polo, a book that described the then-mysterious culture and inner. | The Travels of Marco Polo, also known as The Book of the Marvels of the World and by its Italian name Il Milione, is.",/images/catalog/077-marco-polo-in-china.jpg,#MarcoPolo #Medieval #Exploration #HistoryTok,Europe thought he made it all up. #MarcoPolo #Medieval #Exploration #HistoryTok,"[1] , but also many other copies online. · Public domain",https://commons.wikimedia.org/wiki/File:Marco_Polo_portrait.jpg
78,Battle of Hastings,One arrow. England CHANGED forever.,"Create a 30-second vertical history short about Battle of Hastings. Hook: One arrow. England CHANGED forever. Cover: Fought October 14 1066 in England — a key part of the story of Battle of Hastings. William Duke of Normandy vs King Harold — a key part of the story of Battle of Hastings. Harold allegedly killed by arrow to the eye. Norman Conquest transformed English language — a key part of the story of Battle of Hastings. Bayeux Tapestry depicts the battle — a key part of the story of Battle of Hastings. One battle. English forever changed. The outcome of Battle of Hastings reshaped borders, rulers, and the balance of power. Military academies and historians still analyze the tactics and decisions of Battle of Hastings. Tone: dramatic, fast-paced, documentary style. 9:16 vertical.","Fought October 14 1066 in England. | William Duke of Normandy vs King Harold. | Harold allegedly killed by arrow to the eye. | Norman Conquest transformed English language. | Bayeux Tapestry depicts the battle. | One battle. English forever changed. | The outcome of Battle of Hastings reshaped borders, rulers, and the balance of power. | Military academies and historians still analyze the tactics and decisions of Battle of Hastings. | England CHANGED forever. | Tone: dramatic, fast-paced, documentary style. 9:16 vertical. | English forever changed. #Hastings #1066 #BritishHistory #HistoryTok One arrow. | The Battle of Hastings was fought on 14 October 1066 between the Norman-French army of William, Duke of Normandy.",/images/catalog/078-battle-of-hastings.jpg,#Hastings #1066 #BritishHistory #HistoryTok,One battle. English forever changed. #Hastings #1066 #BritishHistory #HistoryTok,Myrabella · Public domain,https://commons.wikimedia.org/wiki/File:Bayeux_Tapestry_scene57_Harold_death.jpg
79,Gutenberg Printing Press,One invention. Knowledge EXPLODED.,"Create a 30-second vertical history short about Gutenberg Printing Press. Hook: One invention. Knowledge EXPLODED. Cover: Johannes Gutenberg printed Bible circa 1455 — a key part of the story of Gutenberg Printing Press. Movable type revolutionized book production — a key part of the story of Gutenberg Printing Press. Books went from luxury to mass commodity — a key part of the story of Gutenberg Printing Press. Enabled Reformation Scientific Revolution — a key part of the story of Gutenberg Printing Press. Most important invention of second millennium — a key part of the story of Gutenberg Printing Press. Before this most people never read a book. The events surrounding Gutenberg Printing Press reveal how quickly history can turn on a single decision. From classrooms to documentaries, Gutenberg Printing Press remains a staple of history storytelling. Tone: dramatic, fast-paced, documentary style. 9:16 vertical.","Johannes Gutenberg printed Bible circa 1455. | Movable type revolutionized book production. | Books went from luxury to mass commodity. | Enabled Reformation Scientific Revolution. | Most important invention of second millennium. | Before this most people never read a book. | Tone: dramatic, fast-paced, documentary style. 9:16 vertical. | A printing press is a machine that transfers ink onto materials such as paper or cloth by applying pressure to an. | It marked a major advance on earlier methods, in which ink was applied to the printing surface and the paper was. | The invention and global spread of the printing press transformed book production and communication during the early. | Johannes Gensfleisch zur Laden zum Gutenberg was a German inventor and craftsman who invented the movable-type. | Though movable type was already in use in East Asia, Gutenberg's invention of the printing press enabled a much.",/images/catalog/079-gutenberg-printing-press.jpg,#Gutenberg #PrintingPress #Medieval #HistoryTok,Before this most people never read a book. #Gutenberg #PrintingPress #Medieval #HistoryTok,"Moses, et al. · CC BY-SA 3.0",https://commons.wikimedia.org/wiki/File:Gutenberg_Bible.jpg
80,Charlemagne,King of the Franks. Father of EUROPE.,"Create a 30-second vertical history short about Charlemagne. Hook: King of the Franks. Father of EUROPE. Cover: Crowned Holy Roman Emperor 800 CE — a key part of the story of Charlemagne. United much of Western Europe by conquest — a key part of the story of Charlemagne. Promoted education Carolingian Renaissance — a key part of the story of Charlemagne. Standardized currency and weights — a key part of the story of Charlemagne. French and German nations trace roots to him. He tried to rebuild the Roman Empire. The events surrounding Charlemagne reveal how quickly history can turn on a single decision. From classrooms to documentaries, Charlemagne remains a staple of history storytelling. Tone: dramatic, fast-paced, documentary style. 9:16 vertical.","Crowned Holy Roman Emperor 800 CE. | United much of Western Europe by conquest. | Promoted education Carolingian Renaissance. | Standardized currency and weights. | French and German nations trace roots to him. | He tried to rebuild the Roman Empire. | Hook: King of the Franks. | Tone: dramatic, fast-paced, documentary style. 9:16 vertical. | Charlemagne was King of the Franks from 768, King of the Lombards from 774, and Emperor of what is now known as the. | He united most of Western and Central Europe and was the first recognised emperor to rule from the west after the. | Charlemagne's reign was marked by political and social changes that had lasting influence on Europe throughout the. | A member of the Frankish Carolingian dynasty, Charlemagne was the eldest son of Pepin the Short and Bertrada of Laon.",/images/catalog/080-charlemagne.jpg,#Charlemagne #Medieval #Europe #HistoryTok,He tried to rebuild the Roman Empire. #Charlemagne #Medieval #Europe #HistoryTok,Charlemagne. Autorité émettrice de monnaie indéterminé. Atelier monétai… · Public domain,https://commons.wikimedia.org/wiki/File:Charlemagne_denier_Mayence_812_814.jpg
81,Fall of Constantinople,"1,000-year empire. Gone in 53 DAYS.","Create a 30-second vertical history short about Fall of Constantinople. Hook: 1,000-year empire. Gone in 53 DAYS. Cover: Ottoman Sultan Mehmed II besieged 1453 — a key part of the story of Fall of Constantinople. Byzantine Empire's capital finally fell May 29 — a key part of the story of Fall of Constantinople. Giant cannons breached ancient Theodosian Walls — a key part of the story of Fall of Constantinople. Constantine XI died fighting on the walls — a key part of the story of Fall of Constantinople. End of Roman Empire after 1,500 years — a key part of the story of Fall of Constantinople. The last Roman emperor died on the walls. The events surrounding Fall of Constantinople reveal how quickly history can turn on a single decision. From classrooms to documentaries, Fall of Constantinople remains a staple of history storytelling. Tone: dramatic, fast-paced, documentary style. 9:16 vertical.","Ottoman Sultan Mehmed II besieged 1453. | Byzantine Empire's capital finally fell May 29. | Giant cannons breached ancient Theodosian Walls. | Constantine XI died fighting on the walls. | End of Roman Empire after 1,500 years. | The last Roman emperor died on the walls. | Hook: 1,000-year empire. | Tone: dramatic, fast-paced, documentary style. 9:16 vertical. | Constantinople, the capital city of the Byzantine Empire, was captured by the Ottoman Empire on 29 May 1453 as part. | The attacking Ottoman Army, which significantly outnumbered Constantinople's defenders, was commanded by Sultan. | After conquering the city, Mehmed II made Constantinople the new Ottoman capital, replacing Adrianople. | The fall of Constantinople and of the Byzantine Empire was a watershed moment of the Late Middle Ages, marking the.",/images/catalog/081-fall-of-constantinople.jpg,#Constantinople #Byzantine #Ottoman #HistoryTok,The last Roman emperor died on the walls. #Constantinople #Byzantine #Ottoman #HistoryTok,DimiTalen · CC0,https://commons.wikimedia.org/wiki/File:Siege_of_Constantinople_fresco%2C_Moldovi%C8%9Ba_monastery%2C_Vatra_Moldovi%C8%9Bei%2C_2017.jpg
82,Knights Templar,Warriors. Bankers. Then EXTERMINATED.,"Create a 30-second vertical history short about Knights Templar. Hook: Warriors. Bankers. Then EXTERMINATED. Cover: Founded 1119 to protect pilgrims in Holy Land. Became medieval Europe's first international bankers — a key part of the story of Knights Templar. Invented early forms of cheques and credit — a key part of the story of Knights Templar. King Philip IV arrested and tortured them 1307. Friday the 13th 1307 mass arrests became legend. They invented banking. Then kings killed them. The events surrounding Knights Templar reveal how quickly history can turn on a single decision. From classrooms to documentaries, Knights Templar remains a staple of history storytelling. Tone: dramatic, fast-paced, documentary style. 9:16 vertical.","Founded 1119 to protect pilgrims in Holy Land. | Became medieval Europe's first international bankers. | Invented early forms of cheques and credit. | King Philip IV arrested and tortured them 1307. | Friday the 13th 1307 mass arrests became legend. | They invented banking. Then kings killed them. | Tone: dramatic, fast-paced, documentary style. 9:16 vertical. | Then kings killed them. #KnightsTemplar #Medieval #SecretHistory #HistoryTok Warriors. | The Poor Fellow-Soldiers of Christ and of the Temple of Solomon, mainly known as the Knights Templar, was a military. | They were founded in 1118 to defend pilgrims on their way to Jerusalem, with their headquarters located there on the. | Officially endorsed by the Catholic Church by such decrees as the papal bull Omne datum optimum of Innocent II, the. | The Templar knights, in their distinctive white mantles with a red cross, were among the most skilled fighting units.",/images/catalog/082-knights-templar.png,#KnightsTemplar #Medieval #SecretHistory #HistoryTok,They invented banking. Then kings killed them. #KnightsTemplar #Medieval #SecretHistory #HistoryTok,Silenthill02 · CC BY-SA 3.0,https://commons.wikimedia.org/wiki/File:Movimiento_templario.png
83,Hundred Years War,116 years. One teenager with a SWORD.,"Create a 30-second vertical history short about Hundred Years War. Hook: 116 years. One teenager with a SWORD. Cover: England vs France 1337-1453 — a key part of the story of Hundred Years War. Joan of Arc turned tide for France — a key part of the story of Hundred Years War. Longbow changed medieval warfare forever — a key part of the story of Hundred Years War. Black Prince and Henry V won famous victories. Actually lasted 116 years with long truces — a key part of the story of Hundred Years War. 116 years. One war. One legend. Civilians and soldiers alike bore the devastating human cost of Hundred Years War. The consequences of Hundred Years War echoed for generations after the fighting stopped. Tone: dramatic, fast-paced, documentary style. 9:16 vertical.","England vs France 1337-1453. | Joan of Arc turned tide for France. | Longbow changed medieval warfare forever. | Black Prince and Henry V won famous victories. | Actually lasted 116 years with long truces. | 116 years. One war. One legend. | Civilians and soldiers alike bore the devastating human cost of Hundred Years War. | The consequences of Hundred Years War echoed for generations after the fighting stopped. | One teenager with a SWORD. | Tone: dramatic, fast-paced, documentary style. 9:16 vertical. 116 years. | One legend. #HundredYearsWar #Medieval #MilitaryHistory #HistoryTok 116 years. | The Hundred Years' War was a series of conflicts between the kingdoms of England and France and a civil war in.",/images/catalog/083-hundred-years-war.jpg,#HundredYearsWar #Medieval #MilitaryHistory #HistoryTok,116 years. One war. One legend. #HundredYearsWar #Medieval #MilitaryHistory #HistoryTok,Blaue Max · CC BY-SA 4.0,https://commons.wikimedia.org/wiki/File:Hundred_years_war_collage.jpg
84,Spanish Inquisition,Nobody expected it.,"Create a 30-second vertical history short about Spanish Inquisition. Hook: Nobody expected it. Cover: Established 1478 by Ferdinand and Isabella — a key part of the story of Spanish Inquisition. Targeted converted Jews and Muslims suspected of heresy. Torture used to extract confessions — a key part of the story of Spanish Inquisition. Auto-da-fe public burnings terrified population — a key part of the story of Spanish Inquisition. Not as deadly as myth but created lasting fear. Nobody expected it. Everyone feared it. The events surrounding Spanish Inquisition reveal how quickly history can turn on a single decision. From classrooms to documentaries, Spanish Inquisition remains a staple of history storytelling. Tone: dramatic, fast-paced, documentary style. 9:16 vertical.","Established 1478 by Ferdinand and Isabella. | Targeted converted Jews and Muslims suspected of heresy. | Torture used to extract confessions. | Auto-da-fe public burnings terrified population. | Not as deadly as myth but created lasting fear. | Nobody expected it. Everyone feared it. | Hook: Nobody expected it. | Tone: dramatic, fast-paced, documentary style. 9:16 vertical. | The Tribunal of the Holy Office of the Inquisition was authorized by Pope Sixtus IV in 1478 and the first. | Although its stated aim was to maintain Christian orthodoxy, it became an effective instrument of state power by. | Over the course of the Inquisition, the Inquisition prosecuted an estimated 150,000 people for various offences. | Of these, an estimated 3,000–5,000 were turned over to the state for execution, particularly in the initial 50.",/images/catalog/084-spanish-inquisition.png,#SpanishInquisition #Medieval #Religion #HistoryTok,Nobody expected it. Everyone feared it. #SpanishInquisition #Medieval #Religion #HistoryTok,Joseph-Nicolas Robert-Fleury · Public domain,https://commons.wikimedia.org/wiki/File:Galileo_before_the_Holy_Office_-_Joseph-Nicolas_Robert-Fleury%2C_1847.png
85,Viking Discovery of America,500 years BEFORE Columbus.,"Create a 30-second vertical history short about Viking Discovery of America. Hook: 500 years BEFORE Columbus. Cover: Leif Erikson reached North America circa 1000 CE. Land called Vinland in Norse sagas — a key part of the story of Viking Discovery of America. Archaeological site L'Anse aux Meadows confirmed — a key part of the story of Viking Discovery of America. Settlement in Newfoundland Canada — a key part of the story of Viking Discovery of America. Abandoned after conflicts with indigenous peoples — a key part of the story of Viking Discovery of America. Columbus was 500 years late. The discovery behind Viking Discovery of America opened entirely new fields of science and medicine. Researchers today still extend the breakthrough that began with Viking Discovery of America. Tone: dramatic, fast-paced, documentary style. 9:16 vertical.","Leif Erikson reached North America circa 1000 CE. | Land called Vinland in Norse sagas. | Archaeological site L'Anse aux Meadows confirmed. | Settlement in Newfoundland Canada. | Abandoned after conflicts with indigenous peoples. | Columbus was 500 years late. | The discovery behind Viking Discovery of America opened entirely new fields of science and medicine. | Researchers today still extend the breakthrough that began with Viking Discovery of America. | Tone: dramatic, fast-paced, documentary style. 9:16 vertical. | The Norse settlement of North America, including Greenland, began in the late 10th century AD and lasted for about. | Further west, the evidence is more limited. | Only one Canadian settlement has been confirmed: L'Anse aux Meadows in Newfoundland.",/images/catalog/085-viking-discovery-of-america.jpg,#Vikings #Vinland #Exploration #HistoryTok,Columbus was 500 years late. #Vikings #Vinland #Exploration #HistoryTok,D. Gordon E. Robertson · CC BY-SA 3.0,https://commons.wikimedia.org/wiki/File:L%27Anse_aux_Meadows%2C_recreated_long_house.jpg
86,Siege of Orleans,Joan's first victory. France REBORN.,"Create a 30-second vertical history short about Siege of Orleans. Hook: Joan's first victory. France REBORN. Cover: English besieged Orleans October 1428 — a key part of the story of Siege of Orleans. Joan of Arc arrived April 1429 — a key part of the story of Siege of Orleans. Rallied French troops to break siege May 8. Turning point of Hundred Years War — a key part of the story of Siege of Orleans. Made Joan national hero and saint — a key part of the story of Siege of Orleans. One siege. One girl. France saved. Civilians and soldiers alike bore the devastating human cost of Siege of Orleans. The consequences of Siege of Orleans echoed for generations after the fighting stopped. Tone: dramatic, fast-paced, documentary style. 9:16 vertical.","English besieged Orleans October 1428. | Joan of Arc arrived April 1429. | Rallied French troops to break siege May 8. | Turning point of Hundred Years War. | Made Joan national hero and saint. | One siege. One girl. France saved. | Civilians and soldiers alike bore the devastating human cost of Siege of Orleans. | The consequences of Siege of Orleans echoed for generations after the fighting stopped. | Hook: Joan's first victory. | Tone: dramatic, fast-paced, documentary style. 9:16 vertical. | France saved. #Orleans #JoanOfArc #Medieval #HistoryTok Joan's first victory. | The siege of Orléans marked a turning point of the Hundred Years' War between France and England.",/images/catalog/086-siege-of-orleans.jpg,#Orleans #JoanOfArc #Medieval #HistoryTok,One siege. One girl. France saved. #Orleans #JoanOfArc #Medieval #HistoryTok,Eugène Lenepveu · Public domain,https://commons.wikimedia.org/wiki/File:Lenepveu%2C_Jeanne_d%27Arc_au_si%C3%A8ge_d%27Orl%C3%A9ans.jpg
87,Domesday Book,1086 census. Every cow COUNTED.,"Create a 30-second vertical history short about Domesday Book. Hook: 1086 census. Every cow COUNTED. Cover: William the Conqueror ordered survey 1086 — a key part of the story of Domesday Book. Recorded land ownership across England — a key part of the story of Domesday Book. Named after Judgment Day doom — a key part of the story of Domesday Book. Most complete medieval census in Europe — a key part of the story of Domesday Book. Still referenced in modern property disputes — a key part of the story of Domesday Book. Every field. Every cow. Every person. The events surrounding Domesday Book reveal how quickly history can turn on a single decision. From classrooms to documentaries, Domesday Book remains a staple of history storytelling. Tone: dramatic, fast-paced, documentary style. 9:16 vertical.","William the Conqueror ordered survey 1086. | Recorded land ownership across England. | Named after Judgment Day doom. | Most complete medieval census in Europe. | Still referenced in modern property disputes. | Every field. Every cow. Every person. | Tone: dramatic, fast-paced, documentary style. 9:16 vertical. | Every person. #DomesdayBook #Medieval #Britain #HistoryFacts 1086 census. | Manuscript record of the Great Survey of much of England and parts of Wales completed in 1086 at the behest of. | The manuscript was originally known by the Latin name Liber de Wintonia, meaning ""Book of Winchester"", where it was. | The Anglo-Saxon Chronicle states that in 1085 the king sent his agents to survey every shire in England, to list his. | The Middle English spelling of ""Doomsday Book"") is a manuscript record of the Great Survey of much of England and.",/images/catalog/087-domesday-book.jpg,#DomesdayBook #Medieval #Britain #HistoryFacts,Every field. Every cow. Every person. #DomesdayBook #Medieval #Britain #HistoryFacts,"Andrews, William · Public domain",https://commons.wikimedia.org/wiki/File:Domesday-book-1804x972.jpg
88,Battle of Agincourt,English longbows vs French KNIGHTS.,"Create a 30-second vertical history short about Battle of Agincourt. Hook: English longbows vs French KNIGHTS. Cover: Fought October 25 1415 in France — a key part of the story of Battle of Agincourt. Henry V's outnumbered army won decisively — a key part of the story of Battle of Agincourt. Longbowmen devastated French knights in mud — a key part of the story of Battle of Agincourt. French lost thousands of noblemen — a key part of the story of Battle of Agincourt. Immortalized by Shakespeare's Henry V — a key part of the story of Battle of Agincourt. Mud. Arrows. A king's glory. The outcome of Battle of Agincourt reshaped borders, rulers, and the balance of power. Military academies and historians still analyze the tactics and decisions of Battle of Agincourt. Tone: dramatic, fast-paced, documentary style. 9:16 vertical.","Fought October 25 1415 in France. | Henry V's outnumbered army won decisively. | Longbowmen devastated French knights in mud. | French lost thousands of noblemen. | Immortalized by Shakespeare's Henry V. | Mud. Arrows. A king's glory. | The outcome of Battle of Agincourt reshaped borders, rulers, and the balance of power. | Military academies and historians still analyze the tactics and decisions of Battle of Agincourt. | Hook: English longbows vs French KNIGHTS. | Tone: dramatic, fast-paced, documentary style. 9:16 vertical. | A king's glory. #Agincourt #Medieval #MilitaryHistory #HistoryTok English longbows vs French KNIGHTS. | English victory in the Hundred Years' War .",/images/catalog/088-battle-of-agincourt.jpg,#Agincourt #Medieval #MilitaryHistory #HistoryTok,Mud. Arrows. A king's glory. #Agincourt #Medieval #MilitaryHistory #HistoryTok,"Antoine Leduc, Sylvie Leluc et Olivier Renaudeau (dir.), D'Azincourt à… · Public domain",https://commons.wikimedia.org/wiki/File:Schlacht_von_Azincourt.jpg
89,Reconquista of Spain,700 years to take Spain BACK.,"Create a 30-second vertical history short about Reconquista of Spain. Hook: 700 years to take Spain BACK. Cover: Christian kingdoms reconquered Iberia 718-1492 — a key part of the story of Reconquista of Spain. Granada last Muslim kingdom fell 1492 — a key part of the story of Reconquista of Spain. Same year Columbus sailed to Americas — a key part of the story of Reconquista of Spain. Coexistence convivencia then expulsion — a key part of the story of Reconquista of Spain. Shaped modern Spain and Portugal — a key part of the story of Reconquista of Spain. 700 years of war. One final victory. The events surrounding Reconquista of Spain reveal how quickly history can turn on a single decision. From classrooms to documentaries, Reconquista of Spain remains a staple of history storytelling. Tone: dramatic, fast-paced, documentary style. 9:16 vertical.","Christian kingdoms reconquered Iberia 718-1492. | Granada last Muslim kingdom fell 1492. | Same year Columbus sailed to Americas. | Coexistence convivencia then expulsion. | Shaped modern Spain and Portugal. | 700 years of war. One final victory. | Hook: 700 years to take Spain BACK. | Tone: dramatic, fast-paced, documentary style. 9:16 vertical. 700 years of war. | One final victory. #Reconquista #Medieval #Spain #HistoryTok 700 years to take Spain BACK. | The Reconquista or the fall of al-Andalus was a series of military campaigns by northern Iberian Christian polities. | The Reconquista concluded in 1492 with the capture of Granada by the Catholic Monarchs of Spain, thereby ending the. | The beginning of the Reconquista is traditionally dated to the Battle of Covadonga , approximately a decade after.",/images/catalog/089-reconquista-of-spain.jpg,#Reconquista #Medieval #Spain #HistoryTok,700 years of war. One final victory. #Reconquista #Medieval #Spain #HistoryTok,Bert K. · CC BY 2.0,https://commons.wikimedia.org/wiki/File:Granada_Alhambra.jpg
90,William Wallace,Freedom. One kilogram at a TIME.,"Create a 30-second vertical history short about William Wallace. Hook: Freedom. One kilogram at a TIME. Cover: Scottish knight led resistance against England — a key part of the story of William Wallace. Victory at Battle of Stirling Bridge 1297 — a key part of the story of William Wallace. Captured and executed 1305 hung drawn quartered — a key part of the story of William Wallace. Braveheart film dramatized his legend — a key part of the story of William Wallace. Symbol of Scottish independence forever — a key part of the story of William Wallace. They killed him. Scotland remembered. The events surrounding William Wallace reveal how quickly history can turn on a single decision. From classrooms to documentaries, William Wallace remains a staple of history storytelling. Tone: dramatic, fast-paced, documentary style. 9:16 vertical.","Scottish knight led resistance against England. | Victory at Battle of Stirling Bridge 1297. | Captured and executed 1305 hung drawn quartered. | Braveheart film dramatized his legend. | Symbol of Scottish independence forever. | They killed him. Scotland remembered. | Tone: dramatic, fast-paced, documentary style. 9:16 vertical. | Scotland remembered. #WilliamWallace #Scotland #Medieval #HistoryTok Freedom. | Sir William Wallace was a Scottish knight who became one of the main leaders during the First War of Scottish. | Sir William Wallace (Scottish Gaelic: Uilleam Uallas, pronounced ; Norman French: William le Waleys; c. 1270 – 23. | Norman French: William le Waleys. | Along with Andrew Moray, Wallace defeated an English army at the Battle of Stirling Bridge in September 1297.",/images/catalog/090-william-wallace.jpg,#WilliamWallace #Scotland #Medieval #HistoryTok,They killed him. Scotland remembered. #WilliamWallace #Scotland #Medieval #HistoryTok,"11th Earl of Buchan, David Stuart Erskine, · Public domain",https://commons.wikimedia.org/wiki/File:WilliamWallaceByDavidofBuchan.jpg
91,Mongol Sack of Baghdad,Libraries thrown in the TIGRIS.,"Create a 30-second vertical history short about Mongol Sack of Baghdad. Hook: Libraries thrown in the TIGRIS. Cover: Hulagu Khan besieged Baghdad 1258 — a key part of the story of Mongol Sack of Baghdad. House of Wisdom library destroyed — a key part of the story of Mongol Sack of Baghdad. River ran black with ink from burned books. Estimated 200,000 to 1 million killed — a key part of the story of Mongol Sack of Baghdad. Ended Islamic Golden Age in the city — a key part of the story of Mongol Sack of Baghdad. Ink ran in the river. Knowledge drowned. The events surrounding Mongol Sack of Baghdad reveal how quickly history can turn on a single decision. From classrooms to documentaries, Mongol Sack of Baghdad remains a staple of history storytelling. Tone: dramatic, fast-paced, documentary style. 9:16 vertical.","Hulagu Khan besieged Baghdad 1258. | House of Wisdom library destroyed. | River ran black with ink from burned books. | Estimated 200,000 to 1 million killed. | Ended Islamic Golden Age in the city. | Ink ran in the river. Knowledge drowned. | Hook: Libraries thrown in the TIGRIS. | Tone: dramatic, fast-paced, documentary style. 9:16 vertical. | Knowledge drowned. #Baghdad #Mongols #Medieval #HistoryTok Libraries thrown in the TIGRIS. | The Siege of Baghdad, also known as the Sack of Baghdad, took place in early 1258. | A large army commanded by Hulegu, a prince of the Mongol Empire, attacked the historic capital of the Abbasid. | Within a few weeks, Baghdad fell and was sacked by the Mongol army—al-Musta'sim was killed alongside hundreds of.",/images/catalog/091-mongol-sack-of-baghdad.jpg,#Baghdad #Mongols #Medieval #HistoryTok,Ink ran in the river. Knowledge drowned. #Baghdad #Mongols #Medieval #HistoryTok,Sayf al-vâhidî et al. · Public domain,https://commons.wikimedia.org/wiki/File:Bagdad1258.jpg
92,Blackbeard the Pirate,14 wives. 40 cannons. LEGEND.,"Create a 30-second vertical history short about Blackbeard the Pirate. Hook: 14 wives. 40 cannons. LEGEND. Cover: Real name Edward Teach or Thatch — a key part of the story of Blackbeard the Pirate. Terrorized American colonies 1716-1718 — a key part of the story of Blackbeard the Pirate. Blockaded Charleston South Carolina — a key part of the story of Blackbeard the Pirate. Ship Queen Anne's Revenge ran aground — a key part of the story of Blackbeard the Pirate. Killed in battle with British Navy 1718 — a key part of the story of Blackbeard the Pirate. The most feared pirate who ever lived. The events surrounding Blackbeard the Pirate reveal how quickly history can turn on a single decision. From classrooms to documentaries, Blackbeard the Pirate remains a staple of history storytelling. Tone: dramatic, fast-paced, documentary style. 9:16 vertical.","Real name Edward Teach or Thatch. | Terrorized American colonies 1716-1718. | Blockaded Charleston South Carolina. | Ship Queen Anne's Revenge ran aground. | Killed in battle with British Navy 1718. | The most feared pirate who ever lived. | Hook: 14 wives. 40 cannons. | Tone: dramatic, fast-paced, documentary style. 9:16 vertical. | Edward Teach, better known as Blackbeard, was an English pirate who operated around the West Indies and the eastern. | He remains one of history's most well-known pirates. | 1952 American adventure pirate film directed by Raoul Walsh and starring Robert Newton, Linda Darnell, William. | The film was produced Edmund Grainger for RKO Radio Pictures and the screenplay was written by Alan Le May based on.",/images/catalog/092-blackbeard-the-pirate.jpg,#Blackbeard #Pirates #TrueCrime #HistoryTok,The most feared pirate who ever lived. #Blackbeard #Pirates #TrueCrime #HistoryTok,Joseph Nicholls (fl. 1726–55). [1] Although James Basire (1730–1802) is… · Public domain,https://commons.wikimedia.org/wiki/File:Edward_Teach_Commonly_Call%27d_Black_Beard_%28bw%29_%28cropped%29.jpg
93,Peasants Revolt of 1381,Serfs marched on LONDON.,"Create a 30-second vertical history short about Peasants Revolt of 1381. Hook: Serfs marched on LONDON. Cover: Triggered by poll tax in England — a key part of the story of Peasants Revolt of 1381. Wat Tyler led 60,000 rebels to London — a key part of the story of Peasants Revolt of 1381. Burned Savoy Palace killed Archbishop of Canterbury — a key part of the story of Peasants Revolt of 1381. King Richard II promised reforms then betrayed — a key part of the story of Peasants Revolt of 1381. Showed limits of feudal power cracking — a key part of the story of Peasants Revolt of 1381. Serfs marched on the king. Almost won. Civilians and soldiers alike bore the devastating human cost of Peasants Revolt of 1381. The consequences of Peasants Revolt of 1381 echoed for generations after the fighting stopped. Tone: dramatic, fast-paced, documentary style. 9:16 vertical.","Triggered by poll tax in England. | Wat Tyler led 60,000 rebels to London. | Burned Savoy Palace killed Archbishop of Canterbury. | King Richard II promised reforms then betrayed. | Showed limits of feudal power cracking. | Serfs marched on the king. Almost won. | Civilians and soldiers alike bore the devastating human cost of Peasants Revolt of 1381. | The consequences of Peasants Revolt of 1381 echoed for generations after the fighting stopped. | Hook: Serfs marched on LONDON. | Tone: dramatic, fast-paced, documentary style. 9:16 vertical. | Almost won. #PeasantsRevolt #Medieval #Britain #HistoryTok Serfs marched on LONDON. | The Peasants' Revolt, also named Wat Tyler's Rebellion or the Great Uprising, was a major uprising across large.",/images/catalog/093-peasants-revolt-of-1381.jpg,#PeasantsRevolt #Medieval #Britain #HistoryTok,Serfs marched on the king. Almost won. #PeasantsRevolt #Medieval #Britain #HistoryTok,Jean Froissart · Public domain,https://commons.wikimedia.org/wiki/File:Jean_Froissart%2C_Chroniques%2C_154v%2C_12148_btv1b8438605hf336%2C_crop.jpg
94,Battle of Tours,Charles Martel stopped Islam in FRANCE.,"Create a 30-second vertical history short about Battle of Tours. Hook: Charles Martel stopped Islam in FRANCE. Cover: Fought 732 CE near Poitiers France — a key part of the story of Battle of Tours. Frankish forces under Charles Martel — a key part of the story of Battle of Tours. Halted Umayyad Caliphate expansion into Europe — a key part of the story of Battle of Tours. Martel means the Hammer — a key part of the story of Battle of Tours. Victory preserved Christian Europe's north — a key part of the story of Battle of Tours. One battle. Europe's fate decided. The outcome of Battle of Tours reshaped borders, rulers, and the balance of power. Military academies and historians still analyze the tactics and decisions of Battle of Tours. Tone: dramatic, fast-paced, documentary style. 9:16 vertical.","Fought 732 CE near Poitiers France. | Frankish forces under Charles Martel. | Halted Umayyad Caliphate expansion into Europe. | Victory preserved Christian Europe's north. | One battle. Europe's fate decided. | The outcome of Battle of Tours reshaped borders, rulers, and the balance of power. | Military academies and historians still analyze the tactics and decisions of Battle of Tours. | Hook: Charles Martel stopped Islam in FRANCE. | Tone: dramatic, fast-paced, documentary style. 9:16 vertical. | Europe's fate decided. #BattleOfTours #Medieval #MilitaryHistory #HistoryTok Charles Martel stopped Islam in FRANCE. | The Battle of Tours, also called the Battle of Poitiers and the Battle of the Highway of the Martyrs, was fought on. | It resulted in victory for the Frankish and Aquitanian forces, led by Charles Martel, over the invading Umayyad.",/images/catalog/094-battle-of-tours.png,#BattleOfTours #Medieval #MilitaryHistory #HistoryTok,One battle. Europe's fate decided. #BattleOfTours #Medieval #MilitaryHistory #HistoryTok,Charles de Steuben · Public domain,https://commons.wikimedia.org/wiki/File:Steuben_-_Bataille_de_Poitiers.png
95,Song Dynasty Gunpowder,They invented GUNPOWDER. Changed war.,"Create a 30-second vertical history short about Song Dynasty Gunpowder. Hook: They invented GUNPOWDER. Changed war. Cover: Gunpowder invented circa 9th century China — a key part of the story of Song Dynasty Gunpowder. Song Dynasty used it in warfare by 11th century. Fire lances proto-guns and bombs developed — a key part of the story of Song Dynasty Gunpowder. Spread west via Silk Road and Mongols — a key part of the story of Song Dynasty Gunpowder. Transformed warfare forever globally — a key part of the story of Song Dynasty Gunpowder. They invented the thing that ended knights. The events surrounding Song Dynasty Gunpowder reveal how quickly history can turn on a single decision. From classrooms to documentaries, Song Dynasty Gunpowder remains a staple of history storytelling. Tone: dramatic, fast-paced, documentary style. 9:16 vertical.","Gunpowder invented circa 9th century China. | Song Dynasty used it in warfare by 11th century. | Fire lances proto-guns and bombs developed. | Spread west via Silk Road and Mongols. | Transformed warfare forever globally. | They invented the thing that ended knights. | Hook: They invented GUNPOWDER. | Tone: dramatic, fast-paced, documentary style. 9:16 vertical. | The military history of the Song dynasty encompasses military activity of the Han Chinese state of Song from 960 AD. | Gunpowder weapons in the Song dynasty included fire arrows, gunpowder lit flamethrowers, soft shell bombs, hard. | The eruptors, such as the ""multiple bullets magazine eruptors"" , consisting of a tube of bronze or cast iron that. | The use of proto-cannon, and other gunpowder weapons, enabled the Song dynasty to ward off its generally militarily.",/images/catalog/095-song-dynasty-gunpowder.jpg,#Gunpowder #AncientChina #Invention #HistoryTok,They invented the thing that ended knights. #Gunpowder #AncientChina #Invention #HistoryTok,PericlesofAthens · Public domain,https://commons.wikimedia.org/wiki/File:Chinese_Gunpowder_Formula.JPG
96,Medieval Witch Hunts,Thousands burned. Most were WOMEN.,"Create a 30-second vertical history short about Medieval Witch Hunts. Hook: Thousands burned. Most were WOMEN. Cover: Peak persecutions 1450-1750 in Europe — a key part of the story of Medieval Witch Hunts. Malleus Maleficarum witch-hunting manual 1487 — a key part of the story of Medieval Witch Hunts. Estimated 40,000-60,000 executed — a key part of the story of Medieval Witch Hunts. Accused of pacts with devil and harmful magic. Women elderly and poor most vulnerable — a key part of the story of Medieval Witch Hunts. Thousands burned for imaginary crimes. The events surrounding Medieval Witch Hunts reveal how quickly history can turn on a single decision. From classrooms to documentaries, Medieval Witch Hunts remains a staple of history storytelling. Tone: dramatic, fast-paced, documentary style. 9:16 vertical.","Peak persecutions 1450-1750 in Europe. | Malleus Maleficarum witch-hunting manual 1487. | Estimated 40,000-60,000 executed. | Accused of pacts with devil and harmful magic. | Women elderly and poor most vulnerable. | Thousands burned for imaginary crimes. | Tone: dramatic, fast-paced, documentary style. 9:16 vertical. | In the early modern period, from about 1400 to 1775, about 100,000 people were prosecuted for witchcraft in Europe. | Between 40,000 and 60,000 were executed, almost all in Europe. | The witch hunts were particularly severe in parts of the Holy Roman Empire. | Prosecutions for witchcraft reached a high point from 1560 to 1630, during the Counter-Reformation and the European. | Among the lower classes, accusations of witchcraft were usually made by neighbors, and women and men made formal.",/images/catalog/096-medieval-witch-hunts.jpg,#WitchTrials #Medieval #DarkHistory #HistoryTok,Thousands burned for imaginary crimes. #WitchTrials #Medieval #DarkHistory #HistoryTok,Johann Jakob Wick · Public domain,https://commons.wikimedia.org/wiki/File:Wickiana4.jpg
97,Bayeux Tapestry,230 feet. One battle DOCUMENTED.,"Create a 30-second vertical history short about Bayeux Tapestry. Hook: 230 feet. One battle DOCUMENTED. Cover: Embroidered cloth circa 1070s in England — a key part of the story of Bayeux Tapestry. Depicts Norman Conquest of 1066 — a key part of the story of Bayeux Tapestry. 230 feet long 50 scenes — a key part of the story of Bayeux Tapestry. Shows Halley's Comet and Battle of Hastings — a key part of the story of Bayeux Tapestry. Medieval comic strip and propaganda — a key part of the story of Bayeux Tapestry. 230 feet of embroidered war propaganda. The events surrounding Bayeux Tapestry reveal how quickly history can turn on a single decision. From classrooms to documentaries, Bayeux Tapestry remains a staple of history storytelling. Tone: dramatic, fast-paced, documentary style. 9:16 vertical.","Embroidered cloth circa 1070s in England. | Depicts Norman Conquest of 1066. | Shows Halley's Comet and Battle of Hastings. | Medieval comic strip and propaganda. | 230 feet of embroidered war propaganda. | Embroidered cloth nearly 70 metres long and 50 centimetres tall that depicts the events leading up to the Norman. | It is thought to date to the 11th century, within a few years of the battle. | Now widely accepted to have been made in England, perhaps as a gift for William, it tells the story from the point. | According to Sylvette Lemagnen, conservator of the tapestry, in her 2005 book La Tapisserie de Bayeux:. | The Bayeux tapestry is one of the supreme achievements of the Norman Romanesque .... | Its survival almost intact over nine centuries is little short of miraculous ... | Its exceptional length, the harmony and freshness of its colours, its exquisite workmanship, and the genius of its.",/images/catalog/097-bayeux-tapestry.jpg,#BayeuxTapestry #Medieval #ArtHistory #HistoryTok,230 feet of embroidered war propaganda. #BayeuxTapestry #Medieval #ArtHistory #HistoryTok,Myrabella · Public domain,https://commons.wikimedia.org/wiki/File:Bayeux_Tapestry_scene57_Harold_death.jpg
98,El Cid,Christian hero. Muslim ALLY.,"Create a 30-second vertical history short about El Cid. Hook: Christian hero. Muslim ALLY. Cover: Rodrigo Diaz de Vivar 11th century knight — a key part of the story of El Cid. Fought for and against both Christian and Muslim rulers. Captured Valencia and ruled it — a key part of the story of El Cid. Epic poem Cantar de mio Cid immortalized him. National hero of Spain to this day — a key part of the story of El Cid. Hero to both sides. Enemy to both. The events surrounding El Cid reveal how quickly history can turn on a single decision. From classrooms to documentaries, El Cid remains a staple of history storytelling. Tone: dramatic, fast-paced, documentary style. 9:16 vertical.","Rodrigo Diaz de Vivar 11th century knight. | Fought for and against both Christian and Muslim rulers. | Captured Valencia and ruled it. | Epic poem Cantar de mio Cid immortalized him. | National hero of Spain to this day. | Hero to both sides. Enemy to both. | Tone: dramatic, fast-paced, documentary style. 9:16 vertical. | Enemy to both. #ElCid #Medieval #Spain #HistoryTok Christian hero. | Rodrigo Díaz de Vivar was a Castilian knight and ruler in medieval Spain. | Fighting with both Christian and Muslim armies during his lifetime, he earned the Arabic honorific as-Sayyid, which. | He was born in Vivar, a village near the city of Burgos. | As the head of his loyal knights, he came to dominate the Levante of the Iberian Peninsula at the end of the 11th.",/images/catalog/098-el-cid.jpg,#ElCid #Medieval #Spain #HistoryTok,Hero to both sides. Enemy to both. #ElCid #Medieval #Spain #HistoryTok,photographer: ElCaminodeSantiago09 2006 · CC BY-SA 2.0,https://commons.wikimedia.org/wiki/File:Estatua_del_Cid_%28Burgos%29.jpg
99,Great Schism,Two popes. One church. CHAOS.,"Create a 30-second vertical history short about Great Schism. Hook: Two popes. One church. CHAOS. Cover: Western Schism 1378-1417 in Catholic Church — a key part of the story of Great Schism. Two then three rival popes at once — a key part of the story of Great Schism. Kings chose which pope to obey — a key part of the story of Great Schism. Council of Constance finally resolved it — a key part of the story of Great Schism. Damaged papal authority across Europe — a key part of the story of Great Schism. Two popes. One church. Total chaos. The events surrounding Great Schism reveal how quickly history can turn on a single decision. From classrooms to documentaries, Great Schism remains a staple of history storytelling. Tone: dramatic, fast-paced, documentary style. 9:16 vertical.","Western Schism 1378-1417 in Catholic Church. | Two then three rival popes at once. | Kings chose which pope to obey. | Council of Constance finally resolved it. | Damaged papal authority across Europe. | Two popes. One church. Total chaos. | Tone: dramatic, fast-paced, documentary style. 9:16 vertical. | Total chaos. #GreatSchism #Medieval #CatholicChurch #HistoryTok Two popes. | The East–West Schism, also known as the Great Schism or the Schism of 1054, is the break of communion between the. | A series of ecclesiastical differences, theological disputes and geopolitical tensions between the Greek East and. | Prominent among these were the Filioque clause of the Nicene Creed, whether leavened or unleavened bread should be. | Although 1054 has become conventional, various scholars have proposed different dates for the Great Schism.",/images/catalog/099-great-schism.png,#GreatSchism #Medieval #CatholicChurch #HistoryTok,Two popes. One church. Total chaos. #GreatSchism #Medieval #CatholicChurch #HistoryTok,Barrikader ( talk · contribs ) · CC BY-SA 3.0,https://commons.wikimedia.org/wiki/File:Great_Schism_with_former_borders_%281054%29.png
100,Justinian's Code,Roman law. Still used TODAY.,"Create a 30-second vertical history short about Justinian's Code. Hook: Roman law. Still used TODAY. Cover: Emperor Justinian codified Roman law 529-534 — a key part of the story of Justinian's Code. Corpus Juris Civilis foundation of civil law — a key part of the story of Justinian's Code. Basis for legal systems in Europe and beyond. Preserved Roman legal principles after empire fell — a key part of the story of Justinian's Code. Still influences modern law worldwide — a key part of the story of Justinian's Code. Roman law never died. The events surrounding Justinian's Code reveal how quickly history can turn on a single decision. From classrooms to documentaries, Justinian's Code remains a staple of history storytelling. Tone: dramatic, fast-paced, documentary style. 9:16 vertical.","Emperor Justinian codified Roman law 529-534. | Corpus Juris Civilis foundation of civil law. | Basis for legal systems in Europe and beyond. | Preserved Roman legal principles after empire fell. | Still influences modern law worldwide. | Tone: dramatic, fast-paced, documentary style. 9:16 vertical. | Roman law never died. #Justinian #RomanLaw #Medieval #HistoryFacts Roman law. | The Corpus Juris Civilis is the modern name for a collection of fundamental works in jurisprudence, enacted from 529. | It is also sometimes referred to metonymically after one of its parts, the Code of Justinian. | The work as planned had three parts: the Code is a compilation, by selection and extraction, of imperial enactments. | All three parts, even the textbook, were given force of law. | They were intended to be, together, the sole source of law; reference to any other source, including the original.",/images/catalog/100-justinian-s-code.png,#Justinian #RomanLaw #Medieval #HistoryFacts,Roman law never died. #Justinian #RomanLaw #Medieval #HistoryFacts,Tataryn · CC BY-SA 3.0,https://commons.wikimedia.org/wiki/File:Justinian555AD.png
101,Siege of Jerusalem 1099,Blood ran ankle-deep.,"Create a 30-second vertical history short about Siege of Jerusalem 1099. Hook: Blood ran ankle-deep. Cover: First Crusade captured Jerusalem July 15 1099 — a key part of the story of Siege of Jerusalem 1099. Crusaders massacred Muslim and Jewish residents — a key part of the story of Siege of Jerusalem 1099. Blood reportedly ran ankle-deep in streets — a key part of the story of Siege of Jerusalem 1099. Established Crusader Kingdom of Jerusalem — a key part of the story of Siege of Jerusalem 1099. Trauma remembered for centuries — a key part of the story of Siege of Jerusalem 1099. Victory written in blood. Civilians and soldiers alike bore the devastating human cost of Siege of Jerusalem 1099. The consequences of Siege of Jerusalem 1099 echoed for generations after the fighting stopped. Tone: dramatic, fast-paced, documentary style. 9:16 vertical.","First Crusade captured Jerusalem July 15 1099. | Crusaders massacred Muslim and Jewish residents. | Blood reportedly ran ankle-deep in streets. | Established Crusader Kingdom of Jerusalem. | Trauma remembered for centuries. | Victory written in blood. | Civilians and soldiers alike bore the devastating human cost of Siege of Jerusalem 1099. | The consequences of Siege of Jerusalem 1099 echoed for generations after the fighting stopped. | Tone: dramatic, fast-paced, documentary style. 9:16 vertical. | The siege of Jerusalem marked the successful end of the First Crusade, whose objective was the recovery of the city. | The five-week siege began on 7 June 1099 and was carried out by the Christian forces of Western Europe mobilized by. | The city had been out of Christian control since the Muslim conquest of the Levant in 637 and had been held for a.",/images/catalog/101-siege-of-jerusalem-1099.jpg,#Jerusalem #Crusades #Medieval #HistoryTok,Victory written in blood. #Jerusalem #Crusades #Medieval #HistoryTok,Émile Signol · Public domain,https://commons.wikimedia.org/wiki/File:Taking_of_Jerusalem_by_the_Crusaders%2C_15th_July_1099.jpg
102,Pax Mongolica,Safe trade across ASIA.,"Create a 30-second vertical history short about Pax Mongolica. Hook: Safe trade across ASIA. Cover: Mongol Empire enabled safe trade 13th-14th century — a key part of the story of Pax Mongolica. Silk Road flourished under Mongol protection — a key part of the story of Pax Mongolica. Passports and relay stations sped travel — a key part of the story of Pax Mongolica. Black Death also spread along same routes — a key part of the story of Pax Mongolica. Globalization's first golden age — a key part of the story of Pax Mongolica. They conquered the world. Then traded it. The events surrounding Pax Mongolica reveal how quickly history can turn on a single decision. From classrooms to documentaries, Pax Mongolica remains a staple of history storytelling. Tone: dramatic, fast-paced, documentary style. 9:16 vertical.","Mongol Empire enabled safe trade 13th-14th century. | Silk Road flourished under Mongol protection. | Passports and relay stations sped travel. | Black Death also spread along same routes. | Globalization's first golden age. | They conquered the world. Then traded it. | Hook: Safe trade across ASIA. | Tone: dramatic, fast-paced, documentary style. 9:16 vertical. | Then traded it. #PaxMongolica #Mongols #TradeHistory #HistoryTok Safe trade across ASIA. | The Pax Mongolica, less often known as Pax Tatarica, is a historiographical term modeled after the original phrase. | The term is used to describe the eased communication and commerce that the unified administration helped to create. | The conquests of Genghis Khan and his successors, spanning from Southeast Asia to Eastern Europe, effectively took.",/images/catalog/102-pax-mongolica.gif,#PaxMongolica #Mongols #TradeHistory #HistoryTok,They conquered the world. Then traded it. #PaxMongolica #Mongols #TradeHistory #HistoryTok,User:Astrokey44 · CC BY-SA 3.0,https://commons.wikimedia.org/wiki/File:Mongol_Empire_map.gif
103,Founding of Oxford University,Students. Books. 900 YEARS.,"Create a 30-second vertical history short about Founding of Oxford University. Hook: Students. Books. 900 YEARS. Cover: Teaching existed Oxford by 1096 — a key part of the story of Founding of Oxford University. Oldest university in English-speaking world — a key part of the story of Founding of Oxford University. Medieval students studied theology law medicine — a key part of the story of Founding of Oxford University. Rivalry with Cambridge since 1209 — a key part of the story of Founding of Oxford University. Shaped Western intellectual tradition — a key part of the story of Founding of Oxford University. 900 years of students and secrets. The events surrounding Founding of Oxford University reveal how quickly history can turn on a single decision. From classrooms to documentaries, Founding of Oxford University remains a staple of history storytelling. Tone: dramatic, fast-paced, documentary style. 9:16 vertical.","Teaching existed Oxford by 1096. | Oldest university in English-speaking world. | Medieval students studied theology law medicine. | Rivalry with Cambridge since 1209. | Shaped Western intellectual tradition. | 900 years of students and secrets. | The University of Oxford is a collegiate research university in Oxford, England. | There is evidence of teaching as early as 1096, making it the oldest university in the English-speaking world and. | It grew rapidly from 1167, when Henry II prohibited English students from attending the University of Paris. | After escalating conflict between students and the Oxford townspeople, some Oxford academics fled northeast to. | The two universities share many common features and are jointly referred to as Oxbridge. | The University of Oxford is made up of 43 colleges – of which 36 are chartered colleges , 4 are permanent private.",/images/catalog/103-founding-of-oxford-university.jpg,#Oxford #Medieval #Education #HistoryTok,900 years of students and secrets. #Oxford #Medieval #Education #HistoryTok,Diliff · CC BY 2.5,https://commons.wikimedia.org/wiki/File:Radcliffe_Camera%2C_Oxford_-_Oct_2006.jpg
104,Viking Rus and Kiev,Vikings founded RUSSIA.,"Create a 30-second vertical history short about Viking Rus and Kiev. Hook: Vikings founded RUSSIA. Cover: Norse traders called Varangians reached Russia — a key part of the story of Viking Rus and Kiev. Rurik dynasty founded Kievan Rus 862 — a key part of the story of Viking Rus and Kiev. Trade route from Baltic to Black Sea — a key part of the story of Viking Rus and Kiev. Vladimir I converted Rus to Christianity 988 — a key part of the story of Viking Rus and Kiev. Foundation of Russian and Ukrainian states — a key part of the story of Viking Rus and Kiev. Russia started with Viking traders. The events surrounding Viking Rus and Kiev reveal how quickly history can turn on a single decision. From classrooms to documentaries, Viking Rus and Kiev remains a staple of history storytelling. Tone: dramatic, fast-paced, documentary style. 9:16 vertical.","Norse traders called Varangians reached Russia. | Rurik dynasty founded Kievan Rus 862. | Trade route from Baltic to Black Sea. | Vladimir I converted Rus to Christianity 988. | Foundation of Russian and Ukrainian states. | Russia started with Viking traders. | Hook: Vikings founded RUSSIA. | Tone: dramatic, fast-paced, documentary style. 9:16 vertical. | Kievan Rus', also known as Kyivan Rus', was the first East Slavic state and, later, an amalgam of principalities, in. | Encompassing a variety of polities and peoples, including East Slavic, Norse, and Finnic, it was ruled by the Rurik. | The name was coined by Russian historians in the 19th century to describe the period when Kiev was preeminent. | At its greatest extent in the mid-11th century, Kievan Rus' stretched from the White Sea in the north to the Black.",/images/catalog/104-viking-rus-and-kiev.png,#KievanRus #Vikings #Medieval #HistoryTok,Russia started with Viking traders. #KievanRus #Vikings #Medieval #HistoryTok,Vitaliyf261 · CC BY-SA 4.0,https://commons.wikimedia.org/wiki/File:Location_of_Kyivan_Rus.png
105,Marco Polo and the Silk Road,24 years. One BOOK.,"Create a 30-second vertical history short about Marco Polo and the Silk Road. Hook: 24 years. One BOOK. Cover: Traveled Silk Road to Yuan Dynasty China — a key part of the story of Marco Polo and the Silk Road. Returned 1295 after 24 years abroad — a key part of the story of Marco Polo and the Silk Road. Cellmate wrote down his stories in prison — a key part of the story of Marco Polo and the Silk Road. Described paper money and asbestos — a key part of the story of Marco Polo and the Silk Road. Opened European minds to Asia's riches — a key part of the story of Marco Polo and the Silk Road. One book changed how Europe saw the world. The events surrounding Marco Polo and the Silk Road reveal how quickly history can turn on a single decision. From classrooms to documentaries, Marco Polo and the Silk Road remains a staple of history storytelling. Tone: dramatic, fast-paced, documentary style. 9:16 vertical.","Traveled Silk Road to Yuan Dynasty China. | Returned 1295 after 24 years abroad. | Cellmate wrote down his stories in prison. | Described paper money and asbestos. | Opened European minds to Asia's riches. | One book changed how Europe saw the world. | Tone: dramatic, fast-paced, documentary style. 9:16 vertical. | Marco Polo was a Venetian merchant, explorer, and writer who travelled through Asia along the Silk Road between 1271. | His travels are recorded in The Travels of Marco Polo, a book that described the then-mysterious culture and inner. | Marco Polo is an American drama television series inspired by Marco Polo's early years in the court of Kublai Khan. | The show premiered on Netflix on December 12, 2014. | The series was created by John Fusco and stars Lorenzo Richelmy in the title role, with Benedict Wong as Kublai Khan.",/images/catalog/105-marco-polo-and-the-silk-road.jpg,#SilkRoad #MarcoPolo #Medieval #HistoryTok,One book changed how Europe saw the world. #SilkRoad #MarcoPolo #Medieval #HistoryTok,Whole_world_-_land_and_oceans_12000.jpg : NASA/Goddard Space Flight Cen… · Public domain,https://commons.wikimedia.org/wiki/File:Silk_route.jpg
106,Italian Renaissance,One city birthed MODERN art.,"Create a 30-second vertical history short about Italian Renaissance. Hook: One city birthed MODERN art. Cover: Florence Italy epicenter 14th-16th centuries — a key part of the story of Italian Renaissance. Revival of classical Greek and Roman learning — a key part of the story of Italian Renaissance. Patronage of Medici family funded artists — a key part of the story of Italian Renaissance. Humanism placed humans at center of universe — a key part of the story of Italian Renaissance. Bridge from medieval to modern world — a key part of the story of Italian Renaissance. One city changed how we see beauty. The events surrounding Italian Renaissance reveal how quickly history can turn on a single decision. From classrooms to documentaries, Italian Renaissance remains a staple of history storytelling. Tone: dramatic, fast-paced, documentary style. 9:16 vertical.","Florence Italy epicenter 14th-16th centuries. | Revival of classical Greek and Roman learning. | Patronage of Medici family funded artists. | Humanism placed humans at center of universe. | Bridge from medieval to modern world. | One city changed how we see beauty. | Hook: One city birthed MODERN art. | Tone: dramatic, fast-paced, documentary style. 9:16 vertical. | Period in Italian history covering the 15th and 16th centuries. | It is the initial development of the broader Renaissance culture that spread from Italy to the rest of Europe. | The period marked the transition from the Middle Ages to the modern era. | Proponents of a ""long Renaissance"" argue that it started around the year 1300 and lasted until about 1600.",/images/catalog/106-italian-renaissance.jpg,#Renaissance #Florence #ArtHistory #HistoryTok,One city changed how we see beauty. #Renaissance #Florence #ArtHistory #HistoryTok,echiner1 · CC BY-SA 2.0,https://commons.wikimedia.org/wiki/File:Florence_skyline.jpg
107,Leonardo da Vinci,Artist. Inventor. GENIUS.,"Create a 30-second vertical history short about Leonardo da Vinci. Hook: Artist. Inventor. GENIUS. Cover: Painted Mona Lisa and Last Supper — a key part of the story of Leonardo da Vinci. Designed flying machines centuries early — a key part of the story of Leonardo da Vinci. Dissected corpses to study anatomy — a key part of the story of Leonardo da Vinci. Wrote notes in mirror script — a key part of the story of Leonardo da Vinci. Epitome of Renaissance polymath — a key part of the story of Leonardo da Vinci. He saw the future 500 years early. The events surrounding Leonardo da Vinci reveal how quickly history can turn on a single decision. From classrooms to documentaries, Leonardo da Vinci remains a staple of history storytelling. Tone: dramatic, fast-paced, documentary style. 9:16 vertical.","Painted Mona Lisa and Last Supper. | Designed flying machines centuries early. | Dissected corpses to study anatomy. | Wrote notes in mirror script. | Epitome of Renaissance polymath. | He saw the future 500 years early. | Tone: dramatic, fast-paced, documentary style. 9:16 vertical. | Leonardo di ser Piero da Vinci was an Italian polymath of the High Renaissance who was active as a painter. | While his fame initially rested on his achievements as a painter, he has also become known for his notebooks, in. | Leonardo is widely regarded as a genius who epitomised the Renaissance humanist ideal, and his collective works. | Born out of wedlock to a successful notary and a lower-class woman in Vinci in Tuscany, he was educated in Florence. | He began his career in the city, but then spent much time in the service of Ludovico Sforza in Milan.",/images/catalog/107-leonardo-da-vinci.jpg,#LeonardoDaVinci #Renaissance #Genius #HistoryTok,He saw the future 500 years early. #LeonardoDaVinci #Renaissance #Genius #HistoryTok,Leonardo da Vinci · Public domain,https://commons.wikimedia.org/wiki/File:Leonardo_da_Vinci_-_presumed_self-portrait_-_WGA12798.jpg
108,Sistine Chapel Ceiling,4 years on his BACK.,"Create a 30-second vertical history short about Sistine Chapel Ceiling. Hook: 4 years on his BACK. Cover: Michelangelo painted ceiling 1508-1512 — a key part of the story of Sistine Chapel Ceiling. 343 figures across 5,000 square feet — a key part of the story of Sistine Chapel Ceiling. Included Creation of Adam iconic scene — a key part of the story of Sistine Chapel Ceiling. Pope Julius II commissioned the work — a key part of the story of Sistine Chapel Ceiling. Restored 1980s revealing vivid original colors — a key part of the story of Sistine Chapel Ceiling. Four years on his back. Eternal glory. The events surrounding Sistine Chapel Ceiling reveal how quickly history can turn on a single decision. From classrooms to documentaries, Sistine Chapel Ceiling remains a staple of history storytelling. Tone: dramatic, fast-paced, documentary style. 9:16 vertical.","Michelangelo painted ceiling 1508-1512. | 343 figures across 5,000 square feet. | Included Creation of Adam iconic scene. | Pope Julius II commissioned the work. | Restored 1980s revealing vivid original colors. | Four years on his back. Eternal glory. | Hook: 4 years on his BACK. | Tone: dramatic, fast-paced, documentary style. 9:16 vertical. | Eternal glory. #SistineChapel #Michelangelo #Renaissance #ArtHistory 4 years on his BACK. | The Sistine Chapel ceiling, painted in fresco by Michelangelo between 1508 and 1512, is a cornerstone work of High. | Central to the ceiling decoration are nine scenes from the Book of Genesis the most famous of which is The Creation. | The Sistine Chapel is the large papal chapel built within the Vatican between 1477 and 1480 by Pope Sixtus IV, for.",/images/catalog/108-sistine-chapel-ceiling.jpg,#SistineChapel #Michelangelo #Renaissance #ArtHistory,Four years on his back. Eternal glory. #SistineChapel #Michelangelo #Renaissance #ArtHistory,Michelangelo · Public domain,https://commons.wikimedia.org/wiki/File:Michelangelo_-_Creation_of_Adam_%28cropped%29.jpg
109,Martin Luther's Reformation,One nail. Church SPLIT.,"Create a 30-second vertical history short about Martin Luther's Reformation. Hook: One nail. Church SPLIT. Cover: Posted 95 Theses Wittenberg October 31 1517 — a key part of the story of Martin Luther's Reformation. Challenged indulgences and papal authority — a key part of the story of Martin Luther's Reformation. Translated Bible into German for common people — a key part of the story of Martin Luther's Reformation. Excommunicated at Diet of Worms 1521 — a key part of the story of Martin Luther's Reformation. Split Christianity into Catholic and Protestant — a key part of the story of Martin Luther's Reformation. One nail. Christianity split forever. The events surrounding Martin Luther's Reformation reveal how quickly history can turn on a single decision. From classrooms to documentaries, Martin Luther's Reformation remains a staple of history storytelling. Tone: dramatic, fast-paced, documentary style. 9:16 vertical.","Posted 95 Theses Wittenberg October 31 1517. | Challenged indulgences and papal authority. | Translated Bible into German for common people. | Excommunicated at Diet of Worms 1521. | Split Christianity into Catholic and Protestant. | One nail. Christianity split forever. | Tone: dramatic, fast-paced, documentary style. 9:16 vertical. | Martin Luther was a German priest, theologian, author, hymnwriter, professor, and former Augustinian friar. | Luther was the seminal figure of the Protestant Reformation, and his theological beliefs form the basis of. | He is considered one of the most influential figures in Western and Christian history. | The Ninety-five Theses or Disputation on the Power and Efficacy of Indulgences is a list of propositions for an. | 10 November 1483 – 18 February 1546) was a German priest, theologian, author, hymnwriter, professor, and former.",/images/catalog/109-martin-luther-s-reformation.png,#Reformation #MartinLuther #Religion #HistoryTok,One nail. Christianity split forever. #Reformation #MartinLuther #Religion #HistoryTok,Martin Luther · Public domain,https://commons.wikimedia.org/wiki/File:Luther_95_Thesen.png
110,Copernican Revolution,Earth is NOT the center.,"Create a 30-second vertical history short about Copernican Revolution. Hook: Earth is NOT the center. Cover: Nicolaus Copernicus proposed heliocentric model 1543 — a key part of the story of Copernican Revolution. Earth and planets orbit the Sun — a key part of the story of Copernican Revolution. Contradicted church and common sense — a key part of the story of Copernican Revolution. Published On the Revolutions on deathbed — a key part of the story of Copernican Revolution. Started scientific revolution in astronomy — a key part of the story of Copernican Revolution. He moved Earth from the center of everything. The events surrounding Copernican Revolution reveal how quickly history can turn on a single decision. From classrooms to documentaries, Copernican Revolution remains a staple of history storytelling. Tone: dramatic, fast-paced, documentary style. 9:16 vertical.","Nicolaus Copernicus proposed heliocentric model 1543. | Earth and planets orbit the Sun. | Contradicted church and common sense. | Published On the Revolutions on deathbed. | Started scientific revolution in astronomy. | He moved Earth from the center of everything. | Hook: Earth is NOT the center. | Tone: dramatic, fast-paced, documentary style. 9:16 vertical. | Phrase with different meanings in different contexts. | In astronomy, the phrase refers to the transition from geocentrism to heliocentrism. | For Christianity and Western culture, it may instead refer to the dismantling of the human-centric medieval. | In physical cosmology, the phrase may be used to refer to the emergence and formalization of the Copernican.",/images/catalog/110-copernican-revolution.jpg,#Copernicus #Astronomy #ScienceHistory #HistoryTok,He moved Earth from the center of everything. #Copernicus #Astronomy #ScienceHistory #HistoryTok,Unknown author Unknown author · Public domain,https://commons.wikimedia.org/wiki/File:Nikolaus_Kopernikus.jpg
111,Galileo vs the Church,He said Earth MOVES. They said STOP.,"Create a 30-second vertical history short about Galileo vs the Church. Hook: He said Earth MOVES. They said STOP. Cover: Galileo improved telescope observed Jupiter's moons — a key part of the story of Galileo vs the Church. Supported Copernican heliocentric model — a key part of the story of Galileo vs the Church. Trial by Inquisition 1633 forced recantation — a key part of the story of Galileo vs the Church. Legend says muttered and yet it moves — a key part of the story of Galileo vs the Church. House arrest until death 1642 — a key part of the story of Galileo vs the Church. Truth vs power. Power won. For a while. The events surrounding Galileo vs the Church reveal how quickly history can turn on a single decision. From classrooms to documentaries, Galileo vs the Church remains a staple of history storytelling. Tone: dramatic, fast-paced, documentary style. 9:16 vertical.","Galileo improved telescope observed Jupiter's moons. | Supported Copernican heliocentric model. | Trial by Inquisition 1633 forced recantation. | Legend says muttered and yet it moves. | House arrest until death 1642. | Truth vs power. Power won. For a while. | Hook: He said Earth MOVES. | Tone: dramatic, fast-paced, documentary style. 9:16 vertical. | For a while. #Galileo #ScienceHistory #CatholicChurch #HistoryTok He said Earth MOVES. | The conflict thesis is a historiographical approach in the history of science that originated in the 19th century. | It maintains that there is an intrinsic intellectual conflict between religion and science, and that it inevitably. | The consensus among historians of science is that the thesis has long been discredited, which explains the rejection.",/images/catalog/111-galileo-vs-the-church.jpg,#Galileo #ScienceHistory #CatholicChurch #HistoryTok,Truth vs power. Power won. For a while. #Galileo #ScienceHistory #CatholicChurch #HistoryTok,Justus Sustermans · Public domain,https://commons.wikimedia.org/wiki/File:Justus_Sustermans_-_Portrait_of_Galileo_Galilei%2C_1636.jpg
112,William Shakespeare,"37 plays. 1,700 NEW words.","Create a 30-second vertical history short about William Shakespeare. Hook: 37 plays. 1,700 NEW words. Cover: English playwright 1564-1616 — a key part of the story of William Shakespeare. Wrote tragedies comedies and histories — a key part of the story of William Shakespeare. Coined words like eyeball and swagger — a key part of the story of William Shakespeare. Globe Theatre burned down twice — a key part of the story of William Shakespeare. Most performed playwright in history — a key part of the story of William Shakespeare. He invented words we use every day. The events surrounding William Shakespeare reveal how quickly history can turn on a single decision. From classrooms to documentaries, William Shakespeare remains a staple of history storytelling. Tone: dramatic, fast-paced, documentary style. 9:16 vertical.","English playwright 1564-1616. | Wrote tragedies comedies and histories. | Coined words like eyeball and swagger. | Globe Theatre burned down twice. | Most performed playwright in history. | He invented words we use every day. | Hook: 37 plays. 1,700 NEW words. | Tone: dramatic, fast-paced, documentary style. 9:16 vertical. | English playwright, poet and actor. | He is widely regarded as the greatest writer in the English language and the world's pre-eminent dramatist. | He is often called England's national poet and the ""Bard of Avon"" or simply ""the Bard"". | His extant works, including collaborations, consist of some 39 plays, 154 sonnets, three long narrative poems and a.",/images/catalog/112-william-shakespeare.jpg,#Shakespeare #Literature #Renaissance #HistoryTok,He invented words we use every day. #Shakespeare #Literature #Renaissance #HistoryTok,Attributed to John Taylor · Public domain,https://commons.wikimedia.org/wiki/File:Shakespeare.jpg
113,Defeat of Spanish Armada,130 ships. England WON.,"Create a 30-second vertical history short about Defeat of Spanish Armada. Hook: 130 ships. England WON. Cover: Philip II sent 130 ships to invade England 1588. English fire ships broke Spanish formation — a key part of the story of Defeat of Spanish Armada. Storms destroyed much of fleet returning home — a key part of the story of Defeat of Spanish Armada. Elizabeth I became legend of Protestant resistance — a key part of the story of Defeat of Spanish Armada. Marked rise of England as naval power — a key part of the story of Defeat of Spanish Armada. 130 ships. Storms. England's finest hour. The events surrounding Defeat of Spanish Armada reveal how quickly history can turn on a single decision. From classrooms to documentaries, Defeat of Spanish Armada remains a staple of history storytelling. Tone: dramatic, fast-paced, documentary style. 9:16 vertical.","Philip II sent 130 ships to invade England 1588. | English fire ships broke Spanish formation. | Storms destroyed much of fleet returning home. | Elizabeth I became legend of Protestant resistance. | Marked rise of England as naval power. | 130 ships. Storms. England's finest hour. | Tone: dramatic, fast-paced, documentary style. 9:16 vertical. 130 ships. | The Spanish Armada was a Spanish fleet that sailed from Lisbon in late May 1588, and was the largest engagement of. | The Armada was commanded by Alonso de Guzmán, Duke of Medina Sidonia, an aristocrat appointed by Philip II of Spain. | His orders were to sail up the English Channel, join with the army of Alexander Farnese, Duke of Parma in Flanders. | Its purpose was to reinstate Catholicism in England, end English support for the Dutch Republic in the north and. | The Spanish Armada (often known as Invincible Armada, or the Enterprise of England, Spanish: Grande y Felicísima.",/images/catalog/113-defeat-of-spanish-armada.jpg,#SpanishArmada #ElizabethI #NavalHistory #HistoryTok,130 ships. Storms. England's finest hour. #SpanishArmada #ElizabethI #NavalHistory #HistoryTok,"Robert Adams, Augustine Ryther · Public domain",https://commons.wikimedia.org/wiki/File:Armadaroute.jpg
114,Columbian Exchange,Potatoes to Europe. Smallpox to AMERICA.,"Create a 30-second vertical history short about Columbian Exchange. Hook: Potatoes to Europe. Smallpox to AMERICA. Cover: Term coined by Alfred Crosby for 1492+ transfers. New World crops transformed Old World diets — a key part of the story of Columbian Exchange. Old World diseases devastated indigenous Americans — a key part of the story of Columbian Exchange. Horses cattle and wheat reached Americas — a key part of the story of Columbian Exchange. Created modern global food system — a key part of the story of Columbian Exchange. Two worlds collided. Both forever changed. The events surrounding Columbian Exchange reveal how quickly history can turn on a single decision. From classrooms to documentaries, Columbian Exchange remains a staple of history storytelling. Tone: dramatic, fast-paced, documentary style. 9:16 vertical.","Term coined by Alfred Crosby for 1492+ transfers. | New World crops transformed Old World diets. | Old World diseases devastated indigenous Americans. | Horses cattle and wheat reached Americas. | Created modern global food system. | Two worlds collided. Both forever changed. | Hook: Potatoes to Europe. | Tone: dramatic, fast-paced, documentary style. 9:16 vertical. | Both forever changed. #ColumbianExchange #Exploration #WorldHistory #HistoryTok Potatoes to Europe. | The Columbian exchange, also known as the Columbian interchange, was the widespread transfer of plants, animals, and. | It is named after the Italian explorer Christopher Columbus and is related to the European colonization and global. | Some of the exchanges were deliberate while others were unintended.",/images/catalog/114-columbian-exchange.jpg,#ColumbianExchange #Exploration #WorldHistory #HistoryTok,Two worlds collided. Both forever changed. #ColumbianExchange #Exploration #WorldHistory #HistoryTok,Wikimedia Commons · Public domain,https://commons.wikimedia.org/wiki/File:VegCorn_%28cropped%29.jpg
115,Fall of the Aztec Empire,600 men vs an EMPIRE.,"Create a 30-second vertical history short about Fall of the Aztec Empire. Hook: 600 men vs an EMPIRE. Cover: Hernan Cortes landed Mexico 1519 with 600 men. Allied with enemies of Aztecs including Tlaxcalans — a key part of the story of Fall of the Aztec Empire. Moontezuma captured then killed in chaos — a key part of the story of Fall of the Aztec Empire. Tenochtitlan fell after brutal siege 1521 — a key part of the story of Fall of the Aztec Empire. Aztec civilization collapsed within two years — a key part of the story of Fall of the Aztec Empire. 600 men. One empire. Gone. The events surrounding Fall of the Aztec Empire reveal how quickly history can turn on a single decision. From classrooms to documentaries, Fall of the Aztec Empire remains a staple of history storytelling. Tone: dramatic, fast-paced, documentary style. 9:16 vertical.","Hernan Cortes landed Mexico 1519 with 600 men. | Allied with enemies of Aztecs including Tlaxcalans. | Moontezuma captured then killed in chaos. | Tenochtitlan fell after brutal siege 1521. | Aztec civilization collapsed within two years. | 600 men. One empire. Gone. | Tone: dramatic, fast-paced, documentary style. 9:16 vertical. 600 men. | Gone. #Aztec #Conquistadors #Mexico #HistoryTok 600 men vs an EMPIRE. | The Spanish conquest of the Aztec Empire was a pivotal event in the history of the Americas, that took place during. | Between 1519 and 1521, Spanish conquistador Hernán Cortés and his small army of European soldiers and the large. | Led by the Aztec ruler Moctezuma II, the Aztec Empire had established dominance over modern central Mexico through. | The Aztecs ruled hegemonically through local rulers, their power resting on the perception of unchallengeable Aztec.",/images/catalog/115-fall-of-the-aztec-empire.png,#Aztec #Conquistadors #Mexico #HistoryTok,600 men. One empire. Gone. #Aztec #Conquistadors #Mexico #HistoryTok,Unknown author Unknown author · Public domain,https://commons.wikimedia.org/wiki/File:Conquista-de-M%C3%A9xico-por-Cort%C3%A9s-Tenochtitlan-Painting.png
116,Conquest of the Inca Empire,168 Spaniards. Millions conquered.,"Create a 30-second vertical history short about Conquest of the Inca Empire. Hook: 168 Spaniards. Millions conquered. Cover: Francisco Pizarro captured Emperor Atahualpa 1532 — a key part of the story of Conquest of the Inca Empire. Ransom room filled with gold then Atahualpa executed. Disease and civil war weakened Incas first — a key part of the story of Conquest of the Inca Empire. Cusco fell 1533 ending Inca Empire — a key part of the story of Conquest of the Inca Empire. One of history's most lopsided conquests — a key part of the story of Conquest of the Inca Empire. 168 men. An empire. Unbelievable. The events surrounding Conquest of the Inca Empire reveal how quickly history can turn on a single decision. From classrooms to documentaries, Conquest of the Inca Empire remains a staple of history storytelling. Tone: dramatic, fast-paced, documentary style. 9:16 vertical.","Francisco Pizarro captured Emperor Atahualpa 1532. | Ransom room filled with gold then Atahualpa executed. | Disease and civil war weakened Incas first. | Cusco fell 1533 ending Inca Empire. | One of history's most lopsided conquests. | 168 men. An empire. Unbelievable. | Tone: dramatic, fast-paced, documentary style. 9:16 vertical. 168 men. | Unbelievable. #Inca #Conquistadors #Peru #HistoryTok 168 Spaniards. | The Spanish conquest of the Inca Empire, also known as the Conquest of Peru, was one of the most important campaigns. | After years of preliminary exploration and military skirmishes, 168 Spanish soldiers under conquistador Francisco. | It was the first step in a long campaign that took decades of fighting but ended in Spanish victory in 1572 and. | The conquest of the Inca Empire, led to spin-off campaigns into present-day Chile and Colombia, as well as.",/images/catalog/116-conquest-of-the-inca-empire.png,#Inca #Conquistadors #Peru #HistoryTok,168 men. An empire. Unbelievable. #Inca #Conquistadors #Peru #HistoryTok,Juan Lepiani · Public domain,https://commons.wikimedia.org/wiki/File:La_Captura_de_Atahualpa_-_Juan_Lepiani_1920s.png
117,Thirty Years War,8 million dead. Europe DEVASTATED.,"Create a 30-second vertical history short about Thirty Years War. Hook: 8 million dead. Europe DEVASTATED. Cover: Fought 1618-1648 mostly in Holy Roman Empire — a key part of the story of Thirty Years War. Started as Protestant vs Catholic conflict — a key part of the story of Thirty Years War. Sweden France and Spain all involved — a key part of the story of Thirty Years War. Estimated 8 million deaths from war and famine. Peace of Westphalia reshaped European borders — a key part of the story of Thirty Years War. 8 million dead. Europe never the same. Civilians and soldiers alike bore the devastating human cost of Thirty Years War. The consequences of Thirty Years War echoed for generations after the fighting stopped. Tone: dramatic, fast-paced, documentary style. 9:16 vertical.","Fought 1618-1648 mostly in Holy Roman Empire. | Started as Protestant vs Catholic conflict. | Sweden France and Spain all involved. | Estimated 8 million deaths from war and famine. | Peace of Westphalia reshaped European borders. | 8 million dead. Europe never the same. | Civilians and soldiers alike bore the devastating human cost of Thirty Years War. | The consequences of Thirty Years War echoed for generations after the fighting stopped. | Tone: dramatic, fast-paced, documentary style. 9:16 vertical. 8 million dead. | The Thirty Years' War, fought primarily in Central Europe between 1618 and 1648, was one of the most destructive. | An estimated 4.5 to 8 million soldiers and civilians died from the effects of battle, famine, or disease, with parts. | Related conflicts include the Eighty Years' War, the War of the Mantuan Succession, the Franco-Spanish War, the.",/images/catalog/117-thirty-years-war.jpg,#ThirtyYearsWar #Europe #ReligiousWar #HistoryTok,8 million dead. Europe never the same. #ThirtyYearsWar #Europe #ReligiousWar #HistoryTok,Karl Friedrich Lessing · Public domain,https://commons.wikimedia.org/wiki/File:Carl_Friedrich_Lessing_-_The_Siege_%28Defense_of_a_Church_Courtyard_During_the_Thirty_Years%E2%80%99_War%29_-_Google_Art_Project.jpg
118,English Civil War,King lost his HEAD. Again.,"Create a 30-second vertical history short about English Civil War. Hook: King lost his HEAD. Again. Cover: Parliament vs King Charles I 1642-1651 — a key part of the story of English Civil War. Oliver Cromwell led New Model Army — a key part of the story of English Civil War. Charles I executed January 30 1649 — a key part of the story of English Civil War. Brief republic under Cromwell — a key part of the story of English Civil War. Monarchy restored 1660 but power shifted — a key part of the story of English Civil War. They killed their king. Democracy trembled. Civilians and soldiers alike bore the devastating human cost of English Civil War. The consequences of English Civil War echoed for generations after the fighting stopped. Tone: dramatic, fast-paced, documentary style. 9:16 vertical.","Parliament vs King Charles I 1642-1651. | Oliver Cromwell led New Model Army. | Charles I executed January 30 1649. | Brief republic under Cromwell. | Monarchy restored 1660 but power shifted. | They killed their king. Democracy trembled. | Civilians and soldiers alike bore the devastating human cost of English Civil War. | The consequences of English Civil War echoed for generations after the fighting stopped. | Hook: King lost his HEAD. | Tone: dramatic, fast-paced, documentary style. 9:16 vertical. | Democracy trembled. #EnglishCivilWar #Britain #Revolution #HistoryTok King lost his HEAD. | The English Civil War or Great Rebellion was a series of civil wars and political machinations between Royalists and.",/images/catalog/118-english-civil-war.jpg,#EnglishCivilWar #Britain #Revolution #HistoryTok,They killed their king. Democracy trembled. #EnglishCivilWar #Britain #Revolution #HistoryTok,Unknown author Unknown author · Public domain,https://commons.wikimedia.org/wiki/File:Battle_of_Naseby%2C_hand-coloured_copper_engraving.jpg
119,Salem Witch Trials,20 hanged. Mass HYSTERIA.,"Create a 30-second vertical history short about Salem Witch Trials. Hook: 20 hanged. Mass HYSTERIA. Cover: Occurred 1692-1693 in Massachusetts colony — a key part of the story of Salem Witch Trials. Over 200 accused mostly women — a key part of the story of Salem Witch Trials. 20 executed by hanging one pressed to death. Spectral evidence allowed in court — a key part of the story of Salem Witch Trials. Led to reforms in American legal standards — a key part of the story of Salem Witch Trials. Mass hysteria. 20 dead. No witches. The events surrounding Salem Witch Trials reveal how quickly history can turn on a single decision. From classrooms to documentaries, Salem Witch Trials remains a staple of history storytelling. Tone: dramatic, fast-paced, documentary style. 9:16 vertical.","Occurred 1692-1693 in Massachusetts colony. | Over 200 accused mostly women. | 20 executed by hanging one pressed to death. | Spectral evidence allowed in court. | Led to reforms in American legal standards. | Mass hysteria. 20 dead. No witches. | Tone: dramatic, fast-paced, documentary style. 9:16 vertical. | No witches. #SalemWitchTrials #ColonialAmerica #DarkHistory #HistoryTok 20 hanged. | Series of hearings and prosecutions of people accused of witchcraft in colonial Massachusetts between February 1692. | More than 200 people were accused. | Thirty people were found guilty, nineteen of whom were executed by hanging. | One other man, Giles Corey, died under torture for refusing to enter a plea, and at least five people died in the.",/images/catalog/119-salem-witch-trials.jpg,#SalemWitchTrials #ColonialAmerica #DarkHistory #HistoryTok,Mass hysteria. 20 dead. No witches. #SalemWitchTrials #ColonialAmerica #DarkHistory #HistoryTok,unattributed · Public domain,https://commons.wikimedia.org/wiki/File:Witchcraft_at_Salem_Village.jpg
120,Great Fire of London,"13,000 houses. 5 DEAD.","Create a 30-second vertical history short about Great Fire of London. Hook: 13,000 houses. 5 DEAD. Cover: Burned September 2-6 1666 — a key part of the story of Great Fire of London. Destroyed 87 churches and St Paul's Cathedral — a key part of the story of Great Fire of London. Only 6 verified deaths recorded — a key part of the story of Great Fire of London. Led to modern building codes and firefighting — a key part of the story of Great Fire of London. Samuel Pepys documented it in famous diary — a key part of the story of Great Fire of London. A city burned. A city rebuilt. The events surrounding Great Fire of London reveal how quickly history can turn on a single decision. From classrooms to documentaries, Great Fire of London remains a staple of history storytelling. Tone: dramatic, fast-paced, documentary style. 9:16 vertical.","Burned September 2-6 1666. | Destroyed 87 churches and St Paul's Cathedral. | Only 6 verified deaths recorded. | Led to modern building codes and firefighting. | Samuel Pepys documented it in famous diary. | A city burned. A city rebuilt. | Hook: 13,000 houses. 5 DEAD. | Tone: dramatic, fast-paced, documentary style. 9:16 vertical. | A city rebuilt. #GreatFire #London #Disaster #HistoryTok 13,000 houses. 5 DEAD. | Major conflagration that occurred in central London from Sunday 2 September to Wednesday 5 September 1666, gutting. | The death toll is generally thought to have been relatively small, although some historians have challenged this. | The fire started in a bakery in Pudding Lane shortly after midnight on Sunday 2 September, and spread rapidly.",/images/catalog/120-great-fire-of-london.jpg,#GreatFire #London #Disaster #HistoryTok,A city burned. A city rebuilt. #GreatFire #London #Disaster #HistoryTok,Unknown artist Unknown artist · Public domain,https://commons.wikimedia.org/wiki/File:Great_Fire_London.jpg
121,Louis XIV Sun King,I am the STATE.,"Create a 30-second vertical history short about Louis XIV Sun King. Hook: I am the STATE. Cover: Reigned France 1643-1715 longest in European history — a key part of the story of Louis XIV Sun King. Built Palace of Versailles as power symbol — a key part of the story of Louis XIV Sun King. Centralized absolute monarchy — a key part of the story of Louis XIV Sun King. Fought costly wars draining treasury — a key part of the story of Louis XIV Sun King. His decadence planted seeds of French Revolution — a key part of the story of Louis XIV Sun King. One king. One palace. Absolute power. The events surrounding Louis XIV Sun King reveal how quickly history can turn on a single decision. From classrooms to documentaries, Louis XIV Sun King remains a staple of history storytelling. Tone: dramatic, fast-paced, documentary style. 9:16 vertical.","Reigned France 1643-1715 longest in European history. | Built Palace of Versailles as power symbol. | Centralized absolute monarchy. | Fought costly wars draining treasury. | His decadence planted seeds of French Revolution. | One king. One palace. Absolute power. | Tone: dramatic, fast-paced, documentary style. 9:16 vertical. | Absolute power. #LouisXIV #France #Monarchy #HistoryTok I am the STATE. | Louis XIV was King of France from 14 May 1643 until his death in 1715. | He is a symbol of the Age of Absolutism in Europe for styling himself as ""The Sun King"" and ""Louis the Great"", which. | He presided over a great expansion of the French colonial empire and a patronage of arts in his court at the Palace. | His reign of 72 years and 110 days remains the longest of any sovereign monarch in history.",/images/catalog/121-louis-xiv-sun-king.jpg,#LouisXIV #France #Monarchy #HistoryTok,One king. One palace. Absolute power. #LouisXIV #France #Monarchy #HistoryTok,Hyacinthe Rigaud · Public domain,https://commons.wikimedia.org/wiki/File:Louis_XIV_of_France.jpg
122,Peter the Great,He dragged Russia into MODERNITY.,"Create a 30-second vertical history short about Peter the Great. Hook: He dragged Russia into MODERNITY. Cover: Tsar of Russia 1682-1725 — a key part of the story of Peter the Great. Built St Petersburg as window to Europe — a key part of the story of Peter the Great. Modernized army navy and administration — a key part of the story of Peter the Great. Forced nobles to cut beards and wear Western dress. Transformed Russia into major European power — a key part of the story of Peter the Great. He westernized an empire by force. The events surrounding Peter the Great reveal how quickly history can turn on a single decision. From classrooms to documentaries, Peter the Great remains a staple of history storytelling. Tone: dramatic, fast-paced, documentary style. 9:16 vertical.","Tsar of Russia 1682-1725. | Built St Petersburg as window to Europe. | Modernized army navy and administration. | Forced nobles to cut beards and wear Western dress. | Transformed Russia into major European power. | He westernized an empire by force. | Hook: He dragged Russia into MODERNITY. | Tone: dramatic, fast-paced, documentary style. 9:16 vertical. | Peter I, better known as Peter the Great, was Tsar of all Russia from 1682 and the first Emperor of Russia from 1721. | He reigned jointly with his half-brother Ivan V until 1696. | Peter, as an autocrat, organized a well-ordered police state. | The Russian Empire was the final period of the Russian monarchy.",/images/catalog/122-peter-the-great.jpg,#PeterTheGreat #Russia #Modernization #HistoryTok,He westernized an empire by force. #PeterTheGreat #Russia #Modernization #HistoryTok,Attributed to Jean-Marc Nattier · Public domain,https://commons.wikimedia.org/wiki/File:Inconnu_d%27apr%C3%A8s_J.-M._Nattier%2C_Portrait_de_Pierre_Ier_%28mus%C3%A9e_de_l%E2%80%99Ermitage%29.jpg
123,Seven Years War,First WORLD war.,"Create a 30-second vertical history short about Seven Years War. Hook: First WORLD war. Cover: Fought 1756-1763 across five continents — a key part of the story of Seven Years War. Britain vs France and allies globally — a key part of the story of Seven Years War. Known as French and Indian War in America. Britain gained Canada and India — a key part of the story of Seven Years War. Prussia under Frederick the Great survived — a key part of the story of Seven Years War. Five continents. One war. Civilians and soldiers alike bore the devastating human cost of Seven Years War. The consequences of Seven Years War echoed for generations after the fighting stopped. Tone: dramatic, fast-paced, documentary style. 9:16 vertical.","Fought 1756-1763 across five continents. | Britain vs France and allies globally. | Known as French and Indian War in America. | Britain gained Canada and India. | Prussia under Frederick the Great survived. | Five continents. One war. | Civilians and soldiers alike bore the devastating human cost of Seven Years War. | The consequences of Seven Years War echoed for generations after the fighting stopped. | Tone: dramatic, fast-paced, documentary style. 9:16 vertical. | One war. #SevenYearsWar #WorldHistory #MilitaryHistory #HistoryTok First WORLD war. | The Seven Years' War, 1756 to 1763, was a global war fought by numerous great powers, primarily in Europe, with. | The primary warring states were Great Britain and Prussia fighting against France and Austria, with other countries.",/images/catalog/123-seven-years-war.jpg,#SevenYearsWar #WorldHistory #MilitaryHistory #HistoryTok,Five continents. One war. #SevenYearsWar #WorldHistory #MilitaryHistory #HistoryTok,Blaue Max · CC BY-SA 4.0,https://commons.wikimedia.org/wiki/File:Seven_Years%27_War_Collage.jpg
124,Boston Massacre,5 dead. Revolution IGNITED.,"Create a 30-second vertical history short about Boston Massacre. Hook: 5 dead. Revolution IGNITED. Cover: British soldiers fired on crowd March 5 1770. Five colonists killed including Crispus Attucks — a key part of the story of Boston Massacre. Paul Revere's engraving spread propaganda — a key part of the story of Boston Massacre. John Adams defended soldiers in trial — a key part of the story of Boston Massacre. Spark that fueled American independence movement — a key part of the story of Boston Massacre. Five dead. A revolution began. The events surrounding Boston Massacre reveal how quickly history can turn on a single decision. From classrooms to documentaries, Boston Massacre remains a staple of history storytelling. Tone: dramatic, fast-paced, documentary style. 9:16 vertical.","British soldiers fired on crowd March 5 1770. | Five colonists killed including Crispus Attucks. | Paul Revere's engraving spread propaganda. | John Adams defended soldiers in trial. | Spark that fueled American independence movement. | Five dead. A revolution began. | Tone: dramatic, fast-paced, documentary style. 9:16 vertical. | A revolution began. #BostonMassacre #AmericanHistory #Revolution #HistoryTok 5 dead. | The Boston Massacre, known in Great Britain as the Incident on King Street, was a confrontation on March 5, 1770 in. | In the confrontation, nine British soldiers shot several in a crowd, estimated between 300 and 400, who were. | Five American colonists were killed. | The event was subsequently described as ""a massacre"" by Samuel Adams, Paul Revere, and other leading Patriots who.",/images/catalog/124-boston-massacre.jpg,#BostonMassacre #AmericanHistory #Revolution #HistoryTok,Five dead. A revolution began. #BostonMassacre #AmericanHistory #Revolution #HistoryTok,Paul Revere · Public domain,https://commons.wikimedia.org/wiki/File:The_Boston_Massacre_MET_DT2086.jpg
125,Stamp Act Crisis,Tax without representation. Colonists EXPLODED.,"Create a 30-second vertical history short about Stamp Act Crisis. Hook: Tax without representation. Colonists EXPLODED. Cover: British Parliament passed Stamp Act 1765 — a key part of the story of Stamp Act Crisis. Tax on every printed document in colonies — a key part of the story of Stamp Act Crisis. Colonists cried taxation without representation — a key part of the story of Stamp Act Crisis. Sons of Liberty organized boycotts and protests — a key part of the story of Stamp Act Crisis. Repealed 1766 but damage to trust was done. A tax on paper. A revolution on paper. The events surrounding Stamp Act Crisis reveal how quickly history can turn on a single decision. From classrooms to documentaries, Stamp Act Crisis remains a staple of history storytelling. Tone: dramatic, fast-paced, documentary style. 9:16 vertical.","British Parliament passed Stamp Act 1765. | Tax on every printed document in colonies. | Colonists cried taxation without representation. | Sons of Liberty organized boycotts and protests. | Repealed 1766 but damage to trust was done. | A tax on paper. A revolution on paper. | Hook: Tax without representation. | Tone: dramatic, fast-paced, documentary style. 9:16 vertical. | A revolution on paper. #StampAct #AmericanHistory #Revolution #HistoryTok Tax without representation. | The Stamp Act 1765, also known as the Duties in American Colonies Act 1765, was an act of the Parliament of Great. | Printed materials included legal documents, magazines, playing cards, newspapers, and many other types of paper used. | The purpose of the tax was to pay for British military troops stationed in the American colonies after the French.",/images/catalog/125-stamp-act-crisis.jpg,#StampAct #AmericanHistory #Revolution #HistoryTok,A tax on paper. A revolution on paper. #StampAct #AmericanHistory #Revolution #HistoryTok,Henry Marriott Paget · Public domain,https://commons.wikimedia.org/wiki/File:Henry_Marriott_Paget_-_Troops_escorting_the_stamped_paper_to_the_City_Hall_New_York%2C_1766.jpg
126,Zheng He's Treasure Fleet,300 ships. Before Columbus.,"Create a 30-second vertical history short about Zheng He's Treasure Fleet. Hook: 300 ships. Before Columbus. Cover: Ming Dynasty admiral led seven voyages 1405-1433 — a key part of the story of Zheng He's Treasure Fleet. Fleet of massive treasure ships up to 400 feet. Reached Africa Arabia and Southeast Asia — a key part of the story of Zheng He's Treasure Fleet. Displayed Chinese power and traded goods — a key part of the story of Zheng He's Treasure Fleet. Emperor ended voyages and burned fleet records — a key part of the story of Zheng He's Treasure Fleet. China reached Africa before Europe reached America. The events surrounding Zheng He's Treasure Fleet reveal how quickly history can turn on a single decision. From classrooms to documentaries, Zheng He's Treasure Fleet remains a staple of history storytelling. Tone: dramatic, fast-paced, documentary style. 9:16 vertical.","Ming Dynasty admiral led seven voyages 1405-1433. | Fleet of massive treasure ships up to 400 feet. | Reached Africa Arabia and Southeast Asia. | Displayed Chinese power and traded goods. | Emperor ended voyages and burned fleet records. | China reached Africa before Europe reached America. | Tone: dramatic, fast-paced, documentary style. 9:16 vertical. | Zheng He was a Chinese admiral and diplomat from the early Ming dynasty. | His extensive explorations along the Indian Ocean led to a major increase in China's political and commercial. | A eunuch, he was born into a Muslim family as Ma He and later adopted the surname Zheng conferred onto him by the. | He is also widely known in Chinese culture by the alias San Bao , also spelled Sam Po, which in names of Southeast. | A Chinese treasure ship is a type of large wooden Chinese junk in the fleet of admiral Zheng He, who led seven.",/images/catalog/126-zheng-he-s-treasure-fleet.jpg,#ZhengHe #MingDynasty #Exploration #HistoryTok,China reached Africa before Europe reached America. #ZhengHe #MingDynasty #Exploration #HistoryTok,Marcin Konsek · CC BY-SA 4.0,https://commons.wikimedia.org/wiki/File:2016_Malakka%2C_Stadhuys_%2809%29.jpg
127,Gunpowder Plot,Guy Fawkes. 36 barrels. FAILED.,"Create a 30-second vertical history short about Gunpowder Plot. Hook: Guy Fawkes. 36 barrels. FAILED. Cover: Catholic conspirators planned to blow up Parliament 1605. 36 barrels of gunpowder hidden under House of Lords. Guy Fawkes caught guarding explosives November 5 — a key part of the story of Gunpowder Plot. Executed for treason — a key part of the story of Gunpowder Plot. Bonfire Night celebrates his failure annually — a key part of the story of Gunpowder Plot. 36 barrels. One traitor. One holiday. The events surrounding Gunpowder Plot reveal how quickly history can turn on a single decision. From classrooms to documentaries, Gunpowder Plot remains a staple of history storytelling. Tone: dramatic, fast-paced, documentary style. 9:16 vertical.","Catholic conspirators planned to blow up Parliament 1605. | 36 barrels of gunpowder hidden under House of Lords. | Guy Fawkes caught guarding explosives November 5. | Bonfire Night celebrates his failure annually. | 36 barrels. One traitor. One holiday. | Hook: Guy Fawkes. 36 barrels. | Tone: dramatic, fast-paced, documentary style. 9:16 vertical. 36 barrels. | One holiday. #GunpowderPlot #GuyFawkes #Britain #HistoryTok Guy Fawkes. 36 barrels. | The Gunpowder Plot of 1605, in earlier centuries often called the Gunpowder Treason Plot or the Jesuit Treason, was. | The plan was to blow up the House of Lords during the State Opening of Parliament on Tuesday 5 November 1605, as the. | Catesby is suspected by historians to have embarked on the scheme after hopes of greater religious tolerance under. | His fellow conspirators were John and Christopher Wright, Robert and Thomas Wintour, Thomas Percy, Guy Fawkes.",/images/catalog/127-gunpowder-plot.jpg,#GunpowderPlot #GuyFawkes #Britain #HistoryTok,36 barrels. One traitor. One holiday. #GunpowderPlot #GuyFawkes #Britain #HistoryTok,George Cruikshank · Public domain,https://commons.wikimedia.org/wiki/File:Guy_Fawkes_by_Cruikshank.jpg
128,Edo Period Japan,250 years of PEACE.,"Create a 30-second vertical history short about Edo Period Japan. Hook: 250 years of PEACE. Cover: Tokugawa shogunate ruled 1603-1868 — a key part of the story of Edo Period Japan. Sakoku policy closed Japan to foreigners — a key part of the story of Edo Period Japan. Samurai class and urban culture flourished — a key part of the story of Edo Period Japan. Kabuki ukiyo-e and haiku arts peaked — a key part of the story of Edo Period Japan. Ended when Perry's Black Ships arrived 1853 — a key part of the story of Edo Period Japan. 250 years locked away from the world. The events surrounding Edo Period Japan reveal how quickly history can turn on a single decision. From classrooms to documentaries, Edo Period Japan remains a staple of history storytelling. Tone: dramatic, fast-paced, documentary style. 9:16 vertical.","Tokugawa shogunate ruled 1603-1868. | Sakoku policy closed Japan to foreigners. | Samurai class and urban culture flourished. | Kabuki ukiyo-e and haiku arts peaked. | Ended when Perry's Black Ships arrived 1853. | 250 years locked away from the world. | Hook: 250 years of PEACE. | The Edo period, also known as the Tokugawa period, is the period between 1600 or 1603 and 1868 in the history of. | Emerging from the chaos of the Sengoku period, the Edo period was characterized by prolonged peace and stability. | During the Edo period, Japan used various punishments against criminals. | In 1600, Tokugawa Ieyasu prevailed at the Battle of Sekigahara and established hegemony over most of Japan, and in. | Ieyasu resigned two years later in favor of his son Hidetada, but maintained power, and defeated the primary rival.",/images/catalog/128-edo-period-japan.jpg,#EdoPeriod #JapaneseHistory #Samurai #HistoryTok,250 years locked away from the world. #EdoPeriod #JapaneseHistory #Samurai #HistoryTok,unknown stitched by Marku1988 This panoramic image was created with Pan… · Public domain,https://commons.wikimedia.org/wiki/File:Edo_P.jpg
129,Taj Mahal,One monument to LOVE.,"Create a 30-second vertical history short about Taj Mahal. Hook: One monument to LOVE. Cover: Built 1632-1653 by Mughal Emperor Shah Jahan — a key part of the story of Taj Mahal. Memorial for beloved wife Mumtaz Mahal — a key part of the story of Taj Mahal. White marble inlaid with precious stones — a key part of the story of Taj Mahal. UNESCO World Heritage Site — a key part of the story of Taj Mahal. Over 20,000 artisans worked on construction — a key part of the story of Taj Mahal. Built for love. Eternal in marble. The events surrounding Taj Mahal reveal how quickly history can turn on a single decision. From classrooms to documentaries, Taj Mahal remains a staple of history storytelling. Tone: dramatic, fast-paced, documentary style. 9:16 vertical.","Built 1632-1653 by Mughal Emperor Shah Jahan. | Memorial for beloved wife Mumtaz Mahal. | White marble inlaid with precious stones. | UNESCO World Heritage Site. | Over 20,000 artisans worked on construction. | Built for love. Eternal in marble. | Hook: One monument to LOVE. | Tone: dramatic, fast-paced, documentary style. 9:16 vertical. | Eternal in marble. #TajMahal #India #Architecture #HistoryTok One monument to LOVE. | Ivory-white marble mausoleum on the right bank of the river Yamuna in Agra, Uttar Pradesh, India. | It was commissioned in 1631 by the fifth Mughal emperor, Shah Jahan, to house the tomb of his late wife, Mumtaz. | The tomb is the centrepiece of a 17-hectare complex, which includes a mosque and a guest house, and is set in formal.",/images/catalog/129-taj-mahal.jpg,#TajMahal #India #Architecture #HistoryTok,Built for love. Eternal in marble. #TajMahal #India #Architecture #HistoryTok,Kristian Bertel · CC BY-SA 4.0,https://commons.wikimedia.org/wiki/File:Taj_Mahal_in_India_-_Kristian_Bertel.jpg
130,Dutch Golden Age,Tiny nation. Richest on EARTH.,"Create a 30-second vertical history short about Dutch Golden Age. Hook: Tiny nation. Richest on EARTH. Cover: 17th century Netherlands dominated global trade — a key part of the story of Dutch Golden Age. Dutch East India Company first multinational — a key part of the story of Dutch Golden Age. Rembrandt Vermeer defined Baroque art — a key part of the story of Dutch Golden Age. Amsterdam stock exchange pioneered finance — a key part of the story of Dutch Golden Age. Polder land reclaimed from the sea — a key part of the story of Dutch Golden Age. A tiny nation ruled global trade. The events surrounding Dutch Golden Age reveal how quickly history can turn on a single decision. From classrooms to documentaries, Dutch Golden Age remains a staple of history storytelling. Tone: dramatic, fast-paced, documentary style. 9:16 vertical.","17th century Netherlands dominated global trade. | Dutch East India Company first multinational. | Rembrandt Vermeer defined Baroque art. | Amsterdam stock exchange pioneered finance. | Polder land reclaimed from the sea. | A tiny nation ruled global trade. | Tone: dramatic, fast-paced, documentary style. 9:16 vertical. | Period in the history of the Netherlands which roughly lasted from 1588, when the Dutch Republic was established, to. | During this period, the Dutch Republic became one of the leading commercial and maritime powers in Europe. | With a large merchant fleet and a strong presence in international trade, particularly through Amsterdam, the. | Institutions such as the Dutch East India Company helped expand its reach in global commerce. | The prosperity of several cities, relatively high income levels, and an active cultural and scientific life made the.",/images/catalog/130-dutch-golden-age.jpg,#DutchGoldenAge #Netherlands #TradeHistory #HistoryTok,A tiny nation ruled global trade. #DutchGoldenAge #Netherlands #TradeHistory #HistoryTok,Wikimedia Commons · CC BY-SA 3.0,https://commons.wikimedia.org/wiki/File:Amsterdam_grachten.jpg
131,Scientific Revolution,Reason replaced FAITH.,"Create a 30-second vertical history short about Scientific Revolution. Hook: Reason replaced FAITH. Cover: 16th-17th century transformation of knowledge — a key part of the story of Scientific Revolution. Bacon Galileo Newton and Kepler led the way. Scientific method replaced ancient authority — a key part of the story of Scientific Revolution. Royal Society founded 1660 in England — a key part of the story of Scientific Revolution. Laid foundation for modern technology — a key part of the story of Scientific Revolution. They stopped asking church. Started asking nature. The events surrounding Scientific Revolution reveal how quickly history can turn on a single decision. From classrooms to documentaries, Scientific Revolution remains a staple of history storytelling. Tone: dramatic, fast-paced, documentary style. 9:16 vertical.","16th-17th century transformation of knowledge. | Bacon Galileo Newton and Kepler led the way. | Scientific method replaced ancient authority. | Royal Society founded 1660 in England. | Laid foundation for modern technology. | They stopped asking church. Started asking nature. | Hook: Reason replaced FAITH. | Tone: dramatic, fast-paced, documentary style. 9:16 vertical. | Started asking nature. #ScientificRevolution #ScienceHistory #Enlightenment #HistoryTok Reason replaced FAITH. | The Scientific Revolution of the 16th and 17th centuries in Europe was an irreversible break with the natural. | The New Science that emerged departed from previous Greek conceptions and traditions, was more mechanistic in its. | Convenient boundary between ancient thought and modern science.",/images/catalog/131-scientific-revolution.jpg,#ScientificRevolution #ScienceHistory #Enlightenment #HistoryTok,They stopped asking church. Started asking nature. #ScientificRevolution #ScienceHistory #Enlightenment #HistoryTok,Godfrey Kneller · Public domain,https://commons.wikimedia.org/wiki/File:Portrait_of_Sir_Isaac_Newton%2C_1689_%28head_shot_crop%29.jpg
132,Treaty of Westphalia,Modern nations BORN.,"Create a 30-second vertical history short about Treaty of Westphalia. Hook: Modern nations BORN. Cover: Ended Thirty Years War 1648 — a key part of the story of Treaty of Westphalia. Established principle of state sovereignty — a key part of the story of Treaty of Westphalia. Each ruler determined own state's religion — a key part of the story of Treaty of Westphalia. Redrew map of Holy Roman Empire — a key part of the story of Treaty of Westphalia. Foundation of modern international relations — a key part of the story of Treaty of Westphalia. 1648. The birth of the modern nation. The events surrounding Treaty of Westphalia reveal how quickly history can turn on a single decision. From classrooms to documentaries, Treaty of Westphalia remains a staple of history storytelling. Tone: dramatic, fast-paced, documentary style. 9:16 vertical.","Ended Thirty Years War 1648. | Established principle of state sovereignty. | Each ruler determined own state's religion. | Redrew map of Holy Roman Empire. | Foundation of modern international relations. | 1648. The birth of the modern nation. | Hook: Modern nations BORN. | Tone: dramatic, fast-paced, documentary style. 9:16 vertical. 1648. | The birth of the modern nation. #Westphalia #Europe #Diplomacy #HistoryFacts Modern nations BORN. | The Peace of Westphalia is the collective name for two peace treaties signed in October 1648 in the Westphalian. | They ended the Thirty Years' War and brought peace to the Holy Roman Empire, closing a calamitous period of European. | Ferdinand III, Holy Roman Emperor, the kingdoms of France and Sweden, and their respective allies among the princes.",/images/catalog/132-treaty-of-westphalia.jpg,#Westphalia #Europe #Diplomacy #HistoryFacts,1648. The birth of the modern nation. #Westphalia #Europe #Diplomacy #HistoryFacts,Dietmar Rabich · CC BY-SA 4.0,https://commons.wikimedia.org/wiki/File:M%C3%BCnster%2C_Historisches_Rathaus_--_2014_--_6855.jpg
133,Qing Dynasty Rise,China's last dynasty. 268 YEARS.,"Create a 30-second vertical history short about Qing Dynasty Rise. Hook: China's last dynasty. 268 YEARS. Cover: Manchu rulers seized Beijing 1644 — a key part of the story of Qing Dynasty Rise. Expanded to largest Chinese empire ever — a key part of the story of Qing Dynasty Rise. Kangxi and Qianlong emperors golden age — a key part of the story of Qing Dynasty Rise. Population quadrupled under Qing rule — a key part of the story of Qing Dynasty Rise. Collapsed 1912 ending imperial China — a key part of the story of Qing Dynasty Rise. China's last emperors. 268 years. The events surrounding Qing Dynasty Rise reveal how quickly history can turn on a single decision. From classrooms to documentaries, Qing Dynasty Rise remains a staple of history storytelling. Tone: dramatic, fast-paced, documentary style. 9:16 vertical.","Manchu rulers seized Beijing 1644. | Expanded to largest Chinese empire ever. | Kangxi and Qianlong emperors golden age. | Population quadrupled under Qing rule. | Collapsed 1912 ending imperial China. | China's last emperors. 268 years. | Tone: dramatic, fast-paced, documentary style. 9:16 vertical. | The Rise and Fall of Qing Dynasty is a long-running four part television series about the history of the Qing dynasty. | The series was produced by Hong Kong's ATV and was aired on ATV Home from September 1987 to May 1992. | This is a timeline of the Qing dynasty . | Title: 滿清十三皇朝; literally: The Thirteen Manchu Qing Dynasties. | Covers the reigns of Nurhaci, Hong Taiji, Shunzhi Emperor and Kangxi Emperor.",/images/catalog/133-qing-dynasty-rise.jpg,#QingDynasty #ChineseHistory #Empire #HistoryTok,China's last emperors. 268 years. #QingDynasty #ChineseHistory #Empire #HistoryTok,"Kallgan, Cartakes · CC BY-SA 3.0",https://commons.wikimedia.org/wiki/File:Qing_dynasty_and_Mongolia.jpg
134,Ivan the Terrible,First Tsar. Paranoid KILLER.,"Create a 30-second vertical history short about Ivan the Terrible. Hook: First Tsar. Paranoid KILLER. Cover: Ivan IV crowned first Tsar of Russia 1547. Created Oprichnina secret police terror — a key part of the story of Ivan the Terrible. Killed his own son in rage — a key part of the story of Ivan the Terrible. Expanded Russia eastward into Siberia — a key part of the story of Ivan the Terrible. Nickname Terrible means formidable not evil — a key part of the story of Ivan the Terrible. First tsar. Secret police. Son killer. The events surrounding Ivan the Terrible reveal how quickly history can turn on a single decision. From classrooms to documentaries, Ivan the Terrible remains a staple of history storytelling. Tone: dramatic, fast-paced, documentary style. 9:16 vertical.","Ivan IV crowned first Tsar of Russia 1547. | Created Oprichnina secret police terror. | Killed his own son in rage. | Expanded Russia eastward into Siberia. | Nickname Terrible means formidable not evil. | First tsar. Secret police. Son killer. | Tone: dramatic, fast-paced, documentary style. 9:16 vertical. | Son killer. #IvanTheTerrible #Russia #Monarchy #HistoryTok First Tsar. | Ivan IV Vasilyevich, commonly known as Ivan the Terrible, was Grand Prince of Moscow and all Russia from 1533 to. | Ivan's reign was characterised by Russia's transformation from a medieval state to a fledgling empire, but at an. | Ivan IV Vasilyevich (Russian: Иван IV Васильевич. | Ivan IV was the eldest son of Vasili III by his second wife Elena Glinskaya, and a grandson of Ivan III.",/images/catalog/134-ivan-the-terrible.jpg,#IvanTheTerrible #Russia #Monarchy #HistoryTok,First tsar. Secret police. Son killer. #IvanTheTerrible #Russia #Monarchy #HistoryTok,Shakko · CC BY-SA 3.0,https://commons.wikimedia.org/wiki/File:IoannIV_reconstruction_by_Gerasimov02.jpg
135,Ottoman Siege of Vienna,Europe's gates held SHUT.,"Create a 30-second vertical history short about Ottoman Siege of Vienna. Hook: Europe's gates held SHUT. Cover: Ottomans besieged Vienna 1529 and 1683 — a key part of the story of Ottoman Siege of Vienna. 1683 siege broken by Polish King Jan Sobieski. Marked end of Ottoman expansion into Europe — a key part of the story of Ottoman Siege of Vienna. Viennese coffee culture born from captured supplies — a key part of the story of Ottoman Siege of Vienna. Turning point in Ottoman decline — a key part of the story of Ottoman Siege of Vienna. Twice they tried. Twice Europe held. Civilians and soldiers alike bore the devastating human cost of Ottoman Siege of Vienna. The consequences of Ottoman Siege of Vienna echoed for generations after the fighting stopped. Tone: dramatic, fast-paced, documentary style. 9:16 vertical.","Ottomans besieged Vienna 1529 and 1683. | 1683 siege broken by Polish King Jan Sobieski. | Marked end of Ottoman expansion into Europe. | Viennese coffee culture born from captured supplies. | Turning point in Ottoman decline. | Twice they tried. Twice Europe held. | Civilians and soldiers alike bore the devastating human cost of Ottoman Siege of Vienna. | The consequences of Ottoman Siege of Vienna echoed for generations after the fighting stopped. | Hook: Europe's gates held SHUT. | Tone: dramatic, fast-paced, documentary style. 9:16 vertical. | Twice Europe held. #SiegeOfVienna #Ottoman #Europe #HistoryTok Europe's gates held SHUT. | The Battle of Vienna took place at Kahlenberg Mountain near Vienna on 12 September 1683 after the city had been.",/images/catalog/135-ottoman-siege-of-vienna.jpg,#SiegeOfVienna #Ottoman #Europe #HistoryTok,Twice they tried. Twice Europe held. #SiegeOfVienna #Ottoman #Europe #HistoryTok,"Anonymer, zeitgenössischer Maler · Public domain",https://commons.wikimedia.org/wiki/File:Anonym_Entsatz_Wien_1683.jpg
136,Christopher Columbus,He didn't discover AMERICA.,"Create a 30-second vertical history short about Christopher Columbus. Hook: He didn't discover AMERICA. Cover: Sailed for Spain seeking Asia 1492 — a key part of the story of Christopher Columbus. Reached Caribbean not India — a key part of the story of Christopher Columbus. Made four voyages to Americas — a key part of the story of Christopher Columbus. Opened era of European colonization — a key part of the story of Christopher Columbus. Legacy debated hero vs colonizer — a key part of the story of Christopher Columbus. Wrong continent. Wrong century's hero. The events surrounding Christopher Columbus reveal how quickly history can turn on a single decision. From classrooms to documentaries, Christopher Columbus remains a staple of history storytelling. Tone: dramatic, fast-paced, documentary style. 9:16 vertical.","Sailed for Spain seeking Asia 1492. | Reached Caribbean not India. | Made four voyages to Americas. | Opened era of European colonization. | Legacy debated hero vs colonizer. | Wrong continent. Wrong century's hero. | Hook: He didn't discover AMERICA. | Tone: dramatic, fast-paced, documentary style. 9:16 vertical. | Wrong century's hero. #Columbus #Exploration #1492 #HistoryTok He didn't discover AMERICA. | Italian explorer and navigator from the Republic of Genoa who completed four Spanish transatlantic voyages in the. | His expeditions were the first known European contact with the Caribbean and Central and South America. | Christopher Columbus: The Discovery is a 1992 historical adventure film directed by John Glen.",/images/catalog/136-christopher-columbus.png,#Columbus #Exploration #1492 #HistoryTok,Wrong continent. Wrong century's hero. #Columbus #Exploration #1492 #HistoryTok,Sebastiano del Piombo · Public domain,https://commons.wikimedia.org/wiki/File:Christopher_Columbus.PNG
137,Ferdinand Magellan,First around the world. He DIED.,"Create a 30-second vertical history short about Ferdinand Magellan. Hook: First around the world. He DIED. Cover: Led first circumnavigation 1519-1522 — a key part of the story of Ferdinand Magellan. Killed in Philippines April 1521 — a key part of the story of Ferdinand Magellan. Only 18 of 270 crew completed voyage — a key part of the story of Ferdinand Magellan. Proved Earth was round and vast — a key part of the story of Ferdinand Magellan. Strait of Magellan named for him — a key part of the story of Ferdinand Magellan. He proved the world was round. Didn't live to finish. The events surrounding Ferdinand Magellan reveal how quickly history can turn on a single decision. From classrooms to documentaries, Ferdinand Magellan remains a staple of history storytelling. Tone: dramatic, fast-paced, documentary style. 9:16 vertical.","Led first circumnavigation 1519-1522. | Killed in Philippines April 1521. | Only 18 of 270 crew completed voyage. | Proved Earth was round and vast. | Strait of Magellan named for him. | He proved the world was round. Didn't live to finish. | Hook: First around the world. | Tone: dramatic, fast-paced, documentary style. 9:16 vertical. | Didn't live to finish. #Magellan #Exploration #Circumnavigation #HistoryTok First around the world. | Portuguese explorer best known for planning and leading the 1519–1522 Spanish expedition to the East Indies. | During this expedition, he became the first European to encounter the Strait of Magellan, performed the first. | Magellan was killed in battle in the Philippines in 1521, but his crew, commanded by Spanish navigator Juan.",/images/catalog/137-ferdinand-magellan.jpg,#Magellan #Exploration #Circumnavigation #HistoryTok,He proved the world was round. Didn't live to finish. #Magellan #Exploration #Circumnavigation #HistoryTok,Unknown author Unknown author · Public domain,https://commons.wikimedia.org/wiki/File:Ferdinand_Magellan.jpg
138,Vasco da Gama,Sea route to INDIA.,"Create a 30-second vertical history short about Vasco da Gama. Hook: Sea route to INDIA. Cover: Portuguese explorer reached India 1498 — a key part of the story of Vasco da Gama. Sailed around Africa's Cape of Good Hope — a key part of the story of Vasco da Gama. Opened lucrative spice trade for Portugal — a key part of the story of Vasco da Gama. Brutal treatment of Indian merchants — a key part of the story of Vasco da Gama. Changed global trade routes forever — a key part of the story of Vasco da Gama. He found India by sea. Empires followed. The events surrounding Vasco da Gama reveal how quickly history can turn on a single decision. From classrooms to documentaries, Vasco da Gama remains a staple of history storytelling. Tone: dramatic, fast-paced, documentary style. 9:16 vertical.","Portuguese explorer reached India 1498. | Sailed around Africa's Cape of Good Hope. | Opened lucrative spice trade for Portugal. | Brutal treatment of Indian merchants. | Changed global trade routes forever. | He found India by sea. Empires followed. | Hook: Sea route to INDIA. | Tone: dramatic, fast-paced, documentary style. 9:16 vertical. | Empires followed. #VascoDaGama #Exploration #Portugal #HistoryTok Sea route to INDIA. | Portuguese mariner, explorer and nobleman. | His discovery of the first direct maritime route between Europe and India via the Cape of Good Hope and across the. | Vasco da Gama M-ə, European Portuguese: ; c. 1460s – 24 December 1524) was a Portuguese mariner, explorer and.",/images/catalog/138-vasco-da-gama.jpg,#VascoDaGama #Exploration #Portugal #HistoryTok,He found India by sea. Empires followed. #VascoDaGama #Exploration #Portugal #HistoryTok,Sailko · CC BY 3.0,https://commons.wikimedia.org/wiki/File:Ignoto_portoghese%2C_ritratto_di_un_cavaliere_dell%27ordine_di_cristo%2C_1525-50_ca._02.jpg
139,Captain James Cook,Mapped the Pacific. Killed in HAWAII.,"Create a 30-second vertical history short about Captain James Cook. Hook: Mapped the Pacific. Killed in HAWAII. Cover: Three voyages 1768-1779 mapped Pacific — a key part of the story of Captain James Cook. Charted Australia New Zealand and Hawaii — a key part of the story of Captain James Cook. Prevented scurvy with sauerkraut and malt — a key part of the story of Captain James Cook. Killed by Hawaiians at Kealakekua Bay 1779 — a key part of the story of Captain James Cook. Opened Pacific to European exploration — a key part of the story of Captain James Cook. He mapped an ocean. Died on a beach. The events surrounding Captain James Cook reveal how quickly history can turn on a single decision. From classrooms to documentaries, Captain James Cook remains a staple of history storytelling. Tone: dramatic, fast-paced, documentary style. 9:16 vertical.","Three voyages 1768-1779 mapped Pacific. | Charted Australia New Zealand and Hawaii. | Prevented scurvy with sauerkraut and malt. | Killed by Hawaiians at Kealakekua Bay 1779. | Opened Pacific to European exploration. | He mapped an ocean. Died on a beach. | Hook: Mapped the Pacific. | Tone: dramatic, fast-paced, documentary style. 9:16 vertical. | Died on a beach. #CaptainCook #Exploration #Pacific #HistoryTok Mapped the Pacific. | British Royal Navy officer, explorer, and cartographer who led three voyages of exploration to the Pacific and. | He completed the first recorded circumnavigation of the main islands of New Zealand, and led the first recorded. | Cook joined the British merchant navy as a teenager before enlisting in the Royal Navy in 1755.",/images/catalog/139-captain-james-cook.jpg,#CaptainCook #Exploration #Pacific #HistoryTok,He mapped an ocean. Died on a beach. #CaptainCook #Exploration #Pacific #HistoryTok,Nathaniel Dance-Holland · Public domain,https://commons.wikimedia.org/wiki/File:Captainjamescookportrait.jpg
140,Shackleton's Endurance Expedition,Ship crushed. ALL survived.,"Create a 30-second vertical history short about Shackleton's Endurance Expedition. Hook: Ship crushed. ALL survived. Cover: Antarctic expedition 1914-1917 — a key part of the story of Shackleton's Endurance Expedition. Ship Endurance crushed by ice and sank — a key part of the story of Shackleton's Endurance Expedition. Shackleton led epic open-boat rescue — a key part of the story of Shackleton's Endurance Expedition. All 28 men survived against impossible odds — a key part of the story of Shackleton's Endurance Expedition. Greatest survival story in exploration history — a key part of the story of Shackleton's Endurance Expedition. Ship gone. Ice everywhere. All survived. The events surrounding Shackleton's Endurance Expedition reveal how quickly history can turn on a single decision. From classrooms to documentaries, Shackleton's Endurance Expedition remains a staple of history storytelling. Tone: dramatic, fast-paced, documentary style. 9:16 vertical.","Antarctic expedition 1914-1917. | Ship Endurance crushed by ice and sank. | Shackleton led epic open-boat rescue. | All 28 men survived against impossible odds. | Greatest survival story in exploration history. | Ship gone. Ice everywhere. All survived. | Tone: dramatic, fast-paced, documentary style. 9:16 vertical. | All survived. #Shackleton #Antarctica #Exploration #HistoryTok Ship crushed. | Endurance: Shackleton's Incredible Voyage, is a 1959 book written by Alfred Lansing, about the failure of the. | The Endurance is a 2000 documentary film directed by George Butler about Ernest Shackleton's legendary Antarctic. | It is based on the book of the same name. | Endurance was the name of the ship of Shackleton's expedition.",/images/catalog/140-shackleton-s-endurance-expedition.jpg,#Shackleton #Antarctica #Exploration #HistoryTok,Ship gone. Ice everywhere. All survived. #Shackleton #Antarctica #Exploration #HistoryTok,Frank Hurley · Public domain,https://commons.wikimedia.org/wiki/File:Endurance_under_full_sail_Frank_Hurley_State_Library_NSW_a090012h.jpg
141,Race to the South Pole,One team won. One team DIED.,"Create a 30-second vertical history short about Race to the South Pole. Hook: One team won. One team DIED. Cover: Roald Amundsen reached pole December 14 1911 — a key part of the story of Race to the South Pole. Robert Scott arrived 33 days later — a key part of the story of Race to the South Pole. Scott's entire party died returning — a key part of the story of Race to the South Pole. Amundsen used dogs Scott used ponies — a key part of the story of Race to the South Pole. Epic tale of preparation vs hubris — a key part of the story of Race to the South Pole. Preparation beat pride. Some paid with lives. The events surrounding Race to the South Pole reveal how quickly history can turn on a single decision. From classrooms to documentaries, Race to the South Pole remains a staple of history storytelling. Tone: dramatic, fast-paced, documentary style. 9:16 vertical.","Roald Amundsen reached pole December 14 1911. | Robert Scott arrived 33 days later. | Scott's entire party died returning. | Amundsen used dogs Scott used ponies. | Epic tale of preparation vs hubris. | Preparation beat pride. Some paid with lives. | Tone: dramatic, fast-paced, documentary style. 9:16 vertical. | Some paid with lives. #SouthPole #Exploration #Antarctica #HistoryTok One team won. | Rune Malterud is a Norwegian polar explorer and physiotherapist. | The first expedition to reach the Geographic South Pole was led by the Norwegian explorer Roald Amundsen. | He and four other crew members made it to the geographical South Pole on 14 December 1911, which was to be five. | Amundsen and his team returned safely to their base, and about a year later heard that Scott and his four companions.",/images/catalog/141-race-to-the-south-pole.jpg,#SouthPole #Exploration #Antarctica #HistoryTok,Preparation beat pride. Some paid with lives. #SouthPole #Exploration #Antarctica #HistoryTok,"Drawn by A. Masson, I. Clark Sculp · Public domain",https://commons.wikimedia.org/wiki/File:James_Weddell_Expedition.jpg
142,Roanoke Lost Colony,117 people. VANISHED.,"Create a 30-second vertical history short about Roanoke Lost Colony. Hook: 117 people. VANISHED. Cover: First English settlement in America 1585 — a key part of the story of Roanoke Lost Colony. Reestablished 1587 with 117 colonists — a key part of the story of Roanoke Lost Colony. Governor John White returned 1590 found empty — a key part of the story of Roanoke Lost Colony. Only clue carved CROATOAN on post — a key part of the story of Roanoke Lost Colony. Greatest mystery in American colonial history — a key part of the story of Roanoke Lost Colony. 117 people. Gone. No explanation. The events surrounding Roanoke Lost Colony reveal how quickly history can turn on a single decision. From classrooms to documentaries, Roanoke Lost Colony remains a staple of history storytelling. Tone: dramatic, fast-paced, documentary style. 9:16 vertical.","First English settlement in America 1585. | Reestablished 1587 with 117 colonists. | Governor John White returned 1590 found empty. | Only clue carved CROATOAN on post. | Greatest mystery in American colonial history. | 117 people. Gone. No explanation. | Tone: dramatic, fast-paced, documentary style. 9:16 vertical. 117 people. | No explanation. #Roanoke #ColonialAmerica #Mystery #HistoryTok 117 people. | The Roanoke Colony was the site of two attempts by Sir Walter Raleigh to found the first permanent English. | The first colony was established at Roanoke Island in 1585 as a military outpost, and was evacuated in 1586. | The more famous second colony, known as the Lost Colony, began when a new group of settlers under John White arrived. | There is now substantial archaeological evidence for the fate of the Roanoke settlers.",/images/catalog/142-roanoke-lost-colony.jpg,#Roanoke #ColonialAmerica #Mystery #HistoryTok,117 people. Gone. No explanation. #Roanoke #ColonialAmerica #Mystery #HistoryTok,"Design by William Ludwell Sheppard, Engraving by William James Linton · No restrictions",https://commons.wikimedia.org/wiki/File:William_Ludwell_Sheppard_%26_William_James_Linton_-_CROATOAN%2C_The_Lost_Colony_%28John_White%29.jpg
143,Jamestown Settlement,Starving time. They ate EACH OTHER.,"Create a 30-second vertical history short about Jamestown Settlement. Hook: Starving time. They ate EACH OTHER. Cover: First permanent English colony 1607 Virginia — a key part of the story of Jamestown Settlement. Starving Time winter 1609-1610 desperate cannibalism — a key part of the story of Jamestown Settlement. John Smith and Pocahontas legend — a key part of the story of Jamestown Settlement. Tobacco saved colony under John Rolfe — a key part of the story of Jamestown Settlement. Foundation of United States origin story — a key part of the story of Jamestown Settlement. America started with starvation and survival. The events surrounding Jamestown Settlement reveal how quickly history can turn on a single decision. From classrooms to documentaries, Jamestown Settlement remains a staple of history storytelling. Tone: dramatic, fast-paced, documentary style. 9:16 vertical.","First permanent English colony 1607 Virginia. | Starving Time winter 1609-1610 desperate cannibalism. | John Smith and Pocahontas legend. | Tobacco saved colony under John Rolfe. | Foundation of United States origin story. | America started with starvation and survival. | Tone: dramatic, fast-paced, documentary style. 9:16 vertical. | Living history museum operated by the Commonwealth of Virginia, created in 1957 as Jamestown Festival Park for the. | Today it includes a recreation of James Fort, a Powhatan Native American town, indoor and outdoor displays, and. | Jamestown, also known as Jamestowne, was the first settlement of the Virginia Colony, founded in 1607, and the. | The museum complex is located adjacent to Jamestown Island and Historic Jamestowne, which is run in partnership by. | Historic Jamestowne is established in the original James Fort and Jamestown Colony, the first successful English.",/images/catalog/143-jamestown-settlement.jpg,#Jamestown #ColonialAmerica #Virginia #HistoryTok,America started with starvation and survival. #Jamestown #ColonialAmerica #Virginia #HistoryTok,Tomás Del Coro · CC BY-SA 2.0,https://commons.wikimedia.org/wiki/File:Jamestown_Settlement.jpg
144,Plymouth Colony,102 settlers. Half DEAD first winter.,"Create a 30-second vertical history short about Plymouth Colony. Hook: 102 settlers. Half DEAD first winter. Cover: Mayflower landed Plymouth 1620 — a key part of the story of Plymouth Colony. 102 passengers half died first winter — a key part of the story of Plymouth Colony. Wampanoag helped with first Thanksgiving — a key part of the story of Plymouth Colony. Mayflower Compact early self-governance — a key part of the story of Plymouth Colony. Pilgrims fled religious persecution in England — a key part of the story of Plymouth Colony. Half died. They still stayed. The events surrounding Plymouth Colony reveal how quickly history can turn on a single decision. From classrooms to documentaries, Plymouth Colony remains a staple of history storytelling. Tone: dramatic, fast-paced, documentary style. 9:16 vertical.","Mayflower landed Plymouth 1620. | 102 passengers half died first winter. | Wampanoag helped with first Thanksgiving. | Mayflower Compact early self-governance. | Pilgrims fled religious persecution in England. | Half died. They still stayed. | Tone: dramatic, fast-paced, documentary style. 9:16 vertical. | They still stayed. #Plymouth #Thanksgiving #ColonialAmerica #HistoryTok 102 settlers. | First permanent English colony in New England, founded in 1620, and the third permanent English colony in America. | It was settled by the passengers on the Mayflower at a location that had previously been surveyed and named by. | The settlement served as the capital of the colony and developed as the town of Plymouth, Massachusetts. | At its height, Plymouth Colony occupied most of what is now the southeastern portion of Massachusetts; it was.",/images/catalog/144-plymouth-colony.jpg,#Plymouth #Thanksgiving #ColonialAmerica #HistoryTok,Half died. They still stayed. #Plymouth #Thanksgiving #ColonialAmerica #HistoryTok,William Halsall · Public domain,https://commons.wikimedia.org/wiki/File:Mayflower_in_Plymouth_Harbor%2C_by_William_Halsall.jpg
145,Treaty of Tordesillas,Pope divided the WORLD.,"Create a 30-second vertical history short about Treaty of Tordesillas. Hook: Pope divided the WORLD. Cover: Signed 1494 between Spain and Portugal — a key part of the story of Treaty of Tordesillas. Pope Alexander VI drew line splitting New World. Spain got most of Americas Portugal got Brazil. European powers carved globe without asking natives — a key part of the story of Treaty of Tordesillas. Template for colonial division of Earth — a key part of the story of Treaty of Tordesillas. The Pope split the planet in two. The events surrounding Treaty of Tordesillas reveal how quickly history can turn on a single decision. From classrooms to documentaries, Treaty of Tordesillas remains a staple of history storytelling. Tone: dramatic, fast-paced, documentary style. 9:16 vertical.","Signed 1494 between Spain and Portugal. | Pope Alexander VI drew line splitting New World. | Spain got most of Americas Portugal got Brazil. | European powers carved globe without asking natives. | Template for colonial division of Earth. | The Pope split the planet in two. | Hook: Pope divided the WORLD. | Tone: dramatic, fast-paced, documentary style. 9:16 vertical. | The Treaty of Tordesillas, signed in Tordesillas, Spain, on 7 June 1494, and ratified in Setúbal, Portugal, divided. | That line of demarcation was about halfway between Cape Verde and the islands visited by Christopher Columbus on his. | The treaty itself does not mention Cipangu or Antillia. | The lands to the east would belong to Portugal and the lands to the west to Castile, modifying an earlier bull by.",/images/catalog/145-treaty-of-tordesillas.jpg,#Tordesillas #Colonialism #Exploration #HistoryTok,The Pope split the planet in two. #Tordesillas #Colonialism #Exploration #HistoryTok,Original: Biblioteca Nacional de Lisboa Photo: User:Joserebelo · Public domain,https://commons.wikimedia.org/wiki/File:Treaty_of_Tordesillas.jpg
146,Dutch East India Company,First trillion-dollar COMPANY.,"Create a 30-second vertical history short about Dutch East India Company. Hook: First trillion-dollar COMPANY. Cover: Founded 1602 traded spices across Asia — a key part of the story of Dutch East India Company. First company to issue stock to public — a key part of the story of Dutch East India Company. Had its own army and minted coins — a key part of the story of Dutch East India Company. Controlled Indonesia for centuries — a key part of the story of Dutch East India Company. Model for modern multinational corporations — a key part of the story of Dutch East India Company. A company with an army. First of its kind. The events surrounding Dutch East India Company reveal how quickly history can turn on a single decision. From classrooms to documentaries, Dutch East India Company remains a staple of history storytelling. Tone: dramatic, fast-paced, documentary style. 9:16 vertical.","Founded 1602 traded spices across Asia. | First company to issue stock to public. | Had its own army and minted coins. | Controlled Indonesia for centuries. | Model for modern multinational corporations. | A company with an army. First of its kind. | Hook: First trillion-dollar COMPANY. | Tone: dramatic, fast-paced, documentary style. 9:16 vertical. | First of its kind. #VOC #TradeHistory #Colonialism #HistoryTok First trillion-dollar COMPANY. | The United East India Company, commonly known as the Dutch East India Company, was a chartered trading company and. | Established on 20 March 1602 by the States General of the Netherlands amalgamating existing companies, it was. | Shares in the company could be purchased by any citizen of the Dutch Republic and bought and sold in open-air.",/images/catalog/146-dutch-east-india-company.jpg,#VOC #TradeHistory #Colonialism #HistoryTok,A company with an army. First of its kind. #VOC #TradeHistory #Colonialism #HistoryTok,Петров Эдуард · CC BY-SA 4.0,https://commons.wikimedia.org/wiki/File:Duit_1735_-_Netherlands_East-Indies_%28Dutch_East_India_Company._Holland%29.jpg
147,British East India Company,A company that RULED India.,"Create a 30-second vertical history short about British East India Company. Hook: A company that RULED India. Cover: Founded 1600 controlled Indian subcontinent — a key part of the story of British East India Company. Private army larger than Britain's — a key part of the story of British East India Company. Opium trade with China caused wars — a key part of the story of British East India Company. Sepoy Mutiny 1857 ended company rule — a key part of the story of British East India Company. Crown took direct control after rebellion — a key part of the story of British East India Company. A corporation ruled a subcontinent. The events surrounding British East India Company reveal how quickly history can turn on a single decision. From classrooms to documentaries, British East India Company remains a staple of history storytelling. Tone: dramatic, fast-paced, documentary style. 9:16 vertical.","Founded 1600 controlled Indian subcontinent. | Private army larger than Britain's. | Opium trade with China caused wars. | Sepoy Mutiny 1857 ended company rule. | Crown took direct control after rebellion. | A corporation ruled a subcontinent. | Hook: A company that RULED India. | Tone: dramatic, fast-paced, documentary style. 9:16 vertical. | The East India Company was an English, and later British, joint-stock company that was founded in 1600 and dissolved. | It was formed for Indian Ocean trade, initially with the East Indies, and later with East Asia. | The company gained control of large parts of the Indian subcontinent and Hong Kong. | At its peak, the company was the largest corporation in the world by various measures and had its own armed forces.",/images/catalog/147-british-east-india-company.jpg,#EastIndiaCompany #BritishEmpire #India #HistoryTok,A corporation ruled a subcontinent. #EastIndiaCompany #BritishEmpire #India #HistoryTok,Unknown author Unknown author · Public domain,https://commons.wikimedia.org/wiki/File:East_India_House.jpg
148,Panama Canal,"51 miles. 25,000 DEAD.","Create a 30-second vertical history short about Panama Canal. Hook: 51 miles. 25,000 DEAD. Cover: Connected Atlantic and Pacific opened 1914 — a key part of the story of Panama Canal. French attempt failed losing 22,000 workers — a key part of the story of Panama Canal. US completed after supporting Panama independence — a key part of the story of Panama Canal. Reduced NYC to San Francisco trip by 8,000 miles. One of greatest engineering feats ever — a key part of the story of Panama Canal. 51 miles changed global shipping forever. The events surrounding Panama Canal reveal how quickly history can turn on a single decision. From classrooms to documentaries, Panama Canal remains a staple of history storytelling. Tone: dramatic, fast-paced, documentary style. 9:16 vertical.","Connected Atlantic and Pacific opened 1914. | French attempt failed losing 22,000 workers. | US completed after supporting Panama independence. | Reduced NYC to San Francisco trip by 8,000 miles. | One of greatest engineering feats ever. | 51 miles changed global shipping forever. | Hook: 51 miles. 25,000 DEAD. | Artificial 82-kilometer waterway in Panama that connects the Caribbean Sea with the Pacific Ocean. | It cuts across the narrowest point of the Isthmus of Panama, and is a conduit for maritime trade between the. | Locks at each end lift ships up to Gatun Lake, an artificial fresh water lake 26 meters above sea level, created by. | Locks then lower the ships at the other end. | The original locks are 33.5 meters wide and allow the passage of Panamax ships.",/images/catalog/148-panama-canal.jpg,#PanamaCanal #Engineering #LatinAmerica #HistoryTok,51 miles changed global shipping forever. #PanamaCanal #Engineering #LatinAmerica #HistoryTok,User:Stan Shebs · CC BY-SA 3.0,https://commons.wikimedia.org/wiki/File:Panama_Canal_Gatun_Locks.jpg
149,Suez Canal,120 miles. Britain RULED trade.,"Create a 30-second vertical history short about Suez Canal. Hook: 120 miles. Britain RULED trade. Cover: Opened 1869 connecting Mediterranean to Red Sea — a key part of the story of Suez Canal. Built by Ferdinand de Lesseps and Egyptian labor. Britain bought controlling share 1875 — a key part of the story of Suez Canal. Nationalized by Nasser 1956 sparking crisis — a key part of the story of Suez Canal. Still vital chokepoint for world trade — a key part of the story of Suez Canal. 120 miles. Empires fought over it. The events surrounding Suez Canal reveal how quickly history can turn on a single decision. From classrooms to documentaries, Suez Canal remains a staple of history storytelling. Tone: dramatic, fast-paced, documentary style. 9:16 vertical.","Opened 1869 connecting Mediterranean to Red Sea. | Built by Ferdinand de Lesseps and Egyptian labor. | Britain bought controlling share 1875. | Nationalized by Nasser 1956 sparking crisis. | Still vital chokepoint for world trade. | 120 miles. Empires fought over it. | Tone: dramatic, fast-paced, documentary style. 9:16 vertical. 120 miles. | Artificial sea-level waterway in Egypt, connecting the Mediterranean Sea to the Red Sea through the Isthmus of Suez. | It is the border between Africa and Asia. | The 193.3-kilometre-long canal is a key trade route between Europe and Asia. | Egyptian Arabic: قناة السويس, Qanāt as-Suwais) is an artificial sea-level waterway in Egypt, connecting the. | In 1858, French diplomat Ferdinand de Lesseps formed the Compagnie de Suez for the express purpose of building the.",/images/catalog/149-suez-canal.jpg,#SuezCanal #Egypt #TradeHistory #HistoryTok,120 miles. Empires fought over it. #SuezCanal #Egypt #TradeHistory #HistoryTok,NASA · Public domain,https://commons.wikimedia.org/wiki/File:Iss016e019375.jpg
150,Mansa Musa's Pilgrimage,Richest man EVER. Crashed gold.,"Create a 30-second vertical history short about Mansa Musa's Pilgrimage. Hook: Richest man EVER. Crashed gold. Cover: Emperor of Mali made hajj to Mecca 1324. Caravan of 60,000 people and 100 camels — a key part of the story of Mansa Musa's Pilgrimage. Gave away so much gold he crashed Cairo's economy. Estimated net worth $400 billion in today's money. Put Mali and Timbuktu on world maps — a key part of the story of Mansa Musa's Pilgrimage. So rich he broke an economy by being generous. The events surrounding Mansa Musa's Pilgrimage reveal how quickly history can turn on a single decision. From classrooms to documentaries, Mansa Musa's Pilgrimage remains a staple of history storytelling. Tone: dramatic, fast-paced, documentary style. 9:16 vertical.","Emperor of Mali made hajj to Mecca 1324. | Caravan of 60,000 people and 100 camels. | Gave away so much gold he crashed Cairo's economy. | Estimated net worth $400 billion in today's money. | Put Mali and Timbuktu on world maps. | So rich he broke an economy by being generous. | Tone: dramatic, fast-paced, documentary style. 9:16 vertical. | Mansa Musa was the ninth Mansa of the Mali Empire, which reached its territorial peak during his reign. | Musa's reign is often regarded as the zenith of Mali's power and prestige, although he features less in Mandinka. | Musa was exceptionally wealthy, to an extent that contemporaries described him as inconceivably rich; Time magazine. | Over a very long period Mali had amassed a large reserve of gold. | Mali is also believed to have been involved in the trade in many goods such as ivory, slaves, spices, silks, and.",/images/catalog/150-mansa-musa-s-pilgrimage.jpg,#MansaMusa #AfricanHistory #Mali #HistoryTok,So rich he broke an economy by being generous. #MansaMusa #AfricanHistory #Mali #HistoryTok,Reproduction of the Catalan Atlas of the 20th century that can not be c… · Public domain,https://commons.wikimedia.org/wiki/File:Mansa_Musa.jpg
151,Kingdom of Benin,Masterpieces. STOLEN.,"Create a 30-second vertical history short about Kingdom of Benin. Hook: Masterpieces. STOLEN. Cover: Powerful West African kingdom 1180-1897 — a key part of the story of Kingdom of Benin. Benin Bronzes finest African art ever made — a key part of the story of Kingdom of Benin. British punitive expedition looted palace 1897 — a key part of the story of Kingdom of Benin. Bronzes scattered in museums worldwide — a key part of the story of Kingdom of Benin. Nigeria demands restitution today — a key part of the story of Kingdom of Benin. Masterpieces stolen. Still not returned. The events surrounding Kingdom of Benin reveal how quickly history can turn on a single decision. From classrooms to documentaries, Kingdom of Benin remains a staple of history storytelling. Tone: dramatic, fast-paced, documentary style. 9:16 vertical.","Powerful West African kingdom 1180-1897. | Benin Bronzes finest African art ever made. | British punitive expedition looted palace 1897. | Bronzes scattered in museums worldwide. | Nigeria demands restitution today. | Masterpieces stolen. Still not returned. | Tone: dramatic, fast-paced, documentary style. 9:16 vertical. | Still not returned. #Benin #AfricanHistory #ArtHistory #HistoryTok Masterpieces. | The Kingdom of Benin or Empire of Benin, also known as Great Benin, is a traditional kingdom in southern Nigeria. | It has no historical relation to the modern republic of Benin, which was known as Dahomey from the 17th century. | The Kingdom of Benin's capital was Edo, now known as Benin City in Edo State, Nigeria. | The Benin Kingdom was one of the oldest and most developed states in the coastal hinterland of West Africa.",/images/catalog/151-kingdom-of-benin.jpg,#Benin #AfricanHistory #ArtHistory #HistoryTok,Masterpieces stolen. Still not returned. #Benin #AfricanHistory #ArtHistory #HistoryTok,Torian33 · CC0,https://commons.wikimedia.org/wiki/File:Benin_Bronze_Head.jpg
152,Atlantic Slave Trade,12 million people. CHAINS.,"Create a 30-second vertical history short about Atlantic Slave Trade. Hook: 12 million people. CHAINS. Cover: Traded 12-12.5 million Africans 1500s-1800s — a key part of the story of Atlantic Slave Trade. Triangular trade Europe Africa Americas — a key part of the story of Atlantic Slave Trade. Middle Passage killed 15 percent en route — a key part of the story of Atlantic Slave Trade. Built wealth of Americas and Europe — a key part of the story of Atlantic Slave Trade. Abolished in stages through 1800s — a key part of the story of Atlantic Slave Trade. 12 million stolen. Generations of trauma. The events surrounding Atlantic Slave Trade reveal how quickly history can turn on a single decision. From classrooms to documentaries, Atlantic Slave Trade remains a staple of history storytelling. Tone: dramatic, fast-paced, documentary style. 9:16 vertical.","Traded 12-12.5 million Africans 1500s-1800s. | Triangular trade Europe Africa Americas. | Middle Passage killed 15 percent en route. | Built wealth of Americas and Europe. | Abolished in stages through 1800s. | 12 million stolen. Generations of trauma. | Hook: 12 million people. | Tone: dramatic, fast-paced, documentary style. 9:16 vertical. 12 million stolen. | Generations of trauma. #SlaveTrade #BlackHistory #Colonialism #HistoryMatters 12 million people. | The Atlantic slave trade or transatlantic slave trade involved the transportation by slave traders of enslaved. | This trade was operated by slave ships from both Europe and the New World. | Some voyages used the triangular trade route and its Middle Passage, particularly in the early phases.",/images/catalog/152-atlantic-slave-trade.jpg,#SlaveTrade #BlackHistory #Colonialism #HistoryMatters,12 million stolen. Generations of trauma. #SlaveTrade #BlackHistory #Colonialism #HistoryMatters,Derivative of en:Image:Slaveshipposter.jpg circa 1788 Original uploader… · Public domain,https://commons.wikimedia.org/wiki/File:Slaveshipplan.jpg
153,Polynesian Wayfinding,No compass. They found HAWAII.,"Create a 30-second vertical history short about Polynesian Wayfinding. Hook: No compass. They found HAWAII. Cover: Navigated Pacific using stars waves and birds — a key part of the story of Polynesian Wayfinding. Settled islands from Hawaii to New Zealand — a key part of the story of Polynesian Wayfinding. Double-hulled voyaging canoes crossed thousands of miles — a key part of the story of Polynesian Wayfinding. Oral star maps passed through generations — a key part of the story of Polynesian Wayfinding. Greatest navigation achievement in history — a key part of the story of Polynesian Wayfinding. No GPS. No maps. They found islands. The events surrounding Polynesian Wayfinding reveal how quickly history can turn on a single decision. From classrooms to documentaries, Polynesian Wayfinding remains a staple of history storytelling. Tone: dramatic, fast-paced, documentary style. 9:16 vertical.","Navigated Pacific using stars waves and birds. | Settled islands from Hawaii to New Zealand. | Double-hulled voyaging canoes crossed thousands of miles. | Oral star maps passed through generations. | Greatest navigation achievement in history. | No GPS. No maps. They found islands. | Tone: dramatic, fast-paced, documentary style. 9:16 vertical. | They found islands. #Polynesia #Exploration #Navigation #HistoryTok No compass. | Polynesian navigation or Polynesian wayfinding was used for thousands of years to enable long voyages across. | Polynesians made contact with nearly every island within the vast Polynesian Triangle, using outrigger canoes or. | The double-hulled canoes were two large hulls, equal in length, and lashed side by side. | The space between the paralleled canoes allowed for storage of food, hunting materials, and nets when embarking on.",/images/catalog/153-polynesian-wayfinding.jpg,#Polynesia #Exploration #Navigation #HistoryTok,No GPS. No maps. They found islands. #Polynesia #Exploration #Navigation #HistoryTok,HongKongHuey · CC BY 2.0,https://commons.wikimedia.org/wiki/File:Hokule%27aSailing2009.jpg
154,Scramble for Africa,Europe carved a continent in BERLIN.,"Create a 30-second vertical history short about Scramble for Africa. Hook: Europe carved a continent in BERLIN. Cover: Berlin Conference 1884-1885 divided Africa — a key part of the story of Scramble for Africa. 14 European powers drew borders with no Africans present. Colonial borders still cause conflict today — a key part of the story of Scramble for Africa. Resources extracted wealth sent to Europe — a key part of the story of Scramble for Africa. Independence movements took decades — a key part of the story of Scramble for Africa. They divided a continent over dinner. The events surrounding Scramble for Africa reveal how quickly history can turn on a single decision. From classrooms to documentaries, Scramble for Africa remains a staple of history storytelling. Tone: dramatic, fast-paced, documentary style. 9:16 vertical.","Berlin Conference 1884-1885 divided Africa. | 14 European powers drew borders with no Africans present. | Colonial borders still cause conflict today. | Resources extracted wealth sent to Europe. | Independence movements took decades. | They divided a continent over dinner. | Hook: Europe carved a continent in BERLIN. | Tone: dramatic, fast-paced, documentary style. 9:16 vertical. | Invasion, conquest, and colonisation of most of Africa by seven Western European powers, which were driven by the. | Belgium, France, Germany, Italy, Portugal, Spain and the United Kingdom were the contending powers. | The 1884–1885 Berlin Conference regulated European colonisation and trade in Africa, and is seen as emblematic of. | In the last quarter of the 19th century, there were considerable political rivalries between the European empires.",/images/catalog/154-scramble-for-africa.jpg,#ScrambleForAfrica #Colonialism #AfricanHistory #HistoryTok,They divided a continent over dinner. #ScrambleForAfrica #Colonialism #AfricanHistory #HistoryTok,Adalbert von Roessler · Public domain,https://commons.wikimedia.org/wiki/File:Kongokonferenz.jpg
155,Berlin Conference 1884,A dinner party. A continent SPLIT.,"Create a 30-second vertical history short about Berlin Conference 1884. Hook: A dinner party. A continent SPLIT. Cover: Otto von Bismarck hosted European powers — a key part of the story of Berlin Conference 1884. Rules for claiming African territory established — a key part of the story of Berlin Conference 1884. Congo given to King Leopold II personally — a key part of the story of Berlin Conference 1884. Artificial borders ignored ethnic groups — a key part of the story of Berlin Conference 1884. Legacy of conflict lasts to this day — a key part of the story of Berlin Conference 1884. Europe split Africa like a cake. The events surrounding Berlin Conference 1884 reveal how quickly history can turn on a single decision. From classrooms to documentaries, Berlin Conference 1884 remains a staple of history storytelling. Tone: dramatic, fast-paced, documentary style. 9:16 vertical.","Otto von Bismarck hosted European powers. | Rules for claiming African territory established. | Congo given to King Leopold II personally. | Artificial borders ignored ethnic groups. | Legacy of conflict lasts to this day. | Europe split Africa like a cake. | Tone: dramatic, fast-paced, documentary style. 9:16 vertical. | The Berlin Conference of 1884–1885 was a meeting of colonial powers that concluded with the signing of the General. | The conference of fourteen countries was organised by Otto von Bismarck, the first chancellor of Germany, at the. | It met on 15 November 1884 and, after an adjournment, concluded on 26 February 1885 with the signing of the General. | During the conference, attendees also discussed other related issues and agreed on a common framework for the. | After the conference, European claims on African territory increased with international legal recognition, having a.",/images/catalog/155-berlin-conference-1884.jpg,#BerlinConference #Colonialism #Africa #HistoryTok,Europe split Africa like a cake. #BerlinConference #Colonialism #Africa #HistoryTok,Adalbert von Roessler · Public domain,https://commons.wikimedia.org/wiki/File:Kongokonferenz.jpg
156,Stanley Meets Livingstone,"Dr. Livingstone, I PRESUME?","Create a 30-second vertical history short about Stanley Meets Livingstone. Hook: Dr. Livingstone, I PRESUME? Cover: Henry Morton Stanley found David Livingstone 1871 — a key part of the story of Stanley Meets Livingstone. Livingstone searching for Nile source in Africa — a key part of the story of Stanley Meets Livingstone. Famous greeting possibly fabricated for drama — a key part of the story of Stanley Meets Livingstone. Opened Central Africa to European exploration — a key part of the story of Stanley Meets Livingstone. Symbol of Victorian era African adventure — a key part of the story of Stanley Meets Livingstone. Four words. An entire era captured. The events surrounding Stanley Meets Livingstone reveal how quickly history can turn on a single decision. From classrooms to documentaries, Stanley Meets Livingstone remains a staple of history storytelling. Tone: dramatic, fast-paced, documentary style. 9:16 vertical.","Henry Morton Stanley found David Livingstone 1871. | Livingstone searching for Nile source in Africa. | Famous greeting possibly fabricated for drama. | Opened Central Africa to European exploration. | Symbol of Victorian era African adventure. | Four words. An entire era captured. | Tone: dramatic, fast-paced, documentary style. 9:16 vertical. | An entire era captured. #Livingstone #Exploration #Africa #HistoryTok Dr. | David Livingstone was a Scottish doctor, Congregationalist, pioneer Christian missionary with the London Missionary. | Livingstone was married to Mary Moffat Livingstone, from the prominent 18th-century Moffat missionary family. | Livingstone came to have a mythic status as a Protestant missionary martyr, working-class ""rags-to-riches"". | As a result, he became one of the most popular British heroes of the late 19th-century Victorian era.",/images/catalog/156-stanley-meets-livingstone.jpg,#Livingstone #Exploration #Africa #HistoryTok,Four words. An entire era captured. #Livingstone #Exploration #Africa #HistoryTok,Thomas Annan / Adam Cuerden · Public domain,https://commons.wikimedia.org/wiki/File:David_Livingstone_by_Thomas_Annan.jpg
157,Manhattan Purchase,$24 in beads. Worst deal EVER?,"Create a 30-second vertical history short about Manhattan Purchase. Hook: $24 in beads. Worst deal EVER? Cover: Dutch bought Manhattan from Lenape 1626 — a key part of the story of Manhattan Purchase. Worth roughly $24 in trade goods — a key part of the story of Manhattan Purchase. Land now worth trillions of dollars — a key part of the story of Manhattan Purchase. Lenape didn't conceptually sell land same way — a key part of the story of Manhattan Purchase. Foundation myth of New York City — a key part of the story of Manhattan Purchase. $24 for an island. Or so the story goes. The events surrounding Manhattan Purchase reveal how quickly history can turn on a single decision. From classrooms to documentaries, Manhattan Purchase remains a staple of history storytelling. Tone: dramatic, fast-paced, documentary style. 9:16 vertical.","Dutch bought Manhattan from Lenape 1626. | Worth roughly $24 in trade goods. | Land now worth trillions of dollars. | Lenape didn't conceptually sell land same way. | Foundation myth of New York City. | $24 for an island. Or so the story goes. | Tone: dramatic, fast-paced, documentary style. 9:16 vertical. $24 for an island. | Or so the story goes. #Manhattan #ColonialAmerica #NewYork #HistoryTok $24 in beads. | Manhattan is the most densely populated and geographically smallest of the five boroughs of New York City. | Coextensive with New York County, Manhattan is the smallest county by area in the U.S. state of New York, and one of. | Located almost entirely on Manhattan Island near the southern tip of the state, Manhattan is centrally located in. | Manhattan serves as New York City's economic and administrative center and has been described as the cultural.",/images/catalog/157-manhattan-purchase.jpg,#Manhattan #ColonialAmerica #NewYork #HistoryTok,$24 for an island. Or so the story goes. #Manhattan #ColonialAmerica #NewYork #HistoryTok,Dllu · CC BY-SA 4.0,https://commons.wikimedia.org/wiki/File:View_of_Empire_State_Building_from_Rockefeller_Center_New_York_City_dllu_%28cropped%29.jpg
158,Louisiana Purchase,One deal. DOUBLED America.,"Create a 30-second vertical history short about Louisiana Purchase. Hook: One deal. DOUBLED America. Cover: US bought Louisiana from France 1803 — a key part of the story of Louisiana Purchase. 828,000 square miles for $15 million — a key part of the story of Louisiana Purchase. Napoleon needed cash for European wars — a key part of the story of Louisiana Purchase. Doubled size of United States overnight — a key part of the story of Louisiana Purchase. Opened westward expansion — a key part of the story of Louisiana Purchase. One signature. America doubled. The events surrounding Louisiana Purchase reveal how quickly history can turn on a single decision. From classrooms to documentaries, Louisiana Purchase remains a staple of history storytelling. Tone: dramatic, fast-paced, documentary style. 9:16 vertical.","US bought Louisiana from France 1803. | 828,000 square miles for $15 million. | Napoleon needed cash for European wars. | Doubled size of United States overnight. | Opened westward expansion. | One signature. America doubled. | Tone: dramatic, fast-paced, documentary style. 9:16 vertical. | America doubled. #LouisianaPurchase #AmericanHistory #Jefferson #HistoryTok One deal. | Acquisition of the territory of Louisiana by the United States from the French First Republic in 1803. | This consisted of most of the land in the Mississippi River's drainage basin west of the river. | In return for fifteen million dollars, or approximately eighteen dollars per square mile , the United States. | However, France only controlled a small fraction of this area, most of which was inhabited by Native Americans.",/images/catalog/158-louisiana-purchase.png,#LouisianaPurchase #AmericanHistory #Jefferson #HistoryTok,One signature. America doubled. #LouisianaPurchase #AmericanHistory #Jefferson #HistoryTok,William Morris · CC BY-SA 4.0,https://commons.wikimedia.org/wiki/File:Louisiana_Purchase.png
159,Alaska Purchase,Seward's Folly. Then GOLD.,"Create a 30-second vertical history short about Alaska Purchase. Hook: Seward's Folly. Then GOLD. Cover: US bought Alaska from Russia 1867 for $7.2 million. Mocked as Seward's Icebox and folly — a key part of the story of Alaska Purchase. Klondike Gold Rush proved value — a key part of the story of Alaska Purchase. Oil discovered later made it even more valuable. Best real estate deal in history — a key part of the story of Alaska Purchase. They called it folly. Then they found gold. The events surrounding Alaska Purchase reveal how quickly history can turn on a single decision. From classrooms to documentaries, Alaska Purchase remains a staple of history storytelling. Tone: dramatic, fast-paced, documentary style. 9:16 vertical.","US bought Alaska from Russia 1867 for $7.2 million. | Mocked as Seward's Icebox and folly. | Klondike Gold Rush proved value. | Oil discovered later made it even more valuable. | Best real estate deal in history. | They called it folly. Then they found gold. | Tone: dramatic, fast-paced, documentary style. 9:16 vertical. | Then they found gold. #Alaska #AmericanHistory #Russia #HistoryTok Seward's Folly. | The United States purchased Alaska from the Russian Empire in 1867 for a sum of $7.2 million. | On May 15 of that year, the United States Senate ratified a bilateral treaty that had been signed on March 30, and. | During the first half of the 19th century, Russia had established a colonial presence in parts of North America, but. | Alexander II of Russia, having faced a catastrophic defeat in the Crimean War, began exploring the possibility of.",/images/catalog/159-alaska-purchase.jpg,#Alaska #AmericanHistory #Russia #HistoryTok,They called it folly. Then they found gold. #Alaska #AmericanHistory #Russia #HistoryTok,Edouard de Stoeckl and William H. Seward · Public domain,https://commons.wikimedia.org/wiki/File:Alaska_Purchase_%28hi-res%29.jpg
160,Age of Antarctic Exploration,The coldest race on EARTH.,"Create a 30-second vertical history short about Age of Antarctic Exploration. Hook: The coldest race on EARTH. Cover: Heroic Age 1895-1922 of polar exploration — a key part of the story of Age of Antarctic Exploration. Amundsen Scott and Shackleton legendary rivals — a key part of the story of Age of Antarctic Exploration. Extreme cold killed many explorers — a key part of the story of Age of Antarctic Exploration. Science and glory drove dangerous missions — a key part of the story of Age of Antarctic Exploration. Last unexplored continent on Earth — a key part of the story of Age of Antarctic Exploration. The last place on Earth to kill you slowly. The events surrounding Age of Antarctic Exploration reveal how quickly history can turn on a single decision. From classrooms to documentaries, Age of Antarctic Exploration remains a staple of history storytelling. Tone: dramatic, fast-paced, documentary style. 9:16 vertical.","Heroic Age 1895-1922 of polar exploration. | Amundsen Scott and Shackleton legendary rivals. | Extreme cold killed many explorers. | Science and glory drove dangerous missions. | Last unexplored continent on Earth. | The last place on Earth to kill you slowly. | Hook: The coldest race on EARTH. | Tone: dramatic, fast-paced, documentary style. 9:16 vertical. | The Heroic Age of Antarctic Exploration was an era in the exploration of the continent of Antarctica which began at. | The Shackleton–Rowett Expedition of 1921–1922 is often cited by historians as the dividing line between the ""Heroic"". | During the Heroic Age, the Antarctic region became the focus of international efforts that resulted in intensive. | The common factor in these expeditions was the limited nature of the resources available to them before advances in.",/images/catalog/160-age-of-antarctic-exploration.jpg,#Antarctica #Exploration #PolarHistory #HistoryTok,The last place on Earth to kill you slowly. #Antarctica #Exploration #PolarHistory #HistoryTok,Dave Pape · Public domain,https://commons.wikimedia.org/wiki/File:Antarctica_6400px_from_Blue_Marble.jpg
161,Korean War,Forgotten war. 3 million DEAD.,"Create a 30-second vertical history short about Korean War. Hook: Forgotten war. 3 million DEAD. Cover: North invaded South June 25 1950 — a key part of the story of Korean War. US-led UN forces pushed north then China intervened. Stalemate armistice signed July 1953 — a key part of the story of Korean War. Never officially ended no peace treaty — a key part of the story of Korean War. Korea still divided at 38th parallel — a key part of the story of Korean War. Never ended. Still divided. 3 million dead. Civilians and soldiers alike bore the devastating human cost of Korean War. The consequences of Korean War echoed for generations after the fighting stopped. Tone: dramatic, fast-paced, documentary style. 9:16 vertical.","North invaded South June 25 1950. | US-led UN forces pushed north then China intervened. | Stalemate armistice signed July 1953. | Never officially ended no peace treaty. | Korea still divided at 38th parallel. | Never ended. Still divided. 3 million dead. | Civilians and soldiers alike bore the devastating human cost of Korean War. | The consequences of Korean War echoed for generations after the fighting stopped. | Hook: Forgotten war. 3 million DEAD. | Tone: dramatic, fast-paced, documentary style. 9:16 vertical. | Still divided. 3 million dead. #KoreanWar #ColdWar #MilitaryHistory #HistoryTok Forgotten war. 3 million DEAD. | Armed conflict fought on the Korean Peninsula between North Korea and South Korea and their allies.",/images/catalog/161-korean-war.jpg,#KoreanWar #ColdWar #MilitaryHistory #HistoryTok,Never ended. Still divided. 3 million dead. #KoreanWar #ColdWar #MilitaryHistory #HistoryTok,"Photo by Corporal Peter McDonald, USMC · Public domain",https://commons.wikimedia.org/wiki/File:Chosin.jpg
162,Vietnam War,First war on TV. America DIVIDED.,"Create a 30-second vertical history short about Vietnam War. Hook: First war on TV. America DIVIDED. Cover: US involvement 1955-1975 escalated under Johnson — a key part of the story of Vietnam War. First televised war brought horror home nightly — a key part of the story of Vietnam War. Tet Offensive 1968 shattered public confidence — a key part of the story of Vietnam War. 58,000 Americans and 2 million Vietnamese died — a key part of the story of Vietnam War. Saigon fell April 30 1975 — a key part of the story of Vietnam War. America watched its war on TV. And turned against it. Civilians and soldiers alike bore the devastating human cost of Vietnam War. The consequences of Vietnam War echoed for generations after the fighting stopped. Tone: dramatic, fast-paced, documentary style. 9:16 vertical.","US involvement 1955-1975 escalated under Johnson. | First televised war brought horror home nightly. | Tet Offensive 1968 shattered public confidence. | 58,000 Americans and 2 million Vietnamese died. | Saigon fell April 30 1975. | America watched its war on TV. And turned against it. | Civilians and soldiers alike bore the devastating human cost of Vietnam War. | The consequences of Vietnam War echoed for generations after the fighting stopped. | Tone: dramatic, fast-paced, documentary style. 9:16 vertical. | And turned against it. #VietnamWar #ColdWar #MilitaryHistory #HistoryTok First war on TV. | Armed conflict in Vietnam, Laos, and Cambodia fought between North Vietnam and South Vietnam and their allies. | North Vietnam was supported by the Soviet Union and China, while South Vietnam was supported by the United States.",/images/catalog/162-vietnam-war.jpg,#VietnamWar #ColdWar #MilitaryHistory #HistoryTok,America watched its war on TV. And turned against it. #VietnamWar #ColdWar #MilitaryHistory #HistoryTok,"U.S. Air Force (Operation Holly 1970 (Folder 13 of 15), sheet 182) · Public domain",https://commons.wikimedia.org/wiki/File:U.S._Army_UH-1H_Hueys_insert_ARVN_troops_at_Kh%C3%A2m_%C4%90%E1%BB%A9c%2C_Vietnam%2C_12_July_1970_%2879431435%29.jpg
163,Gulf War 1991,100 hours. Desert STORM.,"Create a 30-second vertical history short about Gulf War 1991. Hook: 100 hours. Desert STORM. Cover: Iraq invaded Kuwait August 1990 — a key part of the story of Gulf War 1991. Coalition of 35 nations led by US — a key part of the story of Gulf War 1991. Operation Desert Storm January-February 1991 — a key part of the story of Gulf War 1991. Ground war lasted only 100 hours — a key part of the story of Gulf War 1991. Introduced precision-guided weapons to world — a key part of the story of Gulf War 1991. 100 hours. A new kind of war. Civilians and soldiers alike bore the devastating human cost of Gulf War 1991. The consequences of Gulf War 1991 echoed for generations after the fighting stopped. Tone: dramatic, fast-paced, documentary style. 9:16 vertical.","Iraq invaded Kuwait August 1990. | Coalition of 35 nations led by US. | Operation Desert Storm January-February 1991. | Ground war lasted only 100 hours. | Introduced precision-guided weapons to world. | 100 hours. A new kind of war. | Civilians and soldiers alike bore the devastating human cost of Gulf War 1991. | The consequences of Gulf War 1991 echoed for generations after the fighting stopped. | Tone: dramatic, fast-paced, documentary style. 9:16 vertical. 100 hours. | The Gulf War was an armed conflict between Iraq and a 42-country coalition led by the United States in response to. | The coalition's efforts were in two phases: Operation Desert Shield, which marked the military buildup from August. | And Operation Desert Storm, from the bombing campaign against Iraq on 17 January until the American-led liberation.",/images/catalog/163-gulf-war-1991.jpg,#GulfWar #Iraq #MilitaryHistory #HistoryTok,100 hours. A new kind of war. #GulfWar #Iraq #MilitaryHistory #HistoryTok,Edward Bonner · CC BY 4.0,https://commons.wikimedia.org/wiki/File:Desert_Storm.jpg
164,Iraq War 2003,WMDs. NEVER found.,"Create a 30-second vertical history short about Iraq War 2003. Hook: WMDs. NEVER found. Cover: US-led invasion March 2003 toppled Saddam Hussein — a key part of the story of Iraq War 2003. Justified by alleged weapons of mass destruction — a key part of the story of Iraq War 2003. No WMDs ever found — a key part of the story of Iraq War 2003. Insurgency and sectarian violence followed — a key part of the story of Iraq War 2003. Last US troops left 2011 — a key part of the story of Iraq War 2003. They said WMDs. They found none. Civilians and soldiers alike bore the devastating human cost of Iraq War 2003. The consequences of Iraq War 2003 echoed for generations after the fighting stopped. Tone: dramatic, fast-paced, documentary style. 9:16 vertical.","US-led invasion March 2003 toppled Saddam Hussein. | Justified by alleged weapons of mass destruction. | Insurgency and sectarian violence followed. | Last US troops left 2011. | They said WMDs. They found none. | Civilians and soldiers alike bore the devastating human cost of Iraq War 2003. | The consequences of Iraq War 2003 echoed for generations after the fighting stopped. | Tone: dramatic, fast-paced, documentary style. 9:16 vertical. | They found none. #IraqWar #MiddleEast #MilitaryHistory #HistoryTok WMDs. | The Iraq War, also referred to as the Second Gulf War, was a protracted armed conflict in Iraq from 2003 to 2011. | It began with the invasion by a United States–led coalition, which resulted in the overthrow of the Ba'athist. | During the US occupation of Iraq, the conflict persisted as an insurgency that arose against coalition forces and.",/images/catalog/164-iraq-war-2003.jpg,#IraqWar #MiddleEast #MilitaryHistory #HistoryTok,They said WMDs. They found none. #IraqWar #MiddleEast #MilitaryHistory #HistoryTok,"Technical Sergeant John L. Houghton, Jr., United States Air Force · Public domain",https://commons.wikimedia.org/wiki/File:UStanks_baghdad_2003.JPEG
165,War in Afghanistan,Longest war in US history.,"Create a 30-second vertical history short about War in Afghanistan. Hook: Longest war in US history. Cover: US invaded October 2001 after 9/11 — a key part of the story of War in Afghanistan. Toppled Taliban harboring al-Qaeda — a key part of the story of War in Afghanistan. Longest war in American history 20 years — a key part of the story of War in Afghanistan. Taliban regained power August 2021 — a key part of the story of War in Afghanistan. Cost trillions and thousands of lives — a key part of the story of War in Afghanistan. 20 years. Trillions. Taliban won anyway. Civilians and soldiers alike bore the devastating human cost of War in Afghanistan. The consequences of War in Afghanistan echoed for generations after the fighting stopped. Tone: dramatic, fast-paced, documentary style. 9:16 vertical.","US invaded October 2001 after 9/11. | Toppled Taliban harboring al-Qaeda. | Longest war in American history 20 years. | Taliban regained power August 2021. | Cost trillions and thousands of lives. | 20 years. Trillions. Taliban won anyway. | Civilians and soldiers alike bore the devastating human cost of War in Afghanistan. | The consequences of War in Afghanistan echoed for generations after the fighting stopped. | Tone: dramatic, fast-paced, documentary style. 9:16 vertical. 20 years. | Taliban won anyway. #Afghanistan #WarOnTerror #MilitaryHistory #HistoryTok Longest war in US history. | Prolonged armed conflict lasting from 2001 to 2021. | It began with an invasion by a United States–led coalition under the name Operation Enduring Freedom in response to.",/images/catalog/165-war-in-afghanistan.jpg,#Afghanistan #WarOnTerror #MilitaryHistory #HistoryTok,20 years. Trillions. Taliban won anyway. #Afghanistan #WarOnTerror #MilitaryHistory #HistoryTok,Pfc. Cameron Boyd · Public domain,https://commons.wikimedia.org/wiki/File:U.S._Army_firefight_in_Kunar.jpg
166,Falklands War,"Britain sailed 8,000 miles to FIGHT.","Create a 30-second vertical history short about Falklands War. Hook: Britain sailed 8,000 miles to FIGHT. Cover: Argentina invaded Falkland Islands April 1982 — a key part of the story of Falklands War. Britain sent task force 8,000 miles south — a key part of the story of Falklands War. War lasted 74 days 900 died — a key part of the story of Falklands War. Britain recaptured islands — a key part of the story of Falklands War. Margaret Thatcher's popularity soared — a key part of the story of Falklands War. 8,000 miles for a rocky island. Civilians and soldiers alike bore the devastating human cost of Falklands War. The consequences of Falklands War echoed for generations after the fighting stopped. Tone: dramatic, fast-paced, documentary style. 9:16 vertical.","Argentina invaded Falkland Islands April 1982. | Britain sent task force 8,000 miles south. | War lasted 74 days 900 died. | Britain recaptured islands. | Margaret Thatcher's popularity soared. | 8,000 miles for a rocky island. | Civilians and soldiers alike bore the devastating human cost of Falklands War. | The consequences of Falklands War echoed for generations after the fighting stopped. | Hook: Britain sailed 8,000 miles to FIGHT. | Ten-week war in the South Atlantic in 1982 between Argentina and the United Kingdom over possession of the Falkland. | On 5 April, the British government dispatched a naval task force to regain possession of the islands. | The conflict lasted 74 days and ended with an Argentine surrender on 14 June, which formally returned possession to.",/images/catalog/166-falklands-war.jpg,#FalklandsWar #Britain #MilitaryHistory #HistoryTok,"8,000 miles for a rocky island. #FalklandsWar #Britain #MilitaryHistory #HistoryTok",Royal Navy official photographer · OGL v1.0,https://commons.wikimedia.org/wiki/File:HMS_Broadsword_and_Hermes%2C_1982_%28IWM%29.jpg
167,Six-Day War,6 days. Middle East REWRITTEN.,"Create a 30-second vertical history short about Six-Day War. Hook: 6 days. Middle East REWRITTEN. Cover: Israel vs Egypt Syria Jordan June 1967 — a key part of the story of Six-Day War. Israel destroyed Arab air forces on ground — a key part of the story of Six-Day War. Captured West Bank Gaza Sinai and Golan — a key part of the story of Six-Day War. Redrew Middle East borders in six days — a key part of the story of Six-Day War. Consequences still shape region today — a key part of the story of Six-Day War. Six days. Borders changed forever. Civilians and soldiers alike bore the devastating human cost of Six-Day War. The consequences of Six-Day War echoed for generations after the fighting stopped. Tone: dramatic, fast-paced, documentary style. 9:16 vertical.","Israel vs Egypt Syria Jordan June 1967. | Israel destroyed Arab air forces on ground. | Captured West Bank Gaza Sinai and Golan. | Redrew Middle East borders in six days. | Consequences still shape region today. | Six days. Borders changed forever. | Civilians and soldiers alike bore the devastating human cost of Six-Day War. | The consequences of Six-Day War echoed for generations after the fighting stopped. | Tone: dramatic, fast-paced, documentary style. 9:16 vertical. | Borders changed forever. #SixDayWar #MiddleEast #Israel #HistoryTok 6 days. | The Six-Day War, or the 1967 Arab–Israeli war, was fought between Israel and a coalition of Arab states, primarily. | In the war, Israel captured and occupied the West Bank from Jordan, the Gaza Strip and the Sinai Peninsula from.",/images/catalog/167-six-day-war.png,#SixDayWar #MiddleEast #Israel #HistoryTok,Six days. Borders changed forever. #SixDayWar #MiddleEast #Israel #HistoryTok,Zvikorn · CC BY-SA 4.0,https://commons.wikimedia.org/wiki/File:6DayWarEnglish.png
168,Yom Kippur War,Israel nearly LOST.,"Create a 30-second vertical history short about Yom Kippur War. Hook: Israel nearly LOST. Cover: Egypt and Syria attacked October 6 1973 — a key part of the story of Yom Kippur War. Surprise attack on holiest Jewish day — a key part of the story of Yom Kippur War. Israel pushed back with US resupply — a key part of the story of Yom Kippur War. Led to Camp David Accords peace — a key part of the story of Yom Kippur War. Oil embargo hit global economy — a key part of the story of Yom Kippur War. They attacked on the holiest day. Almost worked. Civilians and soldiers alike bore the devastating human cost of Yom Kippur War. The consequences of Yom Kippur War echoed for generations after the fighting stopped. Tone: dramatic, fast-paced, documentary style. 9:16 vertical.","Egypt and Syria attacked October 6 1973. | Surprise attack on holiest Jewish day. | Israel pushed back with US resupply. | Led to Camp David Accords peace. | Oil embargo hit global economy. | They attacked on the holiest day. Almost worked. | Civilians and soldiers alike bore the devastating human cost of Yom Kippur War. | The consequences of Yom Kippur War echoed for generations after the fighting stopped. | Hook: Israel nearly LOST. | Tone: dramatic, fast-paced, documentary style. 9:16 vertical. | Almost worked. #YomKippurWar #MiddleEast #MilitaryHistory #HistoryTok Israel nearly LOST. | The Yom Kippur War, also known as the 1973 Arab–Israeli War, the fourth Arab–Israeli War, the October War, or the.",/images/catalog/168-yom-kippur-war.jpg,#YomKippurWar #MiddleEast #MilitaryHistory #HistoryTok,They attacked on the holiest day. Almost worked. #YomKippurWar #MiddleEast #MilitaryHistory #HistoryTok,Maurycy Gottlieb · Public domain,https://commons.wikimedia.org/wiki/File:Maurycy_Gottlieb_-_Jews_Praying_in_the_Synagogue_on_Yom_Kippur.jpg
169,Iran-Iraq War,8 years. 1 million DEAD.,"Create a 30-second vertical history short about Iran-Iraq War. Hook: 8 years. 1 million DEAD. Cover: Fought 1980-1988 longest conventional war of 20th century. Saddam Hussein invaded Iran after revolution — a key part of the story of Iran-Iraq War. Trench warfare and chemical weapons used — a key part of the story of Iran-Iraq War. Estimated 1 million total deaths — a key part of the story of Iran-Iraq War. Ended in stalemate both sides exhausted — a key part of the story of Iran-Iraq War. 8 years. 1 million dead. Nobody won. Civilians and soldiers alike bore the devastating human cost of Iran-Iraq War. The consequences of Iran-Iraq War echoed for generations after the fighting stopped. Tone: dramatic, fast-paced, documentary style. 9:16 vertical.","Fought 1980-1988 longest conventional war of 20th century. | Saddam Hussein invaded Iran after revolution. | Trench warfare and chemical weapons used. | Estimated 1 million total deaths. | Ended in stalemate both sides exhausted. | 8 years. 1 million dead. Nobody won. | Civilians and soldiers alike bore the devastating human cost of Iran-Iraq War. | The consequences of Iran-Iraq War echoed for generations after the fighting stopped. | Tone: dramatic, fast-paced, documentary style. 9:16 vertical. 8 years. 1 million dead. | The Iran–Iraq War, also called the First Imposed War by Iran, began with the Iraqi invasion of Iran in September 1980. | After eight years of conflict, both countries accepted a ceasefire deal brokered by the United Nations, which became. | The war caused around 500,000 deaths , making it the deadliest conventional war ever fought between regular armies.",/images/catalog/169-iran-iraq-war.jpg,#IranIraqWar #MiddleEast #MilitaryHistory #HistoryTok,8 years. 1 million dead. Nobody won. #IranIraqWar #MiddleEast #MilitaryHistory #HistoryTok,Mahmoud Badrfar · GFDL,https://commons.wikimedia.org/wiki/File:Chemical_weapon1.jpg
170,Spanish Civil War,Picasso painted the HORROR.,"Create a 30-second vertical history short about Spanish Civil War. Hook: Picasso painted the HORROR. Cover: Republicans vs Nationalists 1936-1939 — a key part of the story of Spanish Civil War. Franco's fascists backed by Hitler and Mussolini — a key part of the story of Spanish Civil War. Guernica bombing inspired Picasso's masterpiece — a key part of the story of Spanish Civil War. International brigades volunteers fought fascism — a key part of the story of Spanish Civil War. Franco ruled Spain until 1975 — a key part of the story of Spanish Civil War. Picasso painted the bombing. History never forgot. Civilians and soldiers alike bore the devastating human cost of Spanish Civil War. The consequences of Spanish Civil War echoed for generations after the fighting stopped. Tone: dramatic, fast-paced, documentary style. 9:16 vertical.","Republicans vs Nationalists 1936-1939. | Franco's fascists backed by Hitler and Mussolini. | Guernica bombing inspired Picasso's masterpiece. | International brigades volunteers fought fascism. | Franco ruled Spain until 1975. | Picasso painted the bombing. History never forgot. | Civilians and soldiers alike bore the devastating human cost of Spanish Civil War. | The consequences of Spanish Civil War echoed for generations after the fighting stopped. | Hook: Picasso painted the HORROR. | Tone: dramatic, fast-paced, documentary style. 9:16 vertical. | The Spanish Civil War was fought in Spain from 1936 to 1939 between the Republicans and the Nationalist rebels. | Republicans loyal to the left-leaning Popular Front government of the Second Spanish Republic included socialists.",/images/catalog/170-spanish-civil-war.jpg,#SpanishCivilWar #Picasso #Fascism #HistoryTok,Picasso painted the bombing. History never forgot. #SpanishCivilWar #Picasso #Fascism #HistoryTok,Chrysthel Annely Schwegler Cabuto · CC BY-SA 3.0,https://commons.wikimedia.org/wiki/File:Guernica.jpg
171,Crimean War,Florence Nightingale. Modern NURSING.,"Create a 30-second vertical history short about Crimean War. Hook: Florence Nightingale. Modern NURSING. Cover: Britain France vs Russia 1853-1856 — a key part of the story of Crimean War. Charge of Light Brigade disaster — a key part of the story of Crimean War. Florence Nightingale revolutionized nursing — a key part of the story of Crimean War. First war photographed by Roger Fenton — a key part of the story of Crimean War. Russia weakened Ottoman Empire preserved — a key part of the story of Crimean War. She turned nursing into a profession. Civilians and soldiers alike bore the devastating human cost of Crimean War. The consequences of Crimean War echoed for generations after the fighting stopped. Tone: dramatic, fast-paced, documentary style. 9:16 vertical.","Britain France vs Russia 1853-1856. | Charge of Light Brigade disaster. | Florence Nightingale revolutionized nursing. | First war photographed by Roger Fenton. | Russia weakened Ottoman Empire preserved. | She turned nursing into a profession. | Civilians and soldiers alike bore the devastating human cost of Crimean War. | The consequences of Crimean War echoed for generations after the fighting stopped. | Hook: Florence Nightingale. | Tone: dramatic, fast-paced, documentary style. 9:16 vertical. | The Crimean War was fought between Russia and an alliance of the Ottoman Empire, France, the United Kingdom, and. | Geopolitical causes of the war included the Eastern question, the expansion of Russia in the preceding Russo-Turkish.",/images/catalog/171-crimean-war.jpg,#CrimeanWar #Nursing #MilitaryHistory #HistoryTok,She turned nursing into a profession. #CrimeanWar #Nursing #MilitaryHistory #HistoryTok,"William Simpson, artist (1823-1899) E[dmond]. Morin, lithographer (1824… · Public domain",https://commons.wikimedia.org/wiki/File:William_Simpson_-_Attack_on_the_Malakoff.jpg
172,Boer War,Concentration camps. First use.,"Create a 30-second vertical history short about Boer War. Hook: Concentration camps. First use. Cover: British vs Boer settlers 1899-1902 South Africa — a key part of the story of Boer War. Guerrilla war led to scorched earth policy — a key part of the story of Boer War. British created concentration camps for civilians — a key part of the story of Boer War. 28,000 Boer women and children died in camps. Foreshadowed horrors of 20th century — a key part of the story of Boer War. The first concentration camps. Britain built them. Civilians and soldiers alike bore the devastating human cost of Boer War. The consequences of Boer War echoed for generations after the fighting stopped. Tone: dramatic, fast-paced, documentary style. 9:16 vertical.","British vs Boer settlers 1899-1902 South Africa. | Guerrilla war led to scorched earth policy. | British created concentration camps for civilians. | 28,000 Boer women and children died in camps. | Foreshadowed horrors of 20th century. | The first concentration camps. Britain built them. | Civilians and soldiers alike bore the devastating human cost of Boer War. | The consequences of Boer War echoed for generations after the fighting stopped. | Hook: Concentration camps. | Tone: dramatic, fast-paced, documentary style. 9:16 vertical. | The Second Boer War was a conflict fought between the British Empire and the Boer republics over Britain's influence. | The Witwatersrand Gold Rush caused an influx of ""foreigners"" , most of them British from the Cape Colony, to the.",/images/catalog/172-boer-war.png,#BoerWar #SouthAfrica #BritishEmpire #HistoryTok,The first concentration camps. Britain built them. #BoerWar #SouthAfrica #BritishEmpire #HistoryTok,The British Army and The Illustrated London News · Public domain,https://commons.wikimedia.org/wiki/File:Second_Boer_War_Collage.png
173,Opium Wars,Britain fought for DRUGS.,"Create a 30-second vertical history short about Opium Wars. Hook: Britain fought for DRUGS. Cover: China tried banning opium trade 1839 — a key part of the story of Opium Wars. Britain went to war to protect drug profits. Two Opium Wars 1839-1842 and 1856-1860. Hong Kong ceded to Britain — a key part of the story of Opium Wars. Humiliated China opened ports to foreign trade — a key part of the story of Opium Wars. Britain went to war for drug money. Civilians and soldiers alike bore the devastating human cost of Opium Wars. The consequences of Opium Wars echoed for generations after the fighting stopped. Tone: dramatic, fast-paced, documentary style. 9:16 vertical.","China tried banning opium trade 1839. | Britain went to war to protect drug profits. | Two Opium Wars 1839-1842 and 1856-1860. | Hong Kong ceded to Britain. | Humiliated China opened ports to foreign trade. | Civilians and soldiers alike bore the devastating human cost of Opium Wars. | The consequences of Opium Wars echoed for generations after the fighting stopped. | Hook: Britain fought for DRUGS. | Tone: dramatic, fast-paced, documentary style. 9:16 vertical. | The Opium Wars were two conflicts waged between the Qing dynasty and the Western powers during the mid-19th century. | Britain went to war for drug money. #OpiumWars #China #BritishEmpire #HistoryTok Britain fought for DRUGS. | The Opium Wars (simplified Chinese: 鸦片战争.",/images/catalog/173-opium-wars.jpg,#OpiumWars #China #BritishEmpire #HistoryTok,Britain went to war for drug money. #OpiumWars #China #BritishEmpire #HistoryTok,Edward Duncan · Public domain,https://commons.wikimedia.org/wiki/File:Destroying_Chinese_war_junks%2C_by_E._Duncan_%281843%29.jpg
174,Boxer Rebellion,China vs the WORLD.,"Create a 30-second vertical history short about Boxer Rebellion. Hook: China vs the WORLD. Cover: Anti-foreign uprising 1899-1901 in China — a key part of the story of Boxer Rebellion. Boxers attacked missionaries and Chinese Christians — a key part of the story of Boxer Rebellion. Eight-nation alliance including US sent troops — a key part of the story of Boxer Rebellion. Peking Legation Quarter besieged 55 days — a key part of the story of Boxer Rebellion. China forced to pay massive indemnity — a key part of the story of Boxer Rebellion. China fought the world. And lost. The events surrounding Boxer Rebellion reveal how quickly history can turn on a single decision. From classrooms to documentaries, Boxer Rebellion remains a staple of history storytelling. Tone: dramatic, fast-paced, documentary style. 9:16 vertical.","Anti-foreign uprising 1899-1901 in China. | Boxers attacked missionaries and Chinese Christians. | Eight-nation alliance including US sent troops. | Peking Legation Quarter besieged 55 days. | China forced to pay massive indemnity. | China fought the world. And lost. | Hook: China vs the WORLD. | Tone: dramatic, fast-paced, documentary style. 9:16 vertical. | And lost. #BoxerRebellion #China #Colonialism #HistoryTok China vs the WORLD. | The Boxer Rebellion, also known as the Boxer Uprising, Boxer Movement, Yihetuan Movement, or Boxer War, was an. | Its members were known as the ""Boxers"" in English, owing to many of them practicing Chinese martial arts, which at. | It was defeated by the Eight-Nation Alliance of foreign powers.",/images/catalog/174-boxer-rebellion.jpg,#BoxerRebellion #China #Colonialism #HistoryTok,China fought the world. And lost. #BoxerRebellion #China #Colonialism #HistoryTok,Wikimedia Commons · Public domain,https://commons.wikimedia.org/wiki/File:Boxer_Rebellion.jpg
175,Russo-Japanese War,Japan beat a EUROPEAN power.,"Create a 30-second vertical history short about Russo-Japanese War. Hook: Japan beat a EUROPEAN power. Cover: Fought 1904-1905 over Korea and Manchuria — a key part of the story of Russo-Japanese War. Japan destroyed Russian fleet at Tsushima — a key part of the story of Russo-Japanese War. First Asian victory over European power — a key part of the story of Russo-Japanese War. Led to 1905 Russian Revolution — a key part of the story of Russo-Japanese War. Showed Japan as rising world power — a key part of the story of Russo-Japanese War. Asia beat Europe. The world noticed. Civilians and soldiers alike bore the devastating human cost of Russo-Japanese War. The consequences of Russo-Japanese War echoed for generations after the fighting stopped. Tone: dramatic, fast-paced, documentary style. 9:16 vertical.","Fought 1904-1905 over Korea and Manchuria. | Japan destroyed Russian fleet at Tsushima. | First Asian victory over European power. | Led to 1905 Russian Revolution. | Showed Japan as rising world power. | Asia beat Europe. The world noticed. | Civilians and soldiers alike bore the devastating human cost of Russo-Japanese War. | The consequences of Russo-Japanese War echoed for generations after the fighting stopped. | Hook: Japan beat a EUROPEAN power. | Tone: dramatic, fast-paced, documentary style. 9:16 vertical. | The world noticed. #RussoJapaneseWar #Japan #MilitaryHistory #HistoryTok Japan beat a EUROPEAN power. | The Russo-Japanese War was fought between the Russian Empire and the Empire of Japan over rival imperial ambitions.",/images/catalog/175-russo-japanese-war.jpg,#RussoJapaneseWar #Japan #MilitaryHistory #HistoryTok,Asia beat Europe. The world noticed. #RussoJapaneseWar #Japan #MilitaryHistory #HistoryTok,Original uploader and author was Dustandshadow at en.wikipedia · Public domain,https://commons.wikimedia.org/wiki/File:RUSSOJAPANESEWARIMAGE.jpg
176,Franco-Prussian War,France lost. Germany BORN.,"Create a 30-second vertical history short about Franco-Prussian War. Hook: France lost. Germany BORN. Cover: Prussia defeated France 1870-1871 — a key part of the story of Franco-Prussian War. Napoleon III captured at Sedan — a key part of the story of Franco-Prussian War. Paris Commune uprising followed — a key part of the story of Franco-Prussian War. German Empire proclaimed at Versailles 1871 — a key part of the story of Franco-Prussian War. Alsace-Lorraine lost planted seeds of WWI — a key part of the story of Franco-Prussian War. One war. Germany born. WWI seeded. Civilians and soldiers alike bore the devastating human cost of Franco-Prussian War. The consequences of Franco-Prussian War echoed for generations after the fighting stopped. Tone: dramatic, fast-paced, documentary style. 9:16 vertical.","Prussia defeated France 1870-1871. | Napoleon III captured at Sedan. | Paris Commune uprising followed. | German Empire proclaimed at Versailles 1871. | Alsace-Lorraine lost planted seeds of WWI. | One war. Germany born. WWI seeded. | Civilians and soldiers alike bore the devastating human cost of Franco-Prussian War. | The consequences of Franco-Prussian War echoed for generations after the fighting stopped. | Tone: dramatic, fast-paced, documentary style. 9:16 vertical. | WWI seeded. #FrancoPrussianWar #Germany #MilitaryHistory #HistoryTok France lost. | The Franco-Prussian War, occasionally known as the Franco-German War, and sometimes referred to in France as the War. | Lasting from 19 July 1870 to 28 January 1871, the conflict was caused primarily by France's determination to.",/images/catalog/176-franco-prussian-war.jpg,#FrancoPrussianWar #Germany #MilitaryHistory #HistoryTok,One war. Germany born. WWI seeded. #FrancoPrussianWar #Germany #MilitaryHistory #HistoryTok,Anton von Werner · Public domain,https://commons.wikimedia.org/wiki/File:A_v_Werner_-_Kaiserproklamation_am_18_Januar_1871_%283._Fassung_1885%29.jpg
177,War of 1812,White House BURNED.,"Create a 30-second vertical history short about War of 1812. Hook: White House BURNED. Cover: US vs Britain 1812-1815 over trade and impressment. British burned White House August 1814 — a key part of the story of War of 1812. Battle of New Orleans fought after peace signed. Star-Spangled Banner written during bombardment — a key part of the story of War of 1812. Neither side gained much territory — a key part of the story of War of 1812. They burned the White House. America survived. Civilians and soldiers alike bore the devastating human cost of War of 1812. The consequences of War of 1812 echoed for generations after the fighting stopped. Tone: dramatic, fast-paced, documentary style. 9:16 vertical.","US vs Britain 1812-1815 over trade and impressment. | British burned White House August 1814. | Battle of New Orleans fought after peace signed. | Star-Spangled Banner written during bombardment. | Neither side gained much territory. | They burned the White House. America survived. | Civilians and soldiers alike bore the devastating human cost of War of 1812. | The consequences of War of 1812 echoed for generations after the fighting stopped. | Hook: White House BURNED. | Tone: dramatic, fast-paced, documentary style. 9:16 vertical. | Conflict initiated by the United States against the United Kingdom and its allies fought mainly in North America and. | The United States declared war on Britain on 18 June 1812.",/images/catalog/177-war-of-1812.jpg,#WarOf1812 #AmericanHistory #BritishHistory #HistoryTok,They burned the White House. America survived. #WarOf1812 #AmericanHistory #BritishHistory #HistoryTok,"Clockwise, from top: George Munger, John David Kelly, Anton Otto Fische… · Public domain",https://commons.wikimedia.org/wiki/File:War_of_1812_Montage.jpg
178,Mexican-American War,Half of Mexico. GONE.,"Create a 30-second vertical history short about Mexican-American War. Hook: Half of Mexico. GONE. Cover: Fought 1846-1848 over Texas annexation — a key part of the story of Mexican-American War. US forces captured Mexico City — a key part of the story of Mexican-American War. Treaty of Guadalupe Hidalgo 1848 — a key part of the story of Mexican-American War. US gained California and Southwest — a key part of the story of Mexican-American War. Mexico lost half its territory — a key part of the story of Mexican-American War. One war. Half a country gone. Civilians and soldiers alike bore the devastating human cost of Mexican-American War. The consequences of Mexican-American War echoed for generations after the fighting stopped. Tone: dramatic, fast-paced, documentary style. 9:16 vertical.","Fought 1846-1848 over Texas annexation. | US forces captured Mexico City. | Treaty of Guadalupe Hidalgo 1848. | US gained California and Southwest. | Mexico lost half its territory. | One war. Half a country gone. | Civilians and soldiers alike bore the devastating human cost of Mexican-American War. | The consequences of Mexican-American War echoed for generations after the fighting stopped. | Tone: dramatic, fast-paced, documentary style. 9:16 vertical. | Half a country gone. #MexicanAmericanWar #AmericanHistory #Mexico #HistoryTok Half of Mexico. | The Mexican–American War, also known in the United States as the Mexican War and in Mexico as the United States. | It followed the 1845 American annexation of Texas, which Mexico still considered its territory because it refused to.",/images/catalog/178-mexican-american-war.jpg,#MexicanAmericanWar #AmericanHistory #Mexico #HistoryTok,One war. Half a country gone. #MexicanAmericanWar #AmericanHistory #Mexico #HistoryTok,Adolphe Jean-Baptiste Bayot / Carl Nebel · Public domain,https://commons.wikimedia.org/wiki/File:Nebel_Mexican_War_12_Scott_in_Mexico_City_%28cropped%29.jpg
179,Punic Wars,Hannibal. Scipio. Rome TRIUMPHS.,"Create a 30-second vertical history short about Punic Wars. Hook: Hannibal. Scipio. Rome TRIUMPHS. Cover: Three wars Rome vs Carthage 264-146 BCE — a key part of the story of Punic Wars. Hannibal invaded Italy with elephants — a key part of the story of Punic Wars. Scipio Africanus defeated Hannibal at Zama — a key part of the story of Punic Wars. Carthage destroyed utterly after Third Punic War — a key part of the story of Punic Wars. Rome became Mediterranean superpower — a key part of the story of Punic Wars. Three wars. One civilization erased. Civilians and soldiers alike bore the devastating human cost of Punic Wars. The consequences of Punic Wars echoed for generations after the fighting stopped. Tone: dramatic, fast-paced, documentary style. 9:16 vertical.","Three wars Rome vs Carthage 264-146 BCE. | Hannibal invaded Italy with elephants. | Scipio Africanus defeated Hannibal at Zama. | Carthage destroyed utterly after Third Punic War. | Rome became Mediterranean superpower. | Three wars. One civilization erased. | Civilians and soldiers alike bore the devastating human cost of Punic Wars. | The consequences of Punic Wars echoed for generations after the fighting stopped. | Tone: dramatic, fast-paced, documentary style. 9:16 vertical. | One civilization erased. #PunicWars #AncientRome #Hannibal #HistoryTok Hannibal. | Series of wars fought between the Roman Republic and the Carthaginian Empire during the period 264 to 146 BC. | Three such wars took place, involving a total of forty-three years of warfare on both land and sea across the.",/images/catalog/179-punic-wars.gif,#PunicWars #AncientRome #Hannibal #HistoryTok,Three wars. One civilization erased. #PunicWars #AncientRome #Hannibal #HistoryTok,derivative work: Carnby · CC BY-SA 4.0,https://commons.wikimedia.org/wiki/File:Domain_changes_during_the_Punic_Wars_BC.gif
180,Battle of Stalingrad,Deadliest battle EVER.,"Create a 30-second vertical history short about Battle of Stalingrad. Hook: Deadliest battle EVER. Cover: Fought August 1942-February 1943 — a key part of the story of Battle of Stalingrad. Turning point of Eastern Front WWII — a key part of the story of Battle of Stalingrad. Estimated 2 million total casualties — a key part of the story of Battle of Stalingrad. German 6th Army surrounded and destroyed — a key part of the story of Battle of Stalingrad. Marked beginning of end for Nazi Germany — a key part of the story of Battle of Stalingrad. 2 million casualties. One city. Hell on Earth. The outcome of Battle of Stalingrad reshaped borders, rulers, and the balance of power. Military academies and historians still analyze the tactics and decisions of Battle of Stalingrad. Tone: dramatic, fast-paced, documentary style. 9:16 vertical.","Fought August 1942-February 1943. | Turning point of Eastern Front WWII. | Estimated 2 million total casualties. | German 6th Army surrounded and destroyed. | Marked beginning of end for Nazi Germany. | 2 million casualties. One city. Hell on Earth. | The outcome of Battle of Stalingrad reshaped borders, rulers, and the balance of power. | Military academies and historians still analyze the tactics and decisions of Battle of Stalingrad. | Hook: Deadliest battle EVER. | Tone: dramatic, fast-paced, documentary style. 9:16 vertical. 2 million casualties. | Hell on Earth. #Stalingrad #WW2 #EasternFront #HistoryTok Deadliest battle EVER. | Major battle on the Eastern Front of World War II in which Nazi Germany and its Axis allies fought the Soviet Union.",/images/catalog/180-battle-of-stalingrad.jpg,#Stalingrad #WW2 #EasternFront #HistoryTok,2 million casualties. One city. Hell on Earth. #Stalingrad #WW2 #EasternFront #HistoryTok,Unknown author Unknown author · Public domain,https://commons.wikimedia.org/wiki/File:%D0%A0%D0%B0%D1%81%D1%87%D0%B5%D1%82_%D1%81%D0%BE%D0%B2%D0%B5%D1%82%D1%81%D0%BA%D0%BE%D0%B9_76%2C2-%D0%BC%D0%BC_%D0%BF%D1%83%D1%88%D0%BA%D0%B8_%D0%97%D0%B8%D0%A1-3_%D0%B2%D0%B5%D0%B4%D0%B5%D1%82_%D0%BE%D0%B3%D0%BE%D0%BD%D1%8C_%D0%B2_%D0%A1%D1%82%D0%B0%D0%BB%D0%B8%D0%BD%D0%B3%D1%80%D0%B0%D0%B4%D0%B5._%D0%9D%D0%BE%D1%8F%D0%B1%D1%80%D1%8C_1942_%D0%B3.jpg
181,Battle of Midway,4 carriers. 5 MINUTES.,"Create a 30-second vertical history short about Battle of Midway. Hook: 4 carriers. 5 MINUTES. Cover: June 4-7 1942 Pacific naval battle — a key part of the story of Battle of Midway. US codebreakers knew Japanese plans — a key part of the story of Battle of Midway. Sank four Japanese carriers in minutes — a key part of the story of Battle of Midway. Turning point of Pacific War — a key part of the story of Battle of Midway. Never recovered Japanese naval dominance — a key part of the story of Battle of Midway. Five minutes. Four carriers. War changed. The outcome of Battle of Midway reshaped borders, rulers, and the balance of power. Military academies and historians still analyze the tactics and decisions of Battle of Midway. Tone: dramatic, fast-paced, documentary style. 9:16 vertical.","June 4-7 1942 Pacific naval battle. | US codebreakers knew Japanese plans. | Sank four Japanese carriers in minutes. | Turning point of Pacific War. | Never recovered Japanese naval dominance. | Five minutes. Four carriers. War changed. | The outcome of Battle of Midway reshaped borders, rulers, and the balance of power. | Military academies and historians still analyze the tactics and decisions of Battle of Midway. | Hook: 4 carriers. 5 MINUTES. | Tone: dramatic, fast-paced, documentary style. 9:16 vertical. | War changed. #Midway #WW2 #NavalHistory #HistoryTok 4 carriers. 5 MINUTES. | Major naval battle in the Pacific Theater of World War II that took place on 4–7 June 1942, six months after Japan's.",/images/catalog/181-battle-of-midway.jpg,#Midway #WW2 #NavalHistory #HistoryTok,Five minutes. Four carriers. War changed. #Midway #WW2 #NavalHistory #HistoryTok,Official U.S. Navy Photograph work · Public domain,https://commons.wikimedia.org/wiki/File:Battle_of_Midway.jpg
182,Battle of the Bulge,Hitler's last gamble. FAILED.,"Create a 30-second vertical history short about Battle of the Bulge. Hook: Hitler's last gamble. FAILED. Cover: German counteroffensive December 1944 Ardennes — a key part of the story of Battle of the Bulge. Caught Allies by surprise in harsh winter — a key part of the story of Battle of the Bulge. Siege of Bastogne became legend — a key part of the story of Battle of the Bulge. Allies recovered and pushed into Germany — a key part of the story of Battle of the Bulge. Last major German offensive of WWII — a key part of the story of Battle of the Bulge. Hitler's last throw of the dice. Failed. The outcome of Battle of the Bulge reshaped borders, rulers, and the balance of power. Military academies and historians still analyze the tactics and decisions of Battle of the Bulge. Tone: dramatic, fast-paced, documentary style. 9:16 vertical.","German counteroffensive December 1944 Ardennes. | Caught Allies by surprise in harsh winter. | Siege of Bastogne became legend. | Allies recovered and pushed into Germany. | Last major German offensive of WWII. | Hitler's last throw of the dice. Failed. | The outcome of Battle of the Bulge reshaped borders, rulers, and the balance of power. | Military academies and historians still analyze the tactics and decisions of Battle of the Bulge. | Hook: Hitler's last gamble. | Tone: dramatic, fast-paced, documentary style. 9:16 vertical. | Failed. #BattleOfTheBulge #WW2 #MilitaryHistory #HistoryTok Hitler's last gamble. | The Battle of the Bulge, also known as the Ardennes Offensive and referred to by the Germans as Unternehmen Wacht am.",/images/catalog/182-battle-of-the-bulge.jpg,#BattleOfTheBulge #WW2 #MilitaryHistory #HistoryTok,Hitler's last throw of the dice. Failed. #BattleOfTheBulge #WW2 #MilitaryHistory #HistoryTok,"Braun, USA · Public domain",https://commons.wikimedia.org/wiki/File:Battle_of_the_Bulge.jpg
183,Atomic Bombing of Hiroshima,"One bomb. 80,000 INSTANT deaths.","Create a 30-second vertical history short about Atomic Bombing of Hiroshima. Hook: One bomb. 80,000 INSTANT deaths. Cover: Enola Gay dropped Little Boy August 6 1945. Estimated 80,000 killed instantly — a key part of the story of Atomic Bombing of Hiroshima. Tens of thousands died from radiation later — a key part of the story of Atomic Bombing of Hiroshima. First use of nuclear weapon in war — a key part of the story of Atomic Bombing of Hiroshima. Japan surrendered six days later — a key part of the story of Atomic Bombing of Hiroshima. One bomb. A city gone. World changed. The events surrounding Atomic Bombing of Hiroshima reveal how quickly history can turn on a single decision. From classrooms to documentaries, Atomic Bombing of Hiroshima remains a staple of history storytelling. Tone: dramatic, fast-paced, documentary style. 9:16 vertical.","Enola Gay dropped Little Boy August 6 1945. | Estimated 80,000 killed instantly. | Tens of thousands died from radiation later. | First use of nuclear weapon in war. | Japan surrendered six days later. | One bomb. A city gone. World changed. | Hook: One bomb. 80,000 INSTANT deaths. | Tone: dramatic, fast-paced, documentary style. 9:16 vertical. | World changed. #Hiroshima #WW2 #NuclearHistory #HistoryTok One bomb. 80,000 INSTANT deaths. | On 6 and 9 August 1945, the United States detonated two atomic bombs over the Japanese cities of Hiroshima and. | The aerial bombings killed 150,000 to 246,000 people, most of whom were civilians, and remain the first and only. | In the final year of World War II, the Allies prepared for a costly invasion of the Japanese mainland.",/images/catalog/183-atomic-bombing-of-hiroshima.jpg,#Hiroshima #WW2 #NuclearHistory #HistoryTok,One bomb. A city gone. World changed. #Hiroshima #WW2 #NuclearHistory #HistoryTok,U.S. Navy Public Affairs Resources Website · Public domain,https://commons.wikimedia.org/wiki/File:Hiroshima_aftermath.jpg
184,Attack on Pearl Harbor,Day of infamy. America ENTERS.,"Create a 30-second vertical history short about Attack on Pearl Harbor. Hook: Day of infamy. America ENTERS. Cover: Japanese surprise attack December 7 1941 — a key part of the story of Attack on Pearl Harbor. 2,403 Americans killed — a key part of the story of Attack on Pearl Harbor. Eight battleships damaged or sunk — a key part of the story of Attack on Pearl Harbor. FDR declared war next day — a key part of the story of Attack on Pearl Harbor. Awakened sleeping giant of US industry — a key part of the story of Attack on Pearl Harbor. One morning. America at war. The events surrounding Attack on Pearl Harbor reveal how quickly history can turn on a single decision. From classrooms to documentaries, Attack on Pearl Harbor remains a staple of history storytelling. Tone: dramatic, fast-paced, documentary style. 9:16 vertical.","Japanese surprise attack December 7 1941. | Eight battleships damaged or sunk. | FDR declared war next day. | Awakened sleeping giant of US industry. | One morning. America at war. | Tone: dramatic, fast-paced, documentary style. 9:16 vertical. | America at war. #PearlHarbor #WW2 #AmericanHistory #HistoryTok Day of infamy. | Surprise military attack by the Empire of Japan on the US Pacific Fleet at its naval base at Pearl Harbor in Oahu. | At the time, the US was a neutral country in World War II. | The air raid on Pearl Harbor, which was launched from aircraft carriers, prompted the US to declare war on Japan the. | The Japanese military leadership referred to the attack as the Hawaii Operation and Operation AI, and as Operation Z. | The attack on Pearl Harbor was preceded by months of negotiations between the US and Japan over the future of the.",/images/catalog/184-attack-on-pearl-harbor.jpg,#PearlHarbor #WW2 #AmericanHistory #HistoryTok,One morning. America at war. #PearlHarbor #WW2 #AmericanHistory #HistoryTok,Imperial Japanese Navy · Public domain,https://commons.wikimedia.org/wiki/File:Attack_on_Pearl_Harbor_Japanese_planes_view.jpg
185,The Blitz,57 nights. City DIDN'T break.,"Create a 30-second vertical history short about The Blitz. Hook: 57 nights. City DIDN'T break. Cover: German bombing of London September 1940-May 1941 — a key part of the story of The Blitz. 57 consecutive nights of bombing — a key part of the story of The Blitz. 40,000 civilians killed — a key part of the story of The Blitz. Londoners sheltered in Underground stations — a key part of the story of The Blitz. Churchill's spirit kept Britain fighting — a key part of the story of The Blitz. 57 nights of bombs. London didn't break. The events surrounding The Blitz reveal how quickly history can turn on a single decision. From classrooms to documentaries, The Blitz remains a staple of history storytelling. Tone: dramatic, fast-paced, documentary style. 9:16 vertical.","German bombing of London September 1940-May 1941. | 57 consecutive nights of bombing. | Londoners sheltered in Underground stations. | Churchill's spirit kept Britain fighting. | 57 nights of bombs. London didn't break. | Tone: dramatic, fast-paced, documentary style. 9:16 vertical. 57 nights of bombs. | Bombing campaign by Nazi Germany and Fascist Italy against the United Kingdom during the Second World War. | It lasted for eight months, from 7 September 1940 to 16 May 1941. | The name is a shortened form of Blitzkrieg, a term used in the popular press to describe a German style of surprise. | Toward the end of the Battle of Britain in 1940, daylight air superiority over the United Kingdom was contested. | Germany began conducting mass air attacks against British cities, beginning with London, in an attempt to draw the. | Adolf Hitler and Reichsmarschall Hermann Göring, commander-in-chief of the Luftwaffe, ordered the new policy on 6.",/images/catalog/185-the-blitz.jpg,#TheBlitz #WW2 #London #HistoryTok,57 nights of bombs. London didn't break. #TheBlitz #WW2 #London #HistoryTok,German Air Force photographer · Public domain,https://commons.wikimedia.org/wiki/File:Heinkel_He_111_over_Wapping%2C_East_London.jpg
186,Battle of Britain,The Few. Saved CIVILIZATION.,"Create a 30-second vertical history short about Battle of Britain. Hook: The Few. Saved CIVILIZATION. Cover: Air battle July-October 1940 — a key part of the story of Battle of Britain. RAF vs Luftwaffe over English Channel — a key part of the story of Battle of Britain. Never was so much owed by so many to so few. Radar and Spitfires turned the tide — a key part of the story of Battle of Britain. Prevented German invasion of Britain — a key part of the story of Battle of Britain. The Few saved everything. The outcome of Battle of Britain reshaped borders, rulers, and the balance of power. Military academies and historians still analyze the tactics and decisions of Battle of Britain. Tone: dramatic, fast-paced, documentary style. 9:16 vertical.","Air battle July-October 1940. | RAF vs Luftwaffe over English Channel. | Never was so much owed by so many to so few. | Radar and Spitfires turned the tide. | Prevented German invasion of Britain. | The Few saved everything. | The outcome of Battle of Britain reshaped borders, rulers, and the balance of power. | Military academies and historians still analyze the tactics and decisions of Battle of Britain. | Tone: dramatic, fast-paced, documentary style. 9:16 vertical. | Military campaign of the Second World War, in which the Royal Air Force and the Fleet Air Arm of the Royal Navy. | It was the first major military campaign fought entirely by air forces. | It takes its name from the speech given by Prime Minister Winston Churchill to the House of Commons on 18 June 1940.",/images/catalog/186-battle-of-britain.jpg,#BattleOfBritain #WW2 #RAF #HistoryTok,The Few saved everything. #BattleOfBritain #WW2 #RAF #HistoryTok,Australian armed forces · Public domain,https://commons.wikimedia.org/wiki/File:Spitfire_and_He_111_during_Battle_of_Britain_1940.jpg
187,Tet Offensive,They said we were WINNING.,"Create a 30-second vertical history short about Tet Offensive. Hook: They said we were WINNING. Cover: North Vietnamese attacked January 1968 — a key part of the story of Tet Offensive. Coordinated strikes across South Vietnam — a key part of the story of Tet Offensive. US embassy attacked in Saigon on TV — a key part of the story of Tet Offensive. Military defeat but psychological victory — a key part of the story of Tet Offensive. Turned American public against the war — a key part of the story of Tet Offensive. They said we were winning. TV said otherwise. The events surrounding Tet Offensive reveal how quickly history can turn on a single decision. From classrooms to documentaries, Tet Offensive remains a staple of history storytelling. Tone: dramatic, fast-paced, documentary style. 9:16 vertical.","North Vietnamese attacked January 1968. | Coordinated strikes across South Vietnam. | US embassy attacked in Saigon on TV. | Military defeat but psychological victory. | Turned American public against the war. | They said we were winning. TV said otherwise. | Tone: dramatic, fast-paced, documentary style. 9:16 vertical. | The Tet Offensive was both a major escalation and one of the largest military campaigns of the Vietnam War. | The North Vietnamese People's Army of Vietnam and the Viet Cong launched a surprise attack on 30 and 31 January 1968. | The name is the truncated version of the Lunar New Year festival name in Vietnamese, Tết Nguyên Đán, a holiday. | The North Vietnamese Politburo and leader Lê Duẩn intended to trigger political instability and hoped that mass. | The offensive was launched prematurely in the early morning hours of 30 January in large parts of the I and II Corps.",/images/catalog/187-tet-offensive.png,#TetOffensive #VietnamWar #ColdWar #HistoryTok,They said we were winning. TV said otherwise. #TetOffensive #VietnamWar #ColdWar #HistoryTok,West Point · Public domain,https://commons.wikimedia.org/wiki/File:Tet_Offensive_map.png
188,Charge of the Light Brigade,Into the valley of DEATH.,"Create a 30-second vertical history short about Charge of the Light Brigade. Hook: Into the valley of DEATH. Cover: Crimean War cavalry charge October 25 1854 — a key part of the story of Charge of the Light Brigade. 600 British cavalry charged wrong valley — a key part of the story of Charge of the Light Brigade. Miscommunication sent them into Russian guns — a key part of the story of Charge of the Light Brigade. Tennyson immortalized in poem — a key part of the story of Charge of the Light Brigade. Over 100 killed 160 wounded — a key part of the story of Charge of the Light Brigade. Into the valley of death rode the six hundred. The events surrounding Charge of the Light Brigade reveal how quickly history can turn on a single decision. From classrooms to documentaries, Charge of the Light Brigade remains a staple of history storytelling. Tone: dramatic, fast-paced, documentary style. 9:16 vertical.","Crimean War cavalry charge October 25 1854. | 600 British cavalry charged wrong valley. | Miscommunication sent them into Russian guns. | Tennyson immortalized in poem. | Over 100 killed 160 wounded. | Into the valley of death rode the six hundred. | Hook: Into the valley of DEATH. | Tone: dramatic, fast-paced, documentary style. 9:16 vertical. | Military action undertaken by British light cavalry against Russian forces during the Battle of Balaclava in the. | On 25 October 1854, the Light Brigade, led by Lord Cardigan, mounted a frontal assault against a Russian artillery. | The charge was the result of a misunderstood order from the commander-in-chief, Lord Raglan, who had intended the. | The Light Brigade made its charge under withering direct fire and reached its target, scattering some of the.",/images/catalog/188-charge-of-the-light-brigade.jpg,#LightBrigade #CrimeanWar #MilitaryHistory #HistoryTok,Into the valley of death rode the six hundred. #LightBrigade #CrimeanWar #MilitaryHistory #HistoryTok,Richard Caton Woodville Jr. · Public domain,https://commons.wikimedia.org/wiki/File:Charge_of_the_Light_Brigade.jpg
189,Battle of Verdun,"10 months. 700,000 casualties.","Create a 30-second vertical history short about Battle of Verdun. Hook: 10 months. 700,000 casualties. Cover: Longest battle of WWI February-December 1916 — a key part of the story of Battle of Verdun. France vs Germany over symbolic fortress — a key part of the story of Battle of Verdun. They shall not pass became rallying cry — a key part of the story of Battle of Verdun. Estimated 700,000 total casualties — a key part of the story of Battle of Verdun. Horror of attrition warfare epitomized — a key part of the story of Battle of Verdun. 10 months. 700,000 casualties. One fortress. The outcome of Battle of Verdun reshaped borders, rulers, and the balance of power. Military academies and historians still analyze the tactics and decisions of Battle of Verdun. Tone: dramatic, fast-paced, documentary style. 9:16 vertical.","Longest battle of WWI February-December 1916. | France vs Germany over symbolic fortress. | They shall not pass became rallying cry. | Estimated 700,000 total casualties. | Horror of attrition warfare epitomized. | 10 months. 700,000 casualties. One fortress. | The outcome of Battle of Verdun reshaped borders, rulers, and the balance of power. | Military academies and historians still analyze the tactics and decisions of Battle of Verdun. | Tone: dramatic, fast-paced, documentary style. 9:16 vertical. 10 months. 700,000 casualties. | The Battle of Verdun was fought from 21 February to 18 December 1916 on the Western Front in France. | The battle was the longest of the First World War and took place on the hills north of Verdun. | The German 5th Army attacked the defences of the Fortified Region of Verdun and those of the French Second Army on.",/images/catalog/189-battle-of-verdun.png,#Verdun #WW1 #TrenchWarfare #HistoryTok,"10 months. 700,000 casualties. One fortress. #Verdun #WW1 #TrenchWarfare #HistoryTok",Drawn by Gdr · CC BY-SA 3.0,https://commons.wikimedia.org/wiki/File:Battle_of_Verdun_map.png
190,Battle of the Somme,"60,000 dead. FIRST day.","Create a 30-second vertical history short about Battle of the Somme. Hook: 60,000 dead. FIRST day. Cover: July 1 1916 opening day of Somme offensive. British suffered 57,000 casualties first day — a key part of the story of Battle of the Somme. 20,000 killed on day one alone — a key part of the story of Battle of the Somme. Tanks used in battle for first time — a key part of the story of Battle of the Somme. Five months 1 million total casualties — a key part of the story of Battle of the Somme. 60,000 casualties. Day one. The outcome of Battle of the Somme reshaped borders, rulers, and the balance of power. Military academies and historians still analyze the tactics and decisions of Battle of the Somme. Tone: dramatic, fast-paced, documentary style. 9:16 vertical.","July 1 1916 opening day of Somme offensive. | British suffered 57,000 casualties first day. | 20,000 killed on day one alone. | Tanks used in battle for first time. | Five months 1 million total casualties. | The outcome of Battle of the Somme reshaped borders, rulers, and the balance of power. | Military academies and historians still analyze the tactics and decisions of Battle of the Somme. | Tone: dramatic, fast-paced, documentary style. 9:16 vertical. 60,000 casualties. | Day one. #TheSomme #WW1 #TrenchWarfare #HistoryTok 60,000 dead. | The Battle of the Somme, also known as the Somme offensive, was a battle of the First World War fought by the armies. | It took place between 1 July and 18 November 1916 on both sides of the upper reaches of the river Somme in France. | The battle was intended to hasten a victory for the Allies.",/images/catalog/190-battle-of-the-somme.jpg,#TheSomme #WW1 #TrenchWarfare #HistoryTok,"60,000 casualties. Day one. #TheSomme #WW1 #TrenchWarfare #HistoryTok",National Library of Scotland · No restrictions,https://commons.wikimedia.org/wiki/File:Who_said_that_the_Canadian_Service_Corps_have_%27cushy_jobs%27%3F_%282958783710%29.jpg
191,Gallipoli Campaign,ANZAC legend BORN.,"Create a 30-second vertical history short about Gallipoli Campaign. Hook: ANZAC legend BORN. Cover: Allied invasion of Ottoman Turkey 1915 — a key part of the story of Gallipoli Campaign. Australian and New Zealand troops landed April 25. Stalemated in trenches eight months — a key part of the story of Gallipoli Campaign. Evacuated December 1915 total failure — a key part of the story of Gallipoli Campaign. ANZAC Day commemorates the landing — a key part of the story of Gallipoli Campaign. Failure on the beach. Legend for a nation. The events surrounding Gallipoli Campaign reveal how quickly history can turn on a single decision. From classrooms to documentaries, Gallipoli Campaign remains a staple of history storytelling. Tone: dramatic, fast-paced, documentary style. 9:16 vertical.","Allied invasion of Ottoman Turkey 1915. | Australian and New Zealand troops landed April 25. | Stalemated in trenches eight months. | Evacuated December 1915 total failure. | ANZAC Day commemorates the landing. | Failure on the beach. Legend for a nation. | Hook: ANZAC legend BORN. | Tone: dramatic, fast-paced, documentary style. 9:16 vertical. | Legend for a nation. #Gallipoli #WW1 #ANZAC #HistoryTok ANZAC legend BORN. | The Gallipoli campaign, the Dardanelles campaign, the Defence of Gallipoli or the Battle of Gallipoli was a military. | The Allied powers unsuccessfully attempted to make the Ottoman Empire, one of the Central Powers, capitulate by. | They intended to expose the Ottoman capital at Constantinople to bombardment by Allied warships and cut it off from.",/images/catalog/191-gallipoli-campaign.jpg,#Gallipoli #WW1 #ANZAC #HistoryTok,Failure on the beach. Legend for a nation. #Gallipoli #WW1 #ANZAC #HistoryTok,LoudHmen · Public domain,https://commons.wikimedia.org/wiki/File:G.C._18_March_1915_Gallipoli_Campaign_Article.jpg
192,Siege of Leningrad,900 days. 1 million STARVED.,"Create a 30-second vertical history short about Siege of Leningrad. Hook: 900 days. 1 million STARVED. Cover: Nazi siege September 1941-January 1944 — a key part of the story of Siege of Leningrad. Longest and most destructive siege in history — a key part of the story of Siege of Leningrad. Estimated 1 million civilians died of starvation — a key part of the story of Siege of Leningrad. People ate wallpaper paste and leather — a key part of the story of Siege of Leningrad. City never surrendered — a key part of the story of Siege of Leningrad. 900 days. 1 million starved. Never surrendered. Civilians and soldiers alike bore the devastating human cost of Siege of Leningrad. The consequences of Siege of Leningrad echoed for generations after the fighting stopped. Tone: dramatic, fast-paced, documentary style. 9:16 vertical.","Nazi siege September 1941-January 1944. | Longest and most destructive siege in history. | Estimated 1 million civilians died of starvation. | People ate wallpaper paste and leather. | 900 days. 1 million starved. Never surrendered. | Civilians and soldiers alike bore the devastating human cost of Siege of Leningrad. | The consequences of Siege of Leningrad echoed for generations after the fighting stopped. | Tone: dramatic, fast-paced, documentary style. 9:16 vertical. 900 days. 1 million starved. | Military blockade undertaken by the Axis powers against the city of Leningrad in the Soviet Union on the Eastern. | Leningrad, the country's second largest city, was besieged by Germany and Finland for 872 days, but never captured. | The siege was the most destructive in history and possibly the most deadly, causing an estimated 1.5 million deaths. | It was not classified as a war crime at the time, but since then, some historians have classified it as a genocide.",/images/catalog/192-siege-of-leningrad.jpg,#Leningrad #WW2 #EasternFront #HistoryTok,900 days. 1 million starved. Never surrendered. #Leningrad #WW2 #EasternFront #HistoryTok,Boris Kudoyarov · Public domain,https://commons.wikimedia.org/wiki/File:Anti_aircraft_Leningrad_1941.JPG
193,Battle of Okinawa,Bloodiest Pacific battle.,"Create a 30-second vertical history short about Battle of Okinawa. Hook: Bloodiest Pacific battle. Cover: Fought April-June 1945 last major Pacific battle — a key part of the story of Battle of Okinawa. Estimated 150,000 Okinawan civilians died — a key part of the story of Battle of Okinawa. Kamikaze attacks devastated US fleet — a key part of the story of Battle of Okinawa. Convinced US atomic bomb was necessary — a key part of the story of Battle of Okinawa. Led directly to Hiroshima decision — a key part of the story of Battle of Okinawa. The battle that made the bomb inevitable. The outcome of Battle of Okinawa reshaped borders, rulers, and the balance of power. Military academies and historians still analyze the tactics and decisions of Battle of Okinawa. Tone: dramatic, fast-paced, documentary style. 9:16 vertical.","Fought April-June 1945 last major Pacific battle. | Estimated 150,000 Okinawan civilians died. | Kamikaze attacks devastated US fleet. | Convinced US atomic bomb was necessary. | Led directly to Hiroshima decision. | The battle that made the bomb inevitable. | The outcome of Battle of Okinawa reshaped borders, rulers, and the balance of power. | Military academies and historians still analyze the tactics and decisions of Battle of Okinawa. | Hook: Bloodiest Pacific battle. | Tone: dramatic, fast-paced, documentary style. 9:16 vertical. | The Battle of Okinawa , codenamed Operation Iceberg, was a major battle of the Pacific War fought on the island of. | The initial invasion of Okinawa on 1 April 1945 was the largest amphibious assault in the Pacific Theater of World.",/images/catalog/193-battle-of-okinawa.jpg,#Okinawa #WW2 #PacificWar #HistoryTok,The battle that made the bomb inevitable. #Okinawa #WW2 #PacificWar #HistoryTok,Staff Sergent Walter F. Kleine · Public domain,https://commons.wikimedia.org/wiki/File:Ww2_158.jpg
194,Battle of Iwo Jima,One photo. One FLAG.,"Create a 30-second vertical history short about Battle of Iwo Jima. Hook: One photo. One FLAG. Cover: February-March 1945 Pacific island battle — a key part of the story of Battle of Iwo Jima. Joe Rosenthal's flag raising photo iconic — a key part of the story of Battle of Iwo Jima. 27 Medals of Honor awarded — a key part of the story of Battle of Iwo Jima. 6,800 Americans killed taking 8 square miles — a key part of the story of Battle of Iwo Jima. Island used for emergency B-29 landings — a key part of the story of Battle of Iwo Jima. One photo. One flag. 6,800 dead. The outcome of Battle of Iwo Jima reshaped borders, rulers, and the balance of power. Military academies and historians still analyze the tactics and decisions of Battle of Iwo Jima. Tone: dramatic, fast-paced, documentary style. 9:16 vertical.","February-March 1945 Pacific island battle. | Joe Rosenthal's flag raising photo iconic. | 27 Medals of Honor awarded. | 6,800 Americans killed taking 8 square miles. | Island used for emergency B-29 landings. | One photo. One flag. 6,800 dead. | The outcome of Battle of Iwo Jima reshaped borders, rulers, and the balance of power. | Military academies and historians still analyze the tactics and decisions of Battle of Iwo Jima. | Tone: dramatic, fast-paced, documentary style. 9:16 vertical. | Major battle in which the United States Marine Corps , United States Navy , and United States Army landed on and. | The American invasion, designated Operation Detachment, had the goal of capturing the island with its two airfields. | The Battle of Iwo Jima (硫黄島の戦い, Iōtō no Tatakai,or Iōjima no Tatakai.",/images/catalog/194-battle-of-iwo-jima.jpg,#IwoJima #WW2 #PacificWar #HistoryTok,"One photo. One flag. 6,800 dead. #IwoJima #WW2 #PacificWar #HistoryTok",Joe Rosenthal · Public domain,https://commons.wikimedia.org/wiki/File:Raising_the_Flag_on_Iwo_Jima%2C_larger_-_edit1.jpg
195,Bay of Pigs Invasion,CIA's worst day. CUBA won.,"Create a 30-second vertical history short about Bay of Pigs Invasion. Hook: CIA's worst day. CUBA won. Cover: Failed US-backed invasion April 1961 — a key part of the story of Bay of Pigs Invasion. 1,400 Cuban exiles landed in Cuba — a key part of the story of Bay of Pigs Invasion. Kennedy cancelled air support at last minute — a key part of the story of Bay of Pigs Invasion. Captured within 72 hours — a key part of the story of Bay of Pigs Invasion. Emboldened Castro and pushed him toward USSR — a key part of the story of Bay of Pigs Invasion. CIA's plan. 72 hours. Total failure. Civilians and soldiers alike bore the devastating human cost of Bay of Pigs Invasion. The consequences of Bay of Pigs Invasion echoed for generations after the fighting stopped. Tone: dramatic, fast-paced, documentary style. 9:16 vertical.","Failed US-backed invasion April 1961. | 1,400 Cuban exiles landed in Cuba. | Kennedy cancelled air support at last minute. | Captured within 72 hours. | Emboldened Castro and pushed him toward USSR. | CIA's plan. 72 hours. Total failure. | Civilians and soldiers alike bore the devastating human cost of Bay of Pigs Invasion. | The consequences of Bay of Pigs Invasion echoed for generations after the fighting stopped. | Tone: dramatic, fast-paced, documentary style. 9:16 vertical. | Total failure. #BayOfPigs #ColdWar #Cuba #HistoryTok CIA's worst day. | The Bay of Pigs Invasion, also known as Playa Girón in Cuba, after the beach where the battle took place, was a. | The operation took place at the height of the Cold War, and its failure influenced relations between Cuba, the.",/images/catalog/195-bay-of-pigs-invasion.jpg,#BayOfPigs #ColdWar #Cuba #HistoryTok,CIA's plan. 72 hours. Total failure. #BayOfPigs #ColdWar #Cuba #HistoryTok,Andrew95le · CC BY-SA 4.0,https://commons.wikimedia.org/wiki/File:Bay_of_Pigs.jpg
196,Suez Crisis 1956,Empire's last GASP.,"Create a 30-second vertical history short about Suez Crisis 1956. Hook: Empire's last GASP. Cover: Britain France Israel invaded Egypt over canal — a key part of the story of Suez Crisis 1956. US and USSR forced them to withdraw — a key part of the story of Suez Crisis 1956. Humiliated Britain and France globally — a key part of the story of Suez Crisis 1956. Nasser became Arab hero — a key part of the story of Suez Crisis 1956. Marked end of British imperial power — a key part of the story of Suez Crisis 1956. Britain's last imperial adventure. Failed. The events surrounding Suez Crisis 1956 reveal how quickly history can turn on a single decision. From classrooms to documentaries, Suez Crisis 1956 remains a staple of history storytelling. Tone: dramatic, fast-paced, documentary style. 9:16 vertical.","Britain France Israel invaded Egypt over canal. | US and USSR forced them to withdraw. | Humiliated Britain and France globally. | Marked end of British imperial power. | Britain's last imperial adventure. Failed. | Hook: Empire's last GASP. | Tone: dramatic, fast-paced, documentary style. 9:16 vertical. | Failed. #SuezCrisis #ColdWar #BritishEmpire #HistoryTok Empire's last GASP. | The Suez Crisis, also known as the second Arab–Israeli war, the Tripartite Aggression in the Arab world and the. | Israel invaded on 29 October, with the primary objective of re-opening the Straits of Tiran and the Gulf of Aqaba as. | After issuing a joint ultimatum for a ceasefire, the United Kingdom and France joined the Israelis on 31 October. | Shortly after the invasion began, the three countries came under heavy political pressure from both the United.",/images/catalog/196-suez-crisis-1956.webp,#SuezCrisis #ColdWar #BritishEmpire #HistoryTok,Britain's last imperial adventure. Failed. #SuezCrisis #ColdWar #BritishEmpire #HistoryTok,Fleet Air Arm official photographer · Public domain,https://commons.wikimedia.org/wiki/File:Port_Said_from_air.jpg
197,Arab-Israeli War 1948,One day. Forever WAR.,"Create a 30-second vertical history short about Arab-Israeli War 1948. Hook: One day. Forever WAR. Cover: Israel declared independence May 14 1948 — a key part of the story of Arab-Israeli War 1948. Arab states invaded next day — a key part of the story of Arab-Israeli War 1948. 700,000 Palestinians displaced Nakba — a key part of the story of Arab-Israeli War 1948. Israel survived and expanded territory — a key part of the story of Arab-Israeli War 1948. Conflict unresolved 75+ years later — a key part of the story of Arab-Israeli War 1948. One declaration. 75 years of war. Civilians and soldiers alike bore the devastating human cost of Arab-Israeli War 1948. The consequences of Arab-Israeli War 1948 echoed for generations after the fighting stopped. Tone: dramatic, fast-paced, documentary style. 9:16 vertical.","Israel declared independence May 14 1948. | Arab states invaded next day. | 700,000 Palestinians displaced Nakba. | Israel survived and expanded territory. | Conflict unresolved 75+ years later. | One declaration. 75 years of war. | Civilians and soldiers alike bore the devastating human cost of Arab-Israeli War 1948. | The consequences of Arab-Israeli War 1948 echoed for generations after the fighting stopped. | Tone: dramatic, fast-paced, documentary style. 9:16 vertical. | The 1948 Arab–Israeli War, also known as the First Arab–Israeli War, followed the civil war in Mandatory Palestine. | The civil war became a war of separate states with the Israeli Declaration of Independence on 14 May 1948, the end. | The war formally ended with the 1949 Armistice Agreements which established the Green Line.",/images/catalog/197-arab-israeli-war-1948.jpg,#1948War #MiddleEast #Israel #HistoryTok,One declaration. 75 years of war. #1948War #MiddleEast #Israel #HistoryTok,Benno Rothenberg · CC BY 4.0,https://commons.wikimedia.org/wiki/File:Tel_Aviv-Yafo_%28997008136796005171%29.jpg
198,Second Sino-Japanese War,"Rape of Nanking. 300,000 DEAD.","Create a 30-second vertical history short about Second Sino-Japanese War. Hook: Rape of Nanking. 300,000 DEAD. Cover: Japan invaded China 1937 full-scale war — a key part of the story of Second Sino-Japanese War. Nanking Massacre December 1937 300,000 killed — a key part of the story of Second Sino-Japanese War. Merged into Pacific theater of WWII — a key part of the story of Second Sino-Japanese War. Estimated 15-20 million Chinese deaths total — a key part of the story of Second Sino-Japanese War. War crimes trials held after 1945 — a key part of the story of Second Sino-Japanese War. 300,000 in six weeks. History's darkest chapter. Civilians and soldiers alike bore the devastating human cost of Second Sino-Japanese War. The consequences of Second Sino-Japanese War echoed for generations after the fighting stopped. Tone: dramatic, fast-paced, documentary style. 9:16 vertical.","Japan invaded China 1937 full-scale war. | Nanking Massacre December 1937 300,000 killed. | Merged into Pacific theater of WWII. | Estimated 15-20 million Chinese deaths total. | War crimes trials held after 1945. | 300,000 in six weeks. History's darkest chapter. | Civilians and soldiers alike bore the devastating human cost of Second Sino-Japanese War. | The consequences of Second Sino-Japanese War echoed for generations after the fighting stopped. | Hook: Rape of Nanking. 300,000 DEAD. | Tone: dramatic, fast-paced, documentary style. 9:16 vertical. 300,000 in six weeks. | History's darkest chapter. #SinoJapaneseWar #WW2 #China #HistoryTok Rape of Nanking. 300,000 DEAD. | The Second Sino-Japanese War, known in China as the War of Resistance Against Japan, was fought between the Republic.",/images/catalog/198-second-sino-japanese-war.jpg,#SinoJapaneseWar #WW2 #China #HistoryTok,"300,000 in six weeks. History's darkest chapter. #SinoJapaneseWar #WW2 #China #HistoryTok","Unknown photographer, Ministry of the Navy · Public domain",https://commons.wikimedia.org/wiki/File:Japanese_Special_Naval_Landing_Forces_in_Battle_of_Shanghai_1937.jpg
199,Nanking Massacre,"Six weeks. 300,000 DEAD.","Create a 30-second vertical history short about Nanking Massacre. Hook: Six weeks. 300,000 DEAD. Cover: Japanese troops captured Nanking December 1937 — a key part of the story of Nanking Massacre. Six-week orgy of killing rape and looting — a key part of the story of Nanking Massacre. Estimated 200,000-300,000 civilians murdered — a key part of the story of Nanking Massacre. International Safety Zone saved some lives — a key part of the story of Nanking Massacre. Denial and debate continue today — a key part of the story of Nanking Massacre. 300,000 dead in six weeks. Never forget. The events surrounding Nanking Massacre reveal how quickly history can turn on a single decision. From classrooms to documentaries, Nanking Massacre remains a staple of history storytelling. Tone: dramatic, fast-paced, documentary style. 9:16 vertical.","Japanese troops captured Nanking December 1937. | Six-week orgy of killing rape and looting. | Estimated 200,000-300,000 civilians murdered. | International Safety Zone saved some lives. | Denial and debate continue today. | 300,000 dead in six weeks. Never forget. | Tone: dramatic, fast-paced, documentary style. 9:16 vertical. 300,000 dead in six weeks. | The Nanjing Massacre or the Rape of Nanjing was the mass rape and murder, between December 1937 and March 1938, of. | It took place immediately after the Battle of Nanjing and retreat of the National Revolutionary Army during the. | After the outbreak of the war in July 1937, the Japanese had pushed quickly through China after capturing Shanghai. | As the Japanese marched on Nanjing, they committed violent atrocities in a terror campaign, including killing. | By early December, the Japanese Central China Area Army under the command of General Iwane Matsui reached the.",/images/catalog/199-nanking-massacre.jpg,#Nanking #WW2 #WarCrimes #HistoryMatters,"300,000 dead in six weeks. Never forget. #Nanking #WW2 #WarCrimes #HistoryMatters","Originally Moriyasu Murase, 村瀬守保 · Public domain",https://commons.wikimedia.org/wiki/File:Nanking_bodies_1937.jpg
200,Battle of Waterloo,One day. Napoleon FINISHED.,"Create a 30-second vertical history short about Battle of Waterloo. Hook: One day. Napoleon FINISHED. Cover: Fought June 18 1815 in Belgium — a key part of the story of Battle of Waterloo. Wellington and Blucher defeated Napoleon — a key part of the story of Battle of Waterloo. Napoleon's final defeat after return from Elba — a key part of the story of Battle of Waterloo. Ended Napoleonic Wars in Europe — a key part of the story of Battle of Waterloo. Redrew European map at Congress of Vienna — a key part of the story of Battle of Waterloo. One battle. One emperor. Finished. The outcome of Battle of Waterloo reshaped borders, rulers, and the balance of power. Military academies and historians still analyze the tactics and decisions of Battle of Waterloo. Tone: dramatic, fast-paced, documentary style. 9:16 vertical.","Fought June 18 1815 in Belgium. | Wellington and Blucher defeated Napoleon. | Napoleon's final defeat after return from Elba. | Ended Napoleonic Wars in Europe. | Redrew European map at Congress of Vienna. | One battle. One emperor. Finished. | The outcome of Battle of Waterloo reshaped borders, rulers, and the balance of power. | Military academies and historians still analyze the tactics and decisions of Battle of Waterloo. | Tone: dramatic, fast-paced, documentary style. 9:16 vertical. | Finished. #Waterloo #Napoleon #MilitaryHistory #HistoryTok One day. | The Battle of Waterloo was fought on Sunday 18 June 1815, near Waterloo, being the last engagement with Napoleon I. | The French Imperial Army under the command of Napoleon I was defeated by two armies of the Seventh Coalition.",/images/catalog/200-battle-of-waterloo.png,#Waterloo #Napoleon #MilitaryHistory #HistoryTok,One battle. One emperor. Finished. #Waterloo #Napoleon #MilitaryHistory #HistoryTok,William Sadler · Public domain,https://commons.wikimedia.org/wiki/File:Battle_of_Waterloo_1815.PNG
201,Battle of Gettysburg,3 days. Turning point.,"Create a 30-second vertical history short about Battle of Gettysburg. Hook: 3 days. Turning point. Cover: Fought July 1-3 1863 in Pennsylvania — a key part of the story of Battle of Gettysburg. Bloodiest battle of American Civil War — a key part of the story of Battle of Gettysburg. Pickett's Charge failed on day three — a key part of the story of Battle of Gettysburg. 51,000 casualties in three days — a key part of the story of Battle of Gettysburg. Lincoln's Address four months later — a key part of the story of Battle of Gettysburg. Three days. 51,000 casualties. Union saved. The outcome of Battle of Gettysburg reshaped borders, rulers, and the balance of power. Military academies and historians still analyze the tactics and decisions of Battle of Gettysburg. Tone: dramatic, fast-paced, documentary style. 9:16 vertical.","Fought July 1-3 1863 in Pennsylvania. | Bloodiest battle of American Civil War. | Pickett's Charge failed on day three. | 51,000 casualties in three days. | Lincoln's Address four months later. | The outcome of Battle of Gettysburg reshaped borders, rulers, and the balance of power. | Military academies and historians still analyze the tactics and decisions of Battle of Gettysburg. | Tone: dramatic, fast-paced, documentary style. 9:16 vertical. | Union saved. #Gettysburg #CivilWar #AmericanHistory #HistoryTok 3 days. | The Battle of Gettysburg was fought in the American Civil War between the Union and Confederate armies in and around. | The battle, won by the Union, is widely considered the Civil War's turning point, leading to an ultimate victory of. | Bloodiest battle of both the Civil War and of any battle in American military history up to that time, claiming over.",/images/catalog/201-battle-of-gettysburg.jpg,#Gettysburg #CivilWar #AmericanHistory #HistoryTok,"Three days. 51,000 casualties. Union saved. #Gettysburg #CivilWar #AmericanHistory #HistoryTok",Thure de Thulstrup / Adam Cuerden · Public domain,https://commons.wikimedia.org/wiki/File:Thure_de_Thulstrup_-_L._Prang_and_Co._-_Battle_of_Gettysburg_-_Restoration_by_Adam_Cuerden_%28cropped%29.jpg
202,Normandy Breakout,Liberation of FRANCE.,"Create a 30-second vertical history short about Normandy Breakout. Hook: Liberation of FRANCE. Cover: Allied breakout from Normandy July-August 1944 — a key part of the story of Normandy Breakout. Operation Cobra punched through German lines — a key part of the story of Normandy Breakout. Paris liberated August 25 1944 — a key part of the story of Normandy Breakout. Falaise Pocket trapped German army — a key part of the story of Normandy Breakout. Opened road to Germany — a key part of the story of Normandy Breakout. From beachhead to Paris in weeks. The events surrounding Normandy Breakout reveal how quickly history can turn on a single decision. From classrooms to documentaries, Normandy Breakout remains a staple of history storytelling. Tone: dramatic, fast-paced, documentary style. 9:16 vertical.","Allied breakout from Normandy July-August 1944. | Operation Cobra punched through German lines. | Paris liberated August 25 1944. | Falaise Pocket trapped German army. | From beachhead to Paris in weeks. | Hook: Liberation of FRANCE. | Tone: dramatic, fast-paced, documentary style. 9:16 vertical. | Operation Overlord was the codename for the Battle of Normandy, the Allied operation that launched the successful. | The operation was launched on 6 June 1944 with the Normandy landings. | A 1,200-plane airborne assault preceded an amphibious assault involving more than 5,000 vessels. | Nearly 160,000 troops crossed the English Channel on 6 June, and more than two million Allied troops were in France. | The decision to undertake cross-channel landings in 1944 was made at the Trident Conference in Washington in May 1943.",/images/catalog/202-normandy-breakout.jpg,#Normandy #WW2 #Liberation #HistoryTok,From beachhead to Paris in weeks. #Normandy #WW2 #Liberation #HistoryTok,The original uploader was MIckStephenson at English Wikipedia . · Public domain,https://commons.wikimedia.org/wiki/File:NormandySupply_edit.jpg
203,Dien Bien Phu,France's last stand in ASIA.,"Create a 30-second vertical history short about Dien Bien Phu. Hook: France's last stand in ASIA. Cover: Viet Minh besieged French base 1954 — a key part of the story of Dien Bien Phu. Giap's forces defeated French after 57 days — a key part of the story of Dien Bien Phu. Ended French colonial rule in Indochina — a key part of the story of Dien Bien Phu. Led to division of Vietnam — a key part of the story of Dien Bien Phu. Foreshadowed American involvement — a key part of the story of Dien Bien Phu. France's last stand. America watched. The events surrounding Dien Bien Phu reveal how quickly history can turn on a single decision. From classrooms to documentaries, Dien Bien Phu remains a staple of history storytelling. Tone: dramatic, fast-paced, documentary style. 9:16 vertical.","Viet Minh besieged French base 1954. | Giap's forces defeated French after 57 days. | Ended French colonial rule in Indochina. | Led to division of Vietnam. | Foreshadowed American involvement. | France's last stand. America watched. | Hook: France's last stand in ASIA. | Tone: dramatic, fast-paced, documentary style. 9:16 vertical. | The Battle of Điện Biên Phủ was a defeat of the French Union forces by the Viet Minh forces in the First Indochina. | It took place between 13 March and 7 May 1954. | Điện Biên Phủ is a city in the northwestern region of Vietnam. | The French began an operation to insert, and support, their soldiers at Điện Biên Phủ, deep in the autonomous Tai.",/images/catalog/203-dien-bien-phu.jpg,#DienBienPhu #Vietnam #Colonialism #HistoryTok,France's last stand. America watched. #DienBienPhu #Vietnam #Colonialism #HistoryTok,Vietnam People's Army · Public domain,https://commons.wikimedia.org/wiki/File:Victory_in_Battle_of_Dien_Bien_Phu.jpg
204,Algerian War of Independence,1 million dead. France LEFT.,"Create a 30-second vertical history short about Algerian War of Independence. Hook: 1 million dead. France LEFT. Cover: FLN fought France 1954-1962 — a key part of the story of Algerian War of Independence. Brutal guerrilla war and torture used — a key part of the story of Algerian War of Independence. Estimated 1 million Algerians died — a key part of the story of Algerian War of Independence. Charles de Gaulle granted independence 1962 — a key part of the story of Algerian War of Independence. Model for anti-colonial struggles — a key part of the story of Algerian War of Independence. 1 million dead. Freedom won. Civilians and soldiers alike bore the devastating human cost of Algerian War of Independence. The consequences of Algerian War of Independence echoed for generations after the fighting stopped. Tone: dramatic, fast-paced, documentary style. 9:16 vertical.","FLN fought France 1954-1962. | Brutal guerrilla war and torture used. | Estimated 1 million Algerians died. | Charles de Gaulle granted independence 1962. | Model for anti-colonial struggles. | 1 million dead. Freedom won. | Civilians and soldiers alike bore the devastating human cost of Algerian War of Independence. | The consequences of Algerian War of Independence echoed for generations after the fighting stopped. | Tone: dramatic, fast-paced, documentary style. 9:16 vertical. 1 million dead. | The Algerian War, also known as the Algerian Revolution, the Franco-Algerian War, or the Algerian War of. | An important decolonization war, it was a complex conflict characterized by guerrilla warfare and war crimes. | The conflict also became a civil war between the different communities and within the communities.",/images/catalog/204-algerian-war-of-independence.jpg,#Algeria #Independence #Colonialism #HistoryTok,1 million dead. Freedom won. #Algeria #Independence #Colonialism #HistoryTok,Zdravko Pečar · CC BY-SA 4.0,https://commons.wikimedia.org/wiki/File:National_Liberation_Army_Soldiers_%287%29.jpg
205,Mau Mau Uprising,Britain's secret TORTURE.,"Create a 30-second vertical history short about Mau Mau Uprising. Hook: Britain's secret TORTURE. Cover: Kenyan rebellion against British rule 1952-1960 — a key part of the story of Mau Mau Uprising. Kikuyu people fought for land and freedom — a key part of the story of Mau Mau Uprising. British used detention camps and torture — a key part of the story of Mau Mau Uprising. Documents declassified revealed atrocities — a key part of the story of Mau Mau Uprising. Kenya independent 1963 — a key part of the story of Mau Mau Uprising. Britain's secret torture camps. Finally exposed. Civilians and soldiers alike bore the devastating human cost of Mau Mau Uprising. The consequences of Mau Mau Uprising echoed for generations after the fighting stopped. Tone: dramatic, fast-paced, documentary style. 9:16 vertical.","Kenyan rebellion against British rule 1952-1960. | Kikuyu people fought for land and freedom. | British used detention camps and torture. | Documents declassified revealed atrocities. | Britain's secret torture camps. Finally exposed. | Civilians and soldiers alike bore the devastating human cost of Mau Mau Uprising. | The consequences of Mau Mau Uprising echoed for generations after the fighting stopped. | Hook: Britain's secret TORTURE. | Tone: dramatic, fast-paced, documentary style. 9:16 vertical. | The Mau Mau rebellion , also known as the Mau Mau uprising or Kenya Emergency, was an armed conflict in the British. | While the KLFA was primarily composed of Kikuyu, Meru, and Embu fighters, the movement also drew support from units. | Groups such as the Luo and Kalenjin – who had led significant earlier resistance movements against colonial.",/images/catalog/205-mau-mau-uprising.jpg,#MauMau #Kenya #Colonialism #HistoryTok,Britain's secret torture camps. Finally exposed. #MauMau #Kenya #Colonialism #HistoryTok,Ministry of Defence POST-1945 OFFICIAL COLLECTION · Public domain,https://commons.wikimedia.org/wiki/File:KAR_Mau_Mau.jpg
206,Biafran War,Starvation as WEAPON.,"Create a 30-second vertical history short about Biafran War. Hook: Starvation as WEAPON. Cover: Nigerian civil war 1967-1970 — a key part of the story of Biafran War. Biafra seceded over ethnic tensions — a key part of the story of Biafran War. Blockade caused mass starvation — a key part of the story of Biafran War. Images of starving children shocked world — a key part of the story of Biafran War. Created modern humanitarian aid movement — a key part of the story of Biafran War. Starvation used as a weapon. World watched. Civilians and soldiers alike bore the devastating human cost of Biafran War. The consequences of Biafran War echoed for generations after the fighting stopped. Tone: dramatic, fast-paced, documentary style. 9:16 vertical.","Nigerian civil war 1967-1970. | Biafra seceded over ethnic tensions. | Blockade caused mass starvation. | Images of starving children shocked world. | Created modern humanitarian aid movement. | Starvation used as a weapon. World watched. | Civilians and soldiers alike bore the devastating human cost of Biafran War. | The consequences of Biafran War echoed for generations after the fighting stopped. | Hook: Starvation as WEAPON. | Tone: dramatic, fast-paced, documentary style. 9:16 vertical. | World watched. #Biafra #Nigeria #CivilWar #HistoryTok Starvation as WEAPON. | The Nigerian Civil War, also known as the Biafran War, Nigeria–Biafra War, or Biafra War, was an armed conflict.",/images/catalog/206-biafran-war.jpg,#Biafra #Nigeria #CivilWar #HistoryTok,Starvation used as a weapon. World watched. #Biafra #Nigeria #CivilWar #HistoryTok,Godwin Alabi-Isama · CC BY-SA 4.0,https://commons.wikimedia.org/wiki/File:Godwin_Alabi-Isama1.jpg
207,Partition of Poland,Three empires. One country GONE.,"Create a 30-second vertical history short about Partition of Poland. Hook: Three empires. One country GONE. Cover: Poland divided 1772 1793 1795 — a key part of the story of Partition of Poland. Russia Prussia Austria carved it up — a key part of the story of Partition of Poland. Poland disappeared from map for 123 years — a key part of the story of Partition of Poland. Polish culture survived underground — a key part of the story of Partition of Poland. Restored after WWI then invaded again 1939 — a key part of the story of Partition of Poland. A nation erased from the map. The events surrounding Partition of Poland reveal how quickly history can turn on a single decision. From classrooms to documentaries, Partition of Poland remains a staple of history storytelling. Tone: dramatic, fast-paced, documentary style. 9:16 vertical.","Poland divided 1772 1793 1795. | Russia Prussia Austria carved it up. | Poland disappeared from map for 123 years. | Polish culture survived underground. | Restored after WWI then invaded again 1939. | A nation erased from the map. | Tone: dramatic, fast-paced, documentary style. 9:16 vertical. | The Partitions of Poland were three partitions of the Polish–Lithuanian Commonwealth that took place between 1772. | The partitions ended the existence of the state, resulting in the elimination of sovereign Poland and Lithuania for. | The partitions were conducted by the Habsburg monarchy, the Kingdom of Prussia, and the Russian Empire, which. | The First Partition of Poland took place in 1772 as the first of three partitions that eventually ended the. | The First Partition was decided on 5 August 1772, after the Bar Confederation lost the war with Russia.",/images/catalog/207-partition-of-poland.png,#Poland #EuropeanHistory #Empire #HistoryTok,A nation erased from the map. #Poland #EuropeanHistory #Empire #HistoryTok,Rzeczpospolita_Rozbiory_3.png : Halibutt derivative work: Sneecs ( talk… · CC BY-SA 3.0,https://commons.wikimedia.org/wiki/File:Partitions_of_Poland.png
208,Easter Rising 1916,Dublin. 6 days. IRELAND changed.,"Create a 30-second vertical history short about Easter Rising 1916. Hook: Dublin. 6 days. IRELAND changed. Cover: Irish republicans seized Dublin April 1916 — a key part of the story of Easter Rising 1916. Held out six days against British forces — a key part of the story of Easter Rising 1916. Leaders executed including Padraig Pearse — a key part of the story of Easter Rising 1916. Executions turned public opinion to independence — a key part of the story of Easter Rising 1916. Led to Irish Free State 1922 — a key part of the story of Easter Rising 1916. Six days. Executions. A nation born. The events surrounding Easter Rising 1916 reveal how quickly history can turn on a single decision. From classrooms to documentaries, Easter Rising 1916 remains a staple of history storytelling. Tone: dramatic, fast-paced, documentary style. 9:16 vertical.","Irish republicans seized Dublin April 1916. | Held out six days against British forces. | Leaders executed including Padraig Pearse. | Executions turned public opinion to independence. | Led to Irish Free State 1922. | Six days. Executions. A nation born. | Tone: dramatic, fast-paced, documentary style. 9:16 vertical. | A nation born. #EasterRising #Ireland #Revolution #HistoryTok Dublin. 6 days. | The Easter Rising, also known as the Easter Rebellion, was an armed insurrection in Ireland during Easter Week in. | The Rising was launched by Irish republicans against British rule in Ireland with the aim of establishing an. | It was the most significant uprising in Ireland since the rebellion of 1798 and the first armed conflict of the. | Sixteen of the Rising's leaders were executed starting in May 1916.",/images/catalog/208-easter-rising-1916.jpg,#EasterRising #Ireland #Revolution #HistoryTok,Six days. Executions. A nation born. #EasterRising #Ireland #Revolution #HistoryTok,"Keogh Brothers Ltd., photographers [1] · No restrictions",https://commons.wikimedia.org/wiki/File:The_shell_of_the_G.P.O._on_Sackville_Street_after_the_Easter_Rising_%286937669789%29.jpg
209,Irish War of Independence,Guerrilla war. Empire BROKE.,"Create a 30-second vertical history short about Irish War of Independence. Hook: Guerrilla war. Empire BROKE. Cover: 1919-1921 IRA vs British forces — a key part of the story of Irish War of Independence. Michael Collins led guerrilla campaign — a key part of the story of Irish War of Independence. Black and Tans terrorized civilians — a key part of the story of Irish War of Independence. Anglo-Irish Treaty 1921 partitioned island — a key part of the story of Irish War of Independence. Civil war followed over treaty terms — a key part of the story of Irish War of Independence. Guerrilla war broke an empire. Civilians and soldiers alike bore the devastating human cost of Irish War of Independence. The consequences of Irish War of Independence echoed for generations after the fighting stopped. Tone: dramatic, fast-paced, documentary style. 9:16 vertical.","1919-1921 IRA vs British forces. | Michael Collins led guerrilla campaign. | Black and Tans terrorized civilians. | Anglo-Irish Treaty 1921 partitioned island. | Civil war followed over treaty terms. | Guerrilla war broke an empire. | Civilians and soldiers alike bore the devastating human cost of Irish War of Independence. | The consequences of Irish War of Independence echoed for generations after the fighting stopped. | Tone: dramatic, fast-paced, documentary style. 9:16 vertical. | The Irish War of Independence, also known as the Anglo-Irish War, was a guerrilla war fought in Ireland from 1919 to. | It was part of the Irish revolutionary period. | In April 1916, Irish republicans launched the Easter Rising against British rule and proclaimed an Irish Republic.",/images/catalog/209-irish-war-of-independence.gif,#IrishIndependence #Ireland #Revolution #HistoryTok,Guerrilla war broke an empire. #IrishIndependence #Ireland #Revolution #HistoryTok,Unknown author Unknown author · Public domain,https://commons.wikimedia.org/wiki/File:Hogan%27s_Flying_Column.gif
210,Good Friday Agreement,Peace after 30 YEARS.,"Create a 30-second vertical history short about Good Friday Agreement. Hook: Peace after 30 YEARS. Cover: Signed April 10 1998 Northern Ireland — a key part of the story of Good Friday Agreement. Ended decades of Troubles violence — a key part of the story of Good Friday Agreement. Power-sharing between unionists and nationalists — a key part of the story of Good Friday Agreement. Referendums passed in both Irelands — a key part of the story of Good Friday Agreement. Still fragile but holding — a key part of the story of Good Friday Agreement. 30 years of terror. One agreement. Peace. The events surrounding Good Friday Agreement reveal how quickly history can turn on a single decision. From classrooms to documentaries, Good Friday Agreement remains a staple of history storytelling. Tone: dramatic, fast-paced, documentary style. 9:16 vertical.","Signed April 10 1998 Northern Ireland. | Ended decades of Troubles violence. | Power-sharing between unionists and nationalists. | Referendums passed in both Irelands. | Still fragile but holding. | 30 years of terror. One agreement. Peace. | Hook: Peace after 30 YEARS. | Tone: dramatic, fast-paced, documentary style. 9:16 vertical. 30 years of terror. | Peace. #GoodFriday #NorthernIreland #Peace #HistoryTok Peace after 30 YEARS. | The Good Friday Agreement or Belfast Agreement is a pair of agreements signed on 10 April 1998 that ended most of. | It was a major development in the Northern Ireland peace process of the 1990s. | It is made up of the Multi-Party Agreement between most of Northern Ireland's political parties, and the.",/images/catalog/210-good-friday-agreement.jpg,#GoodFriday #NorthernIreland #Peace #HistoryTok,30 years of terror. One agreement. Peace. #GoodFriday #NorthernIreland #Peace #HistoryTok,Northern Ireland Office · OGL 3,https://commons.wikimedia.org/wiki/File:Mo_Mowlam_official_portrait_2.jpg
211,Amritsar Massacre,379 killed. Empire EXPOSED.,"Create a 30-second vertical history short about Amritsar Massacre. Hook: 379 killed. Empire EXPOSED. Cover: British troops fired on crowd April 13 1919. Unarmed Indians gathered in Jallianwala Bagh — a key part of the story of Amritsar Massacre. 379 killed over 1,200 wounded — a key part of the story of Amritsar Massacre. General Dyer ordered firing without warning — a key part of the story of Amritsar Massacre. Turning point in Indian independence movement — a key part of the story of Amritsar Massacre. 379 unarmed. One order. Empire doomed. The events surrounding Amritsar Massacre reveal how quickly history can turn on a single decision. From classrooms to documentaries, Amritsar Massacre remains a staple of history storytelling. Tone: dramatic, fast-paced, documentary style. 9:16 vertical.","British troops fired on crowd April 13 1919. | Unarmed Indians gathered in Jallianwala Bagh. | 379 killed over 1,200 wounded. | General Dyer ordered firing without warning. | Turning point in Indian independence movement. | 379 unarmed. One order. Empire doomed. | Tone: dramatic, fast-paced, documentary style. 9:16 vertical. 379 unarmed. | Empire doomed. #Amritsar #IndianHistory #BritishEmpire #HistoryTok 379 killed. | The Jallianwala Bagh massacre, also known as the Amritsar massacre, took place on 13 April 1919. | A large crowd had gathered at the Jallianwala Bagh in Amritsar, Punjab, British India, during the annual Baisakhi. | In response to the public gathering, Brigadier-General Reginald Dyer surrounded the people with Gurkhas of Nepalese. | The Jallianwala Bagh could only be exited on one side, as its other three sides were enclosed by buildings.",/images/catalog/211-amritsar-massacre.jpg,#Amritsar #IndianHistory #BritishEmpire #HistoryTok,379 unarmed. One order. Empire doomed. #Amritsar #IndianHistory #BritishEmpire #HistoryTok,Amitoj911 · Public domain,https://commons.wikimedia.org/wiki/File:Jallianwala_Bagh.jpg
212,Salt March,One man. One SALT.,"Create a 30-second vertical history short about Salt March. Hook: One man. One SALT. Cover: Gandhi marched 240 miles to sea March 1930. Protested British salt monopoly and tax — a key part of the story of Salt March. Thousands joined making salt illegally — a key part of the story of Salt March. Nonviolent civil disobedience at its peak — a key part of the story of Salt March. Global symbol of resistance to empire — a key part of the story of Salt March. 240 miles for salt. Changed a nation. The events surrounding Salt March reveal how quickly history can turn on a single decision. From classrooms to documentaries, Salt March remains a staple of history storytelling. Tone: dramatic, fast-paced, documentary style. 9:16 vertical.","Gandhi marched 240 miles to sea March 1930. | Protested British salt monopoly and tax. | Thousands joined making salt illegally. | Nonviolent civil disobedience at its peak. | Global symbol of resistance to empire. | 240 miles for salt. Changed a nation. | Tone: dramatic, fast-paced, documentary style. 9:16 vertical. 240 miles for salt. | Changed a nation. #SaltMarch #Gandhi #IndianHistory #HistoryTok One man. | The Salt March, also known as the Salt Satyagraha, Dandi March, and the Dandi Satyagraha, was an act of nonviolent. | The 24-day march lasted from 12 March 1930 to 6 April 1930 as a direct action campaign of tax resistance and. | Another reason for this march was that the Civil Disobedience Movement needed a strong inauguration that would. | Gandhi started this march with 78 of his trusted volunteers.",/images/catalog/212-salt-march.jpg,#SaltMarch #Gandhi #IndianHistory #HistoryTok,240 miles for salt. Changed a nation. #SaltMarch #Gandhi #IndianHistory #HistoryTok,Unknown author Unknown author · Public domain,https://commons.wikimedia.org/wiki/File:Salt_March.jpg
213,Quit India Movement,Do or DIE.,"Create a 30-second vertical history short about Quit India Movement. Hook: Do or DIE. Cover: Gandhi launched August 1942 during WWII — a key part of the story of Quit India Movement. Demand immediate British withdrawal — a key part of the story of Quit India Movement. Mass arrests including all Congress leaders — a key part of the story of Quit India Movement. Underground resistance continued — a key part of the story of Quit India Movement. Accelerated path to independence 1947 — a key part of the story of Quit India Movement. Do or die. India did. The events surrounding Quit India Movement reveal how quickly history can turn on a single decision. From classrooms to documentaries, Quit India Movement remains a staple of history storytelling. Tone: dramatic, fast-paced, documentary style. 9:16 vertical.","Gandhi launched August 1942 during WWII. | Demand immediate British withdrawal. | Mass arrests including all Congress leaders. | Underground resistance continued. | Accelerated path to independence 1947. | Tone: dramatic, fast-paced, documentary style. 9:16 vertical. | India did. #QuitIndia #Gandhi #IndianHistory #HistoryTok Do or DIE. | Political campaign launched at the Bombay session of the All India Congress Committee by Mahatma Gandhi on 8 August. | After Britain failed to secure Indian support for the British war effort with the Cripps Mission, Gandhi made a call. | Viceroy Linlithgow described the movement as ""by far the most serious rebellion since 1857"". | The All India Congress Committee launched a mass protest demanding what Gandhi called ""An Orderly British. | Even though it was at war, Britain was prepared to act.",/images/catalog/213-quit-india-movement.png,#QuitIndia #Gandhi #IndianHistory #HistoryTok,Do or die. India did. #QuitIndia #Gandhi #IndianHistory #HistoryTok,Unknown author Unknown author · CC0,https://commons.wikimedia.org/wiki/File:Quit_india_Movement_Collage.png
214,Bangladesh Liberation War,3 million dead. One NATION born.,"Create a 30-second vertical history short about Bangladesh Liberation War. Hook: 3 million dead. One NATION born. Cover: East Pakistan fought West Pakistan 1971 — a key part of the story of Bangladesh Liberation War. Estimated 3 million killed in genocide — a key part of the story of Bangladesh Liberation War. India intervened and Bangladesh born December 1971 — a key part of the story of Bangladesh Liberation War. War crimes trials continue today — a key part of the story of Bangladesh Liberation War. Created eighth most populous nation — a key part of the story of Bangladesh Liberation War. 3 million dead. One nation born. Civilians and soldiers alike bore the devastating human cost of Bangladesh Liberation War. The consequences of Bangladesh Liberation War echoed for generations after the fighting stopped. Tone: dramatic, fast-paced, documentary style. 9:16 vertical.","East Pakistan fought West Pakistan 1971. | Estimated 3 million killed in genocide. | India intervened and Bangladesh born December 1971. | War crimes trials continue today. | Created eighth most populous nation. | 3 million dead. One nation born. | Civilians and soldiers alike bore the devastating human cost of Bangladesh Liberation War. | The consequences of Bangladesh Liberation War echoed for generations after the fighting stopped. | Tone: dramatic, fast-paced, documentary style. 9:16 vertical. 3 million dead. | The Bangladesh Liberation War, also known as the Bangladesh War of Independence, was an armed conflict sparked by. | The war began when the Pakistani military junta based in West Pakistan—under the orders of Yahya Khan—launched. | In response to the violence, members of the Mukti Bahini—a guerrilla resistance movement formed by Bengali military.",/images/catalog/214-bangladesh-liberation-war.jpg,#Bangladesh #Independence #SouthAsia #HistoryTok,3 million dead. One nation born. #Bangladesh #Independence #SouthAsia #HistoryTok,ExcelD24 · CC BY-SA 3.0,https://commons.wikimedia.org/wiki/File:BangladeshLiberationWarMontage.jpg
215,Partition of Bengal,Lines drawn. Millions DISPLACED.,"Create a 30-second vertical history short about Partition of Bengal. Hook: Lines drawn. Millions DISPLACED. Cover: British partitioned Bengal 1905 and 1947 — a key part of the story of Partition of Bengal. 1947 partition split India and Pakistan — a key part of the story of Partition of Bengal. 10-20 million displaced largest migration ever — a key part of the story of Partition of Bengal. 1-2 million killed in communal violence — a key part of the story of Partition of Bengal. Borders still cause tension today — a key part of the story of Partition of Bengal. Lines on a map. Millions displaced. The events surrounding Partition of Bengal reveal how quickly history can turn on a single decision. From classrooms to documentaries, Partition of Bengal remains a staple of history storytelling. Tone: dramatic, fast-paced, documentary style. 9:16 vertical.","British partitioned Bengal 1905 and 1947. | 1947 partition split India and Pakistan. | 10-20 million displaced largest migration ever. | 1-2 million killed in communal violence. | Borders still cause tension today. | Lines on a map. Millions displaced. | Tone: dramatic, fast-paced, documentary style. 9:16 vertical. | Millions displaced. #Partition #SouthAsia #Independence #HistoryTok Lines drawn. | The Partition of Bengal in 1905, also known as the First Partition of Bengal, was a territorial reorganization of. | Announced on 16 October 1905 by Lord Curzon, then Viceroy of India, the reorganization separated the largely Muslim. | The reorganization was undone a mere six years later. | The Partition was undertaken primarily for administration purposes but in fact was treated as a divide and rule.",/images/catalog/215-partition-of-bengal.jpg,#Partition #SouthAsia #Independence #HistoryTok,Lines on a map. Millions displaced. #Partition #SouthAsia #Independence #HistoryTok,Central Intelligence Agency · Public domain,https://commons.wikimedia.org/wiki/File:Bengal_and_Assam_and_Adjacent_Areas_Distribution_of_Largest_Communities%2C_1941_-_DPLA_-_af612dac66b1506026a205366cc5a557.jpg
216,Cuban Missile Crisis,13 days. Nuclear WAR close.,"Create a 30-second vertical history short about Cuban Missile Crisis. Hook: 13 days. Nuclear WAR close. Cover: US discovered Soviet missiles in Cuba October 1962. 13-day standoff brought world to nuclear brink — a key part of the story of Cuban Missile Crisis. Kennedy blockaded Cuba — a key part of the story of Cuban Missile Crisis. Khrushchev agreed to remove missiles — a key part of the story of Cuban Missile Crisis. Closest humanity came to nuclear war — a key part of the story of Cuban Missile Crisis. 13 days from nuclear annihilation. The events surrounding Cuban Missile Crisis reveal how quickly history can turn on a single decision. From classrooms to documentaries, Cuban Missile Crisis remains a staple of history storytelling. Tone: dramatic, fast-paced, documentary style. 9:16 vertical.","US discovered Soviet missiles in Cuba October 1962. | 13-day standoff brought world to nuclear brink. | Khrushchev agreed to remove missiles. | Closest humanity came to nuclear war. | 13 days from nuclear annihilation. | The Cuban Missile Crisis, also known as the October Crisis in Cuba, or the Caribbean Crisis, was a 13-day. | The crisis lasted from 16 to 28 October 1962. | The confrontation is widely considered the closest the Cold War came to escalating into full-scale nuclear war. | In 1959, the US government deployed Thor nuclear missiles in England, an initiative known as Project Emily. | In 1961 the US put Jupiter nuclear missiles in Italy and Turkey. | All were within range of Moscow. | The US had also trained a paramilitary force of Cuban expatriates, for a CIA-led attempt to invade Cuba and.",/images/catalog/216-cuban-missile-crisis.jpg,#CubanMissileCrisis #ColdWar #NuclearHistory #HistoryTok,13 days from nuclear annihilation. #CubanMissileCrisis #ColdWar #NuclearHistory #HistoryTok,USAF · Public domain,https://commons.wikimedia.org/wiki/File:PGM-19A_Jupiter_missile-02.jpg
217,Fall of Saigon,Helicopters on the ROOF.,"Create a 30-second vertical history short about Fall of Saigon. Hook: Helicopters on the ROOF. Cover: North Vietnamese captured Saigon April 30 1975 — a key part of the story of Fall of Saigon. Iconic helicopter evacuations from US embassy roof — a key part of the story of Fall of Saigon. Ended Vietnam War after 20 years — a key part of the story of Fall of Saigon. Vietnam reunified under communist rule — a key part of the story of Fall of Saigon. Last images of American defeat — a key part of the story of Fall of Saigon. Helicopters on the roof. America left. The events surrounding Fall of Saigon reveal how quickly history can turn on a single decision. From classrooms to documentaries, Fall of Saigon remains a staple of history storytelling. Tone: dramatic, fast-paced, documentary style. 9:16 vertical.","North Vietnamese captured Saigon April 30 1975. | Iconic helicopter evacuations from US embassy roof. | Ended Vietnam War after 20 years. | Vietnam reunified under communist rule. | Last images of American defeat. | Helicopters on the roof. America left. | Hook: Helicopters on the ROOF. | Tone: dramatic, fast-paced, documentary style. 9:16 vertical. | This caused the evacuation of thousands of civilians and U.S. personnel, and ended the Vietnam War. | The aftermath ushered in a transition period under the Provisional Revolutionary Government of the Republic of South. | As part of the 1975 spring offensive, the People's Army of Vietnam and the Viet Cong auxiliaries, under the command. | By the next day, President Minh had surrendered while the PAVN/VC had occupied the important points of the city and.",/images/catalog/217-fall-of-saigon.webp,#FallOfSaigon #VietnamWar #ColdWar #HistoryTok,Helicopters on the roof. America left. #FallOfSaigon #VietnamWar #ColdWar #HistoryTok,Hubert van Es · Public domain,https://commons.wikimedia.org/wiki/File:Helicopter_evacuation_of_Saigon_atop_22_Gia_Long_Street.webp
218,Gulf of Tonkin Incident,One lie. One WAR.,"Create a 30-second vertical history short about Gulf of Tonkin Incident. Hook: One lie. One WAR. Cover: August 1964 alleged North Vietnamese attack — a key part of the story of Gulf of Tonkin Incident. Congress passed Gulf of Tonkin Resolution — a key part of the story of Gulf of Tonkin Incident. Gave Johnson authority to escalate Vietnam War — a key part of the story of Gulf of Tonkin Incident. Later evidence showed attack may not have happened. Based on questionable intelligence — a key part of the story of Gulf of Tonkin Incident. One incident. One lie. 20 years of war. The events surrounding Gulf of Tonkin Incident reveal how quickly history can turn on a single decision. From classrooms to documentaries, Gulf of Tonkin Incident remains a staple of history storytelling. Tone: dramatic, fast-paced, documentary style. 9:16 vertical.","August 1964 alleged North Vietnamese attack. | Congress passed Gulf of Tonkin Resolution. | Gave Johnson authority to escalate Vietnam War. | Later evidence showed attack may not have happened. | Based on questionable intelligence. | One incident. One lie. 20 years of war. | Tone: dramatic, fast-paced, documentary style. 9:16 vertical. | One lie. 20 years of war. #GulfOfTonkin #VietnamWar #AmericanHistory #HistoryTok One lie. | The Gulf of Tonkin incident refers to a naval confrontation in the Gulf of Tonkin off the coast of North Vietnam. | On 2 August 1964 there was a clash between a destroyer of the United States Navy that was collecting signals. | On the night of 4 August, two US destroyers reported they were attacked by North Vietnamese vessels and that they. | Later investigation revealed that the 4 August attack did not happen; no North Vietnamese vessels had been present.",/images/catalog/218-gulf-of-tonkin-incident.jpg,#GulfOfTonkin #VietnamWar #AmericanHistory #HistoryTok,One incident. One lie. 20 years of war. #GulfOfTonkin #VietnamWar #AmericanHistory #HistoryTok,NASA (MODIS imagery from the Terra satellite) · Public domain,https://commons.wikimedia.org/wiki/File:Gulf_of_Tonkin.jpg
219,War of the Pacific,Bird poop caused a WAR.,"Create a 30-second vertical history short about War of the Pacific. Hook: Bird poop caused a WAR. Cover: Chile vs Peru and Bolivia 1879-1884 — a key part of the story of War of the Pacific. Fought over guano and nitrate deposits — a key part of the story of War of the Pacific. Chile won and took Bolivia's coastline — a key part of the story of War of the Pacific. Bolivia landlocked ever since — a key part of the story of War of the Pacific. Guano was worth its weight in gold — a key part of the story of War of the Pacific. Bird poop caused a war. Bolivia lost the sea. Civilians and soldiers alike bore the devastating human cost of War of the Pacific. The consequences of War of the Pacific echoed for generations after the fighting stopped. Tone: dramatic, fast-paced, documentary style. 9:16 vertical.","Chile vs Peru and Bolivia 1879-1884. | Fought over guano and nitrate deposits. | Chile won and took Bolivia's coastline. | Bolivia landlocked ever since. | Guano was worth its weight in gold. | Bird poop caused a war. Bolivia lost the sea. | Civilians and soldiers alike bore the devastating human cost of War of the Pacific. | The consequences of War of the Pacific echoed for generations after the fighting stopped. | Tone: dramatic, fast-paced, documentary style. 9:16 vertical. | The War of the Pacific, also known by multiple other names, was a war between Chile and a Bolivian–Peruvian alliance. | Fought over Chilean claims on coastal Bolivian territory in the Atacama Desert, the war ended with victory for. | The war demonstrated Chile's military-technological superiority over its opponents at the time.",/images/catalog/219-war-of-the-pacific.png,#WarOfThePacific #SouthAmerica #WeirdHistory #HistoryTok,Bird poop caused a war. Bolivia lost the sea. #WarOfThePacific #SouthAmerica #WeirdHistory #HistoryTok,United States Federal Government · Public domain,https://commons.wikimedia.org/wiki/File:War_of_the_Pacific_LOC_map.png
220,Franco-Prussian War Siege of Paris,Rats on the MENU.,"Create a 30-second vertical history short about Franco-Prussian War Siege of Paris. Hook: Rats on the MENU. Cover: Paris besieged four months September 1870-January 1871 — a key part of the story of Franco-Prussian War Siege of Paris. Citizens ate rats cats dogs and zoo animals. Hot air balloons carried mail out of city. Paris Commune uprising followed surrender — a key part of the story of Franco-Prussian War Siege of Paris. Humiliation planted seeds of WWI — a key part of the story of Franco-Prussian War Siege of Paris. Four months. Rats for dinner. Civilians and soldiers alike bore the devastating human cost of Franco-Prussian War Siege of Paris. The consequences of Franco-Prussian War Siege of Paris echoed for generations after the fighting stopped. Tone: dramatic, fast-paced, documentary style. 9:16 vertical.","Paris besieged four months September 1870-January 1871. | Citizens ate rats cats dogs and zoo animals. | Hot air balloons carried mail out of city. | Paris Commune uprising followed surrender. | Humiliation planted seeds of WWI. | Four months. Rats for dinner. | Civilians and soldiers alike bore the devastating human cost of Franco-Prussian War Siege of Paris. | The consequences of Franco-Prussian War Siege of Paris echoed for generations after the fighting stopped. | Tone: dramatic, fast-paced, documentary style. 9:16 vertical. | Rats for dinner. #SiegeOfParis #FrancoPrussianWar #France #HistoryTok Rats on the MENU. | The Siege of Paris took place from 19 September 1870 to 28 January 1871 and ended in the capture of the city by. | The siege was the culmination of the Franco-Prussian War, which saw the Second French Empire attempt to reassert its.",/images/catalog/220-franco-prussian-war-siege-of-paris.jpg,#SiegeOfParis #FrancoPrussianWar #France #HistoryTok,Four months. Rats for dinner. #SiegeOfParis #FrancoPrussianWar #France #HistoryTok,Adolphe Braun · Public domain,https://commons.wikimedia.org/wiki/File:Braun%2C_Adolphe_%281811-1877%29_-_Paris%2C_1871_-_St_Cloud%2C_La_place.jpg
221,Anglo-Zulu War,Spears vs CANNONS.,"Create a 30-second vertical history short about Anglo-Zulu War. Hook: Spears vs CANNONS. Cover: British invaded Zululand January 1879 — a key part of the story of Anglo-Zulu War. Zulu warriors destroyed British at Isandlwana — a key part of the story of Anglo-Zulu War. Rorke's Drift 11 Victoria Crosses earned — a key part of the story of Anglo-Zulu War. British ultimately conquered Zulu kingdom — a key part of the story of Anglo-Zulu War. Epic tale of resistance and conquest — a key part of the story of Anglo-Zulu War. Spears vs cannons. Both sides legendary. Civilians and soldiers alike bore the devastating human cost of Anglo-Zulu War. The consequences of Anglo-Zulu War echoed for generations after the fighting stopped. Tone: dramatic, fast-paced, documentary style. 9:16 vertical.","British invaded Zululand January 1879. | Zulu warriors destroyed British at Isandlwana. | Rorke's Drift 11 Victoria Crosses earned. | British ultimately conquered Zulu kingdom. | Epic tale of resistance and conquest. | Spears vs cannons. Both sides legendary. | Civilians and soldiers alike bore the devastating human cost of Anglo-Zulu War. | The consequences of Anglo-Zulu War echoed for generations after the fighting stopped. | Hook: Spears vs CANNONS. | Tone: dramatic, fast-paced, documentary style. 9:16 vertical. | The Anglo-Zulu War, or simply the Zulu War, was fought in present-day South Africa from January to early July 1879. | Two famous battles of the war were the Zulu victory at Isandlwana and the British defence at Rorke's Drift.",/images/catalog/221-anglo-zulu-war.png,#ZuluWar #Africa #BritishEmpire #HistoryTok,Spears vs cannons. Both sides legendary. #ZuluWar #Africa #BritishEmpire #HistoryTok,Fidodog14 · CC BY-SA 4.0,https://commons.wikimedia.org/wiki/File:Anglo-Zulu_War_collage.png
222,Sepoy Mutiny,Company rule ENDED.,"Create a 30-second vertical history short about Sepoy Mutiny. Hook: Company rule ENDED. Cover: Indian soldiers rebelled 1857 against East India Company. Sparked by rumored greased cartridges — a key part of the story of Sepoy Mutiny. Massacres and reprisals on both sides — a key part of the story of Sepoy Mutiny. British Crown took direct control of India — a key part of the story of Sepoy Mutiny. First war of Indian independence to many — a key part of the story of Sepoy Mutiny. One cartridge rumor. An empire shaken. The events surrounding Sepoy Mutiny reveal how quickly history can turn on a single decision. From classrooms to documentaries, Sepoy Mutiny remains a staple of history storytelling. Tone: dramatic, fast-paced, documentary style. 9:16 vertical.","Indian soldiers rebelled 1857 against East India Company. | Sparked by rumored greased cartridges. | Massacres and reprisals on both sides. | British Crown took direct control of India. | First war of Indian independence to many. | One cartridge rumor. An empire shaken. | Hook: Company rule ENDED. | Tone: dramatic, fast-paced, documentary style. 9:16 vertical. | An empire shaken. #SepoyMutiny #India #BritishEmpire #HistoryTok Company rule ENDED. | The Indian Rebellion of 1857 was a major uprising in India in 1857–58 against the rule of the British East India. | The rebellion began on 10 May 1857 as a mutiny of sepoys of the company's garrison in Meerut, a town 40 miles. | It then erupted into other mutinies and civilian rebellions, chiefly in the upper Gangetic plain and central India.",/images/catalog/222-sepoy-mutiny.jpg,#SepoyMutiny #India #BritishEmpire #HistoryTok,One cartridge rumor. An empire shaken. #SepoyMutiny #India #BritishEmpire #HistoryTok,Unknown author Unknown author Cambridge University Press; Stanford's Ge… · Public domain,https://commons.wikimedia.org/wiki/File:Indian_Rebellion_of_1857.jpg
223,War of the Triple Alliance,Deadliest war in South AMERICA.,"Create a 30-second vertical history short about War of the Triple Alliance. Hook: Deadliest war in South AMERICA. Cover: Paraguay vs Brazil Argentina Uruguay 1864-1870 — a key part of the story of War of the Triple Alliance. Paraguay fought all three neighbors simultaneously — a key part of the story of War of the Triple Alliance. Estimated 60-70 percent of Paraguay population died — a key part of the story of War of the Triple Alliance. Most destructive war in South American history — a key part of the story of War of the Triple Alliance. Paraguay devastated for generations — a key part of the story of War of the Triple Alliance. 70 percent of a nation dead. One war. Civilians and soldiers alike bore the devastating human cost of War of the Triple Alliance. The consequences of War of the Triple Alliance echoed for generations after the fighting stopped. Tone: dramatic, fast-paced, documentary style. 9:16 vertical.","Paraguay vs Brazil Argentina Uruguay 1864-1870. | Paraguay fought all three neighbors simultaneously. | Estimated 60-70 percent of Paraguay population died. | Most destructive war in South American history. | Paraguay devastated for generations. | 70 percent of a nation dead. One war. | Civilians and soldiers alike bore the devastating human cost of War of the Triple Alliance. | The consequences of War of the Triple Alliance echoed for generations after the fighting stopped. | Hook: Deadliest war in South AMERICA. | Tone: dramatic, fast-paced, documentary style. 9:16 vertical. 70 percent of a nation dead. | One war. #TripleAlliance #Paraguay #SouthAmerica #HistoryTok Deadliest war in South AMERICA. | The Paraguayan War, also known as the War of the Triple Alliance, was a South American war that lasted from 1864 to.",/images/catalog/223-war-of-the-triple-alliance.png,#TripleAlliance #Paraguay #SouthAmerica #HistoryTok,70 percent of a nation dead. One war. #TripleAlliance #Paraguay #SouthAmerica #HistoryTok,Inkratt · CC BY-SA 3.0,https://commons.wikimedia.org/wiki/File:Escenas_de_la_Guerra_de_la_Triple_Alianza.png
224,Napoleonic Wars Peninsular Campaign,Spanish ulcer BLEED France.,"Create a 30-second vertical history short about Napoleonic Wars Peninsular Campaign. Hook: Spanish ulcer BLEED France. Cover: 1807-1814 Spain guerrilla war against French — a key part of the story of Napoleonic Wars Peninsular Campaign. Spanish resistance tied down French armies — a key part of the story of Napoleonic Wars Peninsular Campaign. Wellington's campaigns from Portugal — a key part of the story of Napoleonic Wars Peninsular Campaign. Guerrilla warfare bled Napoleon dry — a key part of the story of Napoleonic Wars Peninsular Campaign. Called the Spanish ulcer by Napoleon — a key part of the story of Napoleonic Wars Peninsular Campaign. Spain bled Napoleon dry. Civilians and soldiers alike bore the devastating human cost of Napoleonic Wars Peninsular Campaign. The consequences of Napoleonic Wars Peninsular Campaign echoed for generations after the fighting stopped. Tone: dramatic, fast-paced, documentary style. 9:16 vertical.","1807-1814 Spain guerrilla war against French. | Spanish resistance tied down French armies. | Wellington's campaigns from Portugal. | Guerrilla warfare bled Napoleon dry. | Called the Spanish ulcer by Napoleon. | Civilians and soldiers alike bore the devastating human cost of Napoleonic Wars Peninsular Campaign. | The consequences of Napoleonic Wars Peninsular Campaign echoed for generations after the fighting stopped. | Hook: Spanish ulcer BLEED France. | Tone: dramatic, fast-paced, documentary style. 9:16 vertical. | The naval campaigns, operations and battles of the Napoleonic Wars were events during the period of World-wide. | Spain bled Napoleon dry. #PeninsularWar #Napoleon #Spain #HistoryTok Spanish ulcer BLEED France. | The period commenced with the breakdown of the Peace of Amiens on the 16 May 1803.",/images/catalog/224-napoleonic-wars-peninsular-campaign.jpg,#PeninsularWar #Napoleon #Spain #HistoryTok,Spain bled Napoleon dry. #PeninsularWar #Napoleon #Spain #HistoryTok,"The Public Schools Historical Atlas by Charles Colbeck. Longmans, Green… · Public domain",https://commons.wikimedia.org/wiki/File:Peninsular_War.jpg
225,Battle of Trafalgar,One admiral. Sea RULED.,"Create a 30-second vertical history short about Battle of Trafalgar. Hook: One admiral. Sea RULED. Cover: Horatio Nelson defeated French-Spanish fleet 1805 — a key part of the story of Battle of Trafalgar. Nelson killed by sniper during victory — a key part of the story of Battle of Trafalgar. Ended Napoleon's invasion plans of Britain — a key part of the story of Battle of Trafalgar. Britain ruled seas for century after — a key part of the story of Battle of Trafalgar. Nelson's Column stands in Trafalgar Square — a key part of the story of Battle of Trafalgar. He won. He died. Britain ruled the seas. The outcome of Battle of Trafalgar reshaped borders, rulers, and the balance of power. Military academies and historians still analyze the tactics and decisions of Battle of Trafalgar. Tone: dramatic, fast-paced, documentary style. 9:16 vertical.","Horatio Nelson defeated French-Spanish fleet 1805. | Nelson killed by sniper during victory. | Ended Napoleon's invasion plans of Britain. | Britain ruled seas for century after. | Nelson's Column stands in Trafalgar Square. | The outcome of Battle of Trafalgar reshaped borders, rulers, and the balance of power. | Military academies and historians still analyze the tactics and decisions of Battle of Trafalgar. | Tone: dramatic, fast-paced, documentary style. 9:16 vertical. | Britain ruled the seas. #Trafalgar #Nelson #NavalHistory #HistoryTok One admiral. | Fleet action which took place on 21 October 1805 between the Royal Navy and a combined fleet of the French and. | As part of Napoleon's planned invasion of the United Kingdom, the French and Spanish navies planned to take control. | The allied fleet, under the command of French Vice-admiral Pierre-Charles Villeneuve, sailed from the port of Cádiz.",/images/catalog/225-battle-of-trafalgar.jpg,#Trafalgar #Nelson #NavalHistory #HistoryTok,He won. He died. Britain ruled the seas. #Trafalgar #Nelson #NavalHistory #HistoryTok,Galia ^ · CC BY-SA 3.0,https://commons.wikimedia.org/wiki/File:Battle_of_Trafalgar.jpg
226,War of Austrian Succession,Maria Theresa. They said NO.,"Create a 30-second vertical history short about War of Austrian Succession. Hook: Maria Theresa. They said NO. Cover: 1740-1748 European powers challenged Habsburg heir — a key part of the story of War of Austrian Succession. Maria Theresa fought to keep throne — a key part of the story of War of Austrian Succession. Frederick the Great seized Silesia from Austria — a key part of the story of War of Austrian Succession. War spread across Europe and colonies — a key part of the story of War of Austrian Succession. Set stage for Seven Years War — a key part of the story of War of Austrian Succession. They said a woman couldn't rule. She did. Civilians and soldiers alike bore the devastating human cost of War of Austrian Succession. The consequences of War of Austrian Succession echoed for generations after the fighting stopped. Tone: dramatic, fast-paced, documentary style. 9:16 vertical.","1740-1748 European powers challenged Habsburg heir. | Maria Theresa fought to keep throne. | Frederick the Great seized Silesia from Austria. | War spread across Europe and colonies. | Set stage for Seven Years War. | They said a woman couldn't rule. She did. | Civilians and soldiers alike bore the devastating human cost of War of Austrian Succession. | The consequences of War of Austrian Succession echoed for generations after the fighting stopped. | Tone: dramatic, fast-paced, documentary style. 9:16 vertical. | She did. #MariaTheresa #EuropeanHistory #War #HistoryTok Maria Theresa. | The War of the Austrian Succession, 1740 to 1748, was a conflict between the European great powers, fought primarily. | Related conflicts include King George's War, the War of Jenkins' Ear, the First Carnatic War, and the First and.",/images/catalog/226-war-of-austrian-succession.jpg,#MariaTheresa #EuropeanHistory #War #HistoryTok,They said a woman couldn't rule. She did. #MariaTheresa #EuropeanHistory #War #HistoryTok,DavidDijkgraaf · CC0,https://commons.wikimedia.org/wiki/File:War_of_The_Austrian_Succesion_Collage_1.jpg
227,War of the Roses,Two roses. One THRONE.,"Create a 30-second vertical history short about War of the Roses. Hook: Two roses. One THRONE. Cover: English civil war 1455-1487 — a key part of the story of War of the Roses. House of Lancaster vs House of York — a key part of the story of War of the Roses. Thirty years of noble warfare — a key part of the story of War of the Roses. Richard III killed at Bosworth Field 1485 — a key part of the story of War of the Roses. Tudor dynasty began with Henry VII — a key part of the story of War of the Roses. Two roses. One throne. 30 years of war. Civilians and soldiers alike bore the devastating human cost of War of the Roses. The consequences of War of the Roses echoed for generations after the fighting stopped. Tone: dramatic, fast-paced, documentary style. 9:16 vertical.","English civil war 1455-1487. | House of Lancaster vs House of York. | Thirty years of noble warfare. | Richard III killed at Bosworth Field 1485. | Tudor dynasty began with Henry VII. | Two roses. One throne. 30 years of war. | Civilians and soldiers alike bore the devastating human cost of War of the Roses. | The consequences of War of the Roses echoed for generations after the fighting stopped. | Tone: dramatic, fast-paced, documentary style. 9:16 vertical. | The Wars of the Roses, known at the time and in the following centuries as the Civil Wars, were a series of armed. | The conflict was fought between supporters of the House of York and the House of Lancaster, two rival cadet branches. | The conflict resulted in the end of Lancaster's male line in 1471, leaving the Tudor family to inherit, through the.",/images/catalog/227-war-of-the-roses.jpg,#WarOfTheRoses #BritishHistory #Medieval #HistoryTok,Two roses. One throne. 30 years of war. #WarOfTheRoses #BritishHistory #Medieval #HistoryTok,Ghent master · Public domain,https://commons.wikimedia.org/wiki/File:Beheading_duke_somerset.jpg
228,Battle of Lepanto,Holy League vs OTTOMANS.,"Create a 30-second vertical history short about Battle of Lepanto. Hook: Holy League vs OTTOMANS. Cover: Naval battle October 7 1571 Mediterranean — a key part of the story of Battle of Lepanto. Holy League defeated Ottoman fleet — a key part of the story of Battle of Lepanto. Largest galley battle in history — a key part of the story of Battle of Lepanto. Cervantes fought and lost use of left hand. Ottoman naval dominance temporarily broken — a key part of the story of Battle of Lepanto. The day the Ottoman navy broke. The outcome of Battle of Lepanto reshaped borders, rulers, and the balance of power. Military academies and historians still analyze the tactics and decisions of Battle of Lepanto. Tone: dramatic, fast-paced, documentary style. 9:16 vertical.","Naval battle October 7 1571 Mediterranean. | Holy League defeated Ottoman fleet. | Largest galley battle in history. | Cervantes fought and lost use of left hand. | Ottoman naval dominance temporarily broken. | The day the Ottoman navy broke. | The outcome of Battle of Lepanto reshaped borders, rulers, and the balance of power. | Military academies and historians still analyze the tactics and decisions of Battle of Lepanto. | Hook: Holy League vs OTTOMANS. | Tone: dramatic, fast-paced, documentary style. 9:16 vertical. | Naval engagement that took place on 7 October 1571 when a fleet of the Holy League, a coalition of Catholic states. | The Ottoman forces were sailing westward from their naval station in Lepanto when they met the fleet of the Holy.",/images/catalog/228-battle-of-lepanto.jpg,#Lepanto #Ottoman #NavalHistory #HistoryTok,The day the Ottoman navy broke. #Lepanto #Ottoman #NavalHistory #HistoryTok,Unidentified painter · Public domain,https://commons.wikimedia.org/wiki/File:Battle_of_Lepanto_1571.jpg
229,Thirty Years War Defenestration,They threw him out a WINDOW.,"Create a 30-second vertical history short about Thirty Years War Defenestration. Hook: They threw him out a WINDOW. Cover: Prague Defenestration May 1618 sparked war — a key part of the story of Thirty Years War Defenestration. Protestants threw Catholic officials from window — a key part of the story of Thirty Years War Defenestration. All three survived 70-foot fall called miracle — a key part of the story of Thirty Years War Defenestration. Direct cause of Thirty Years War — a key part of the story of Thirty Years War Defenestration. Window still exists in Prague Castle — a key part of the story of Thirty Years War Defenestration. Thrown from a window. Started a war. Survived. Civilians and soldiers alike bore the devastating human cost of Thirty Years War Defenestration. The consequences of Thirty Years War Defenestration echoed for generations after the fighting stopped. Tone: dramatic, fast-paced, documentary style. 9:16 vertical.","Prague Defenestration May 1618 sparked war. | Protestants threw Catholic officials from window. | All three survived 70-foot fall called miracle. | Direct cause of Thirty Years War. | Window still exists in Prague Castle. | Thrown from a window. Started a war. Survived. | Civilians and soldiers alike bore the devastating human cost of Thirty Years War Defenestration. | The consequences of Thirty Years War Defenestration echoed for generations after the fighting stopped. | Hook: They threw him out a WINDOW. | Tone: dramatic, fast-paced, documentary style. 9:16 vertical. | Survived. #Defenestration #Prague #WeirdHistory #HistoryTok They threw him out a WINDOW. | The Defenestrations of Prague were three incidents in the history of Bohemia in which people were defenestrated.",/images/catalog/229-thirty-years-war-defenestration.jpg,#Defenestration #Prague #WeirdHistory #HistoryTok,Thrown from a window. Started a war. Survived. #Defenestration #Prague #WeirdHistory #HistoryTok,Unknown author Unknown author · Public domain,https://commons.wikimedia.org/wiki/File:Prager_Fenstersturz_Wahrhafftige_Zeitung_aus_Prag.JPG
230,Battle of Plassey,One bribe. India CONQUERED.,"Create a 30-second vertical history short about Battle of Plassey. Hook: One bribe. India CONQUERED. Cover: Robert Clive defeated Nawab of Bengal 1757 — a key part of the story of Battle of Plassey. Victory secured by bribing general Mir Jafar — a key part of the story of Battle of Plassey. Foundation of British rule in India — a key part of the story of Battle of Plassey. East India Company gained control of Bengal — a key part of the story of Battle of Plassey. Beginning of British Raj — a key part of the story of Battle of Plassey. One bribe. An empire conquered. The outcome of Battle of Plassey reshaped borders, rulers, and the balance of power. Military academies and historians still analyze the tactics and decisions of Battle of Plassey. Tone: dramatic, fast-paced, documentary style. 9:16 vertical.","Robert Clive defeated Nawab of Bengal 1757. | Victory secured by bribing general Mir Jafar. | Foundation of British rule in India. | East India Company gained control of Bengal. | Beginning of British Raj. | One bribe. An empire conquered. | The outcome of Battle of Plassey reshaped borders, rulers, and the balance of power. | Military academies and historians still analyze the tactics and decisions of Battle of Plassey. | Tone: dramatic, fast-paced, documentary style. 9:16 vertical. | Decisive victory of the British East India Company, under the leadership of Robert Clive, over the Nawab of Bengal. | The victory was made possible by the betrayal of Mir Jafar, Nawab Siraj-ud-Daulah's commander in chief, as well as. | The battle helped the British East India Company take complete control of Bengal in 1773.",/images/catalog/230-battle-of-plassey.jpg,#Plassey #India #BritishEmpire #HistoryTok,One bribe. An empire conquered. #Plassey #India #BritishEmpire #HistoryTok,George B. Malleson · Public domain,https://commons.wikimedia.org/wiki/File:Battle_of_Plassey.jpg
231,Zulu War Isandlwana,Spears beat CANNONS.,"Create a 30-second vertical history short about Zulu War Isandlwana. Hook: Spears beat CANNONS. Cover: January 22 1879 Zulu destroyed British camp — a key part of the story of Zulu War Isandlwana. Over 1,300 British and allies killed — a key part of the story of Zulu War Isandlwana. Worst defeat of British army against indigenous force. Zulu king Cetshwayo led 20,000 warriors — a key part of the story of Zulu War Isandlwana. Same day Rorke's Drift heroic defense — a key part of the story of Zulu War Isandlwana. Spears destroyed a modern army. Civilians and soldiers alike bore the devastating human cost of Zulu War Isandlwana. The consequences of Zulu War Isandlwana echoed for generations after the fighting stopped. Tone: dramatic, fast-paced, documentary style. 9:16 vertical.","January 22 1879 Zulu destroyed British camp. | Over 1,300 British and allies killed. | Worst defeat of British army against indigenous force. | Zulu king Cetshwayo led 20,000 warriors. | Same day Rorke's Drift heroic defense. | Spears destroyed a modern army. | Civilians and soldiers alike bore the devastating human cost of Zulu War Isandlwana. | The consequences of Zulu War Isandlwana echoed for generations after the fighting stopped. | Hook: Spears beat CANNONS. | Tone: dramatic, fast-paced, documentary style. 9:16 vertical. | The Battle of Isandlwana on 22 January 1879 was the second major encounter in the Anglo-Zulu War between the British. | Eleven days after the British invaded the Zulu Kingdom in Southern Africa, a Zulu force of some 20,000 warriors.",/images/catalog/231-zulu-war-isandlwana.jpg,#Isandlwana #ZuluWar #Africa #HistoryTok,Spears destroyed a modern army. #Isandlwana #ZuluWar #Africa #HistoryTok,Charles Edwin Fripp · Public domain,https://commons.wikimedia.org/wiki/File:Isandhlwana.jpg
232,Battle of the Alamo,183 men. 13 DAYS.,"Create a 30-second vertical history short about Battle of the Alamo. Hook: 183 men. 13 DAYS. Cover: Texan defenders held Alamo mission February-March 1836 — a key part of the story of Battle of the Alamo. 183 defenders vs thousands of Mexican troops — a key part of the story of Battle of the Alamo. All defenders killed including Davy Crockett — a key part of the story of Battle of the Alamo. Remember the Alamo became rallying cry — a key part of the story of Battle of the Alamo. Texas independence won weeks later — a key part of the story of Battle of the Alamo. 183 men. 13 days. Legend forever. The outcome of Battle of the Alamo reshaped borders, rulers, and the balance of power. Military academies and historians still analyze the tactics and decisions of Battle of the Alamo. Tone: dramatic, fast-paced, documentary style. 9:16 vertical.","Texan defenders held Alamo mission February-March 1836. | 183 defenders vs thousands of Mexican troops. | All defenders killed including Davy Crockett. | Remember the Alamo became rallying cry. | Texas independence won weeks later. | 183 men. 13 days. Legend forever. | The outcome of Battle of the Alamo reshaped borders, rulers, and the balance of power. | Military academies and historians still analyze the tactics and decisions of Battle of the Alamo. | Tone: dramatic, fast-paced, documentary style. 9:16 vertical. 183 men. 13 days. | Pivotal event and military engagement in the Texas Revolution. | Following a 13-day siege, Mexican troops under President General Antonio López de Santa Anna reclaimed the Alamo. | About one hundred Texians had been garrisoned at the mission, and they were supplemented by around one hundred.",/images/catalog/232-battle-of-the-alamo.jpg,#TheAlamo #Texas #AmericanHistory #HistoryTok,183 men. 13 days. Legend forever. #TheAlamo #Texas #AmericanHistory #HistoryTok,Nuggehalli2015 · CC BY-SA 4.0,https://commons.wikimedia.org/wiki/File:The_Alamo_2016.jpg
233,War of Jenkins Ear,One ear. One WAR.,"Create a 30-second vertical history short about War of Jenkins Ear. Hook: One ear. One WAR. Cover: Britain vs Spain 1739-1748 — a key part of the story of War of Jenkins Ear. Named after alleged ear mutilation of Captain Jenkins. Merged into War of Austrian Succession — a key part of the story of War of Jenkins Ear. Fought over Caribbean trade routes — a key part of the story of War of Jenkins Ear. One of history's strangest war names — a key part of the story of War of Jenkins Ear. One ear. One war. History is weird. Civilians and soldiers alike bore the devastating human cost of War of Jenkins Ear. The consequences of War of Jenkins Ear echoed for generations after the fighting stopped. Tone: dramatic, fast-paced, documentary style. 9:16 vertical.","Britain vs Spain 1739-1748. | Named after alleged ear mutilation of Captain Jenkins. | Merged into War of Austrian Succession. | Fought over Caribbean trade routes. | One of history's strangest war names. | One ear. One war. History is weird. | Civilians and soldiers alike bore the devastating human cost of War of Jenkins Ear. | The consequences of War of Jenkins Ear echoed for generations after the fighting stopped. | Tone: dramatic, fast-paced, documentary style. 9:16 vertical. | History is weird. #JenkinsEar #WeirdHistory #BritishHistory #HistoryTok One ear. | The War of Jenkins' Ear was fought between Great Britain and Spain from 1739 to 1748. | Most of the fighting took place in New Granada and the Caribbean Sea, with major operations over by 1742.",/images/catalog/233-war-of-jenkins-ear.png,#JenkinsEar #WeirdHistory #BritishHistory #HistoryTok,One ear. One war. History is weird. #JenkinsEar #WeirdHistory #BritishHistory #HistoryTok,Henry Overton · Public domain,https://commons.wikimedia.org/wiki/File:A_new_and_correct_map_of_the_trading_part_of_the_West_Indies.png
234,Great Northern War,Peter vs Charles. SWEDEN fell.,"Create a 30-second vertical history short about Great Northern War. Hook: Peter vs Charles. SWEDEN fell. Cover: Sweden vs Russia coalition 1700-1721 — a key part of the story of Great Northern War. Charles XII of Sweden invaded Russia and lost. Peter the Great built St Petersburg during war. Sweden lost superpower status forever — a key part of the story of Great Northern War. Russia became major European power — a key part of the story of Great Northern War. Sweden was a superpower. Then Russia happened. Civilians and soldiers alike bore the devastating human cost of Great Northern War. The consequences of Great Northern War echoed for generations after the fighting stopped. Tone: dramatic, fast-paced, documentary style. 9:16 vertical.","Sweden vs Russia coalition 1700-1721. | Charles XII of Sweden invaded Russia and lost. | Peter the Great built St Petersburg during war. | Sweden lost superpower status forever. | Russia became major European power. | Sweden was a superpower. Then Russia happened. | Civilians and soldiers alike bore the devastating human cost of Great Northern War. | The consequences of Great Northern War echoed for generations after the fighting stopped. | Tone: dramatic, fast-paced, documentary style. 9:16 vertical. | Then Russia happened. #GreatNorthernWar #Russia #Sweden #HistoryTok Peter vs Charles. | In the Great Northern War a coalition led by Russia successfully contested the supremacy of Sweden in Northern. | The initial leaders of the anti-Swedish alliance were Peter I of Russia, Frederick IV of Denmark–Norway and Augustus.",/images/catalog/234-great-northern-war.jpg,#GreatNorthernWar #Russia #Sweden #HistoryTok,Sweden was a superpower. Then Russia happened. #GreatNorthernWar #Russia #Sweden #HistoryTok,Imonoz · CC BY-SA 4.0,https://commons.wikimedia.org/wiki/File:Great_Northern_War_Collage.jpg
235,Battle of Austerlitz,Napoleon's greatest VICTORY.,"Create a 30-second vertical history short about Battle of Austerlitz. Hook: Napoleon's greatest VICTORY. Cover: December 2 1805 Moravian plateau — a key part of the story of Battle of Austerlitz. Napoleon defeated larger Russian-Austrian army — a key part of the story of Battle of Austerlitz. Called Battle of the Three Emperors — a key part of the story of Battle of Austerlitz. Masterpiece of tactical warfare — a key part of the story of Battle of Austerlitz. Cemented Napoleon's dominance of Europe — a key part of the story of Battle of Austerlitz. His masterpiece. Europe trembled. The outcome of Battle of Austerlitz reshaped borders, rulers, and the balance of power. Military academies and historians still analyze the tactics and decisions of Battle of Austerlitz. Tone: dramatic, fast-paced, documentary style. 9:16 vertical.","December 2 1805 Moravian plateau. | Napoleon defeated larger Russian-Austrian army. | Called Battle of the Three Emperors. | Masterpiece of tactical warfare. | Cemented Napoleon's dominance of Europe. | His masterpiece. Europe trembled. | The outcome of Battle of Austerlitz reshaped borders, rulers, and the balance of power. | Military academies and historians still analyze the tactics and decisions of Battle of Austerlitz. | Hook: Napoleon's greatest VICTORY. | Tone: dramatic, fast-paced, documentary style. 9:16 vertical. | Europe trembled. #Austerlitz #Napoleon #MilitaryHistory #HistoryTok Napoleon's greatest VICTORY. | The Battle of Austerlitz, also known as the Battle of the Three Emperors, was one of the most important military.",/images/catalog/235-battle-of-austerlitz.jpg,#Austerlitz #Napoleon #MilitaryHistory #HistoryTok,His masterpiece. Europe trembled. #Austerlitz #Napoleon #MilitaryHistory #HistoryTok,François Gérard · Public domain,https://commons.wikimedia.org/wiki/File:La_bataille_d%27Austerlitz._2_decembre_1805_%28Fran%C3%A7ois_G%C3%A9rard%29.jpg
236,Battle of Borodino,Bloodiest day in RUSSIA.,"Create a 30-second vertical history short about Battle of Borodino. Hook: Bloodiest day in RUSSIA. Cover: September 7 1812 Napoleon's invasion of Russia — a key part of the story of Battle of Borodino. Bloodiest single day of Napoleonic Wars — a key part of the story of Battle of Borodino. Estimated 70,000 casualties in one day — a key part of the story of Battle of Borodino. Both sides claimed victory — a key part of the story of Battle of Borodino. Pyrrhic victory before Moscow burned — a key part of the story of Battle of Borodino. 70,000 casualties. One day. Moscow burned anyway. The outcome of Battle of Borodino reshaped borders, rulers, and the balance of power. Military academies and historians still analyze the tactics and decisions of Battle of Borodino. Tone: dramatic, fast-paced, documentary style. 9:16 vertical.","September 7 1812 Napoleon's invasion of Russia. | Bloodiest single day of Napoleonic Wars. | Estimated 70,000 casualties in one day. | Both sides claimed victory. | Pyrrhic victory before Moscow burned. | The outcome of Battle of Borodino reshaped borders, rulers, and the balance of power. | Military academies and historians still analyze the tactics and decisions of Battle of Borodino. | Hook: Bloodiest day in RUSSIA. | Tone: dramatic, fast-paced, documentary style. 9:16 vertical. 70,000 casualties. | Moscow burned anyway. #Borodino #Napoleon #Russia #HistoryTok Bloodiest day in RUSSIA. | The Battle of Borodino or the Battle of Moscow took place on the outskirts of Moscow near the village of Borodino on. | The Grande Armée fought against the Imperial Russian Army.",/images/catalog/236-battle-of-borodino.jpg,#Borodino #Napoleon #Russia #HistoryTok,"70,000 casualties. One day. Moscow burned anyway. #Borodino #Napoleon #Russia #HistoryTok",Louis Lejeune · Public domain,https://commons.wikimedia.org/wiki/File:Battle_of_Borodino.jpg
237,War of 1812 Burning of Washington,Library of Congress BURNED.,"Create a 30-second vertical history short about War of 1812 Burning of Washington. Hook: Library of Congress BURNED. Cover: British troops captured Washington August 1814 — a key part of the story of War of 1812 Burning of Washington. Burned White House Capitol and Library of Congress. First Lady Dolley Madison saved Washington portrait — a key part of the story of War of 1812 Burning of Washington. Retaliated for US burning York Canada — a key part of the story of War of 1812 Burning of Washington. Storm ended burning saved much of city — a key part of the story of War of 1812 Burning of Washington. They burned the capital. America rebuilt. Civilians and soldiers alike bore the devastating human cost of War of 1812 Burning of Washington. The consequences of War of 1812 Burning of Washington echoed for generations after the fighting stopped. Tone: dramatic, fast-paced, documentary style. 9:16 vertical.","British troops captured Washington August 1814. | Burned White House Capitol and Library of Congress. | First Lady Dolley Madison saved Washington portrait. | Retaliated for US burning York Canada. | Storm ended burning saved much of city. | They burned the capital. America rebuilt. | Civilians and soldiers alike bore the devastating human cost of War of 1812 Burning of Washington. | The consequences of War of 1812 Burning of Washington echoed for generations after the fighting stopped. | Hook: Library of Congress BURNED. | Tone: dramatic, fast-paced, documentary style. 9:16 vertical. | America rebuilt. #WarOf1812 #Washington #AmericanHistory #HistoryTok Library of Congress BURNED. | The Burning of Washington, also known as the Capture of Washington, was a successful British amphibious attack.",/images/catalog/237-war-of-1812-burning-of-washington.jpg,#WarOf1812 #Washington #AmericanHistory #HistoryTok,They burned the capital. America rebuilt. #WarOf1812 #Washington #AmericanHistory #HistoryTok,Unknown author Unknown author · Public domain,https://commons.wikimedia.org/wiki/File:Burning_of_Washington_1814.jpg
238,First Battle of Bull Run,Picnic watchers RAN.,"Create a 30-second vertical history short about First Battle of Bull Run. Hook: Picnic watchers RAN. Cover: First major battle of Civil War July 1861. Confederate victory shocked Union — a key part of the story of First Battle of Bull Run. Civilians picnicked watching expected easy win — a key part of the story of First Battle of Bull Run. Ran in panic when battle turned — a key part of the story of First Battle of Bull Run. Both sides realized war would be long and bloody. They came to picnic. They ran screaming. The outcome of First Battle of Bull Run reshaped borders, rulers, and the balance of power. Military academies and historians still analyze the tactics and decisions of First Battle of Bull Run. Tone: dramatic, fast-paced, documentary style. 9:16 vertical.","First major battle of Civil War July 1861. | Confederate victory shocked Union. | Civilians picnicked watching expected easy win. | Ran in panic when battle turned. | Both sides realized war would be long and bloody. | They came to picnic. They ran screaming. | The outcome of First Battle of Bull Run reshaped borders, rulers, and the balance of power. | Military academies and historians still analyze the tactics and decisions of First Battle of Bull Run. | Hook: Picnic watchers RAN. | Tone: dramatic, fast-paced, documentary style. 9:16 vertical. | They ran screaming. #BullRun #CivilWar #AmericanHistory #HistoryTok Picnic watchers RAN. | The First Battle of Bull Run, called the Battle of First Manassas by Confederate forces, was the first major battle.",/images/catalog/238-first-battle-of-bull-run.jpg,#BullRun #CivilWar #AmericanHistory #HistoryTok,They came to picnic. They ran screaming. #BullRun #CivilWar #AmericanHistory #HistoryTok,William Ridgway after Felix Octavius Carr Darley · Public domain,https://commons.wikimedia.org/wiki/File:Bridge_during_the_Retreat_from_Manassas%2C_First_Battle_of_Bull_Run_%28First_Manassas%29%2C_Virginia_1861.jpg
239,Sherman's March to the Sea,Total WAR. Georgia burned.,"Create a 30-second vertical history short about Sherman's March to the Sea. Hook: Total WAR. Georgia burned. Cover: Union General Sherman marched November-December 1864 — a key part of the story of Sherman's March to the Sea. 60-mile wide path of destruction to Savannah — a key part of the story of Sherman's March to the Sea. Total war strategy destroyed infrastructure — a key part of the story of Sherman's March to the Sea. Aimed to break Confederate will to fight — a key part of the story of Sherman's March to the Sea. Controversial but effective — a key part of the story of Sherman's March to the Sea. 60 miles wide. Everything burned. The events surrounding Sherman's March to the Sea reveal how quickly history can turn on a single decision. From classrooms to documentaries, Sherman's March to the Sea remains a staple of history storytelling. Tone: dramatic, fast-paced, documentary style. 9:16 vertical.","Union General Sherman marched November-December 1864. | 60-mile wide path of destruction to Savannah. | Total war strategy destroyed infrastructure. | Aimed to break Confederate will to fight. | Controversial but effective. | 60 miles wide. Everything burned. | Tone: dramatic, fast-paced, documentary style. 9:16 vertical. 60 miles wide. | Everything burned. #Sherman #CivilWar #TotalWar #HistoryTok Total WAR. | Sherman's March to the Sea, officially known as the Savannah campaign, or simply Sherman's March, was a military. | It began on November 15 with Sherman's troops leaving Atlanta, recently taken by Union forces under Sherman, and. | Emulating the chevauchée of medieval European warfare, his forces followed a ""scorched earth"" policy, destroying. | The operation debilitated the Confederacy and helped lead to its eventual demise.",/images/catalog/239-sherman-s-march-to-the-sea.jpg,#Sherman #CivilWar #TotalWar #HistoryTok,60 miles wide. Everything burned. #Sherman #CivilWar #TotalWar #HistoryTok,F. O. C. Darley / Alexander Hay Ritchie / Adam Cuerden · Public domain,https://commons.wikimedia.org/wiki/File:F.O.C._Darley_and_Alexander_Hay_Ritchie_-_Sherman%27s_March_to_the_Sea.jpg
240,Battle of Little Bighorn,Custer's last STAND.,"Create a 30-second vertical history short about Battle of Little Bighorn. Hook: Custer's last STAND. Cover: June 25-26 1876 Montana Territory — a key part of the story of Battle of Little Bighorn. Lakota and Cheyenne defeated Custer's 7th Cavalry — a key part of the story of Battle of Little Bighorn. Custer and all 210 men killed — a key part of the story of Battle of Little Bighorn. Greatest Native American victory over US Army — a key part of the story of Battle of Little Bighorn. Led to intensified campaigns against Plains tribes — a key part of the story of Battle of Little Bighorn. Custer's last stand. Native victory. The outcome of Battle of Little Bighorn reshaped borders, rulers, and the balance of power. Military academies and historians still analyze the tactics and decisions of Battle of Little Bighorn. Tone: dramatic, fast-paced, documentary style. 9:16 vertical.","June 25-26 1876 Montana Territory. | Lakota and Cheyenne defeated Custer's 7th Cavalry. | Custer and all 210 men killed. | Greatest Native American victory over US Army. | Led to intensified campaigns against Plains tribes. | Custer's last stand. Native victory. | The outcome of Battle of Little Bighorn reshaped borders, rulers, and the balance of power. | Military academies and historians still analyze the tactics and decisions of Battle of Little Bighorn. | Tone: dramatic, fast-paced, documentary style. 9:16 vertical. | The 1876 Battle of the Little Bighorn, commonly referred to as Custer's Last Stand and known to the Lakota and other. | It took place on June 25–26, 1876, along the Little Bighorn River in the Crow Indian Reservation in southeastern. | The battle, which resulted in the defeat of U.S. forces, was the most significant action of the Great Sioux War of.",/images/catalog/240-battle-of-little-bighorn.jpg,#LittleBighorn #NativeAmerican #AmericanHistory #HistoryTok,Custer's last stand. Native victory. #LittleBighorn #NativeAmerican #AmericanHistory #HistoryTok,Charles Marion Russell · Public domain,https://commons.wikimedia.org/wiki/File:Charles_Marion_Russell_-_The_Custer_Fight_%281903%29.jpg
241,Wounded Knee Massacre,300 killed. Ghost Dance ENDED.,"Create a 30-second vertical history short about Wounded Knee Massacre. Hook: 300 killed. Ghost Dance ENDED. Cover: December 29 1890 South Dakota — a key part of the story of Wounded Knee Massacre. US cavalry killed 300 Lakota men women children. Last major conflict of Indian Wars — a key part of the story of Wounded Knee Massacre. Occurred during Ghost Dance religious movement — a key part of the story of Wounded Knee Massacre. Medals of Honor awarded to soldiers later questioned. 300 unarmed. One massacre. Shame. The events surrounding Wounded Knee Massacre reveal how quickly history can turn on a single decision. From classrooms to documentaries, Wounded Knee Massacre remains a staple of history storytelling. Tone: dramatic, fast-paced, documentary style. 9:16 vertical.","December 29 1890 South Dakota. | US cavalry killed 300 Lakota men women children. | Last major conflict of Indian Wars. | Occurred during Ghost Dance religious movement. | Medals of Honor awarded to soldiers later questioned. | 300 unarmed. One massacre. Shame. | Tone: dramatic, fast-paced, documentary style. 9:16 vertical. 300 unarmed. | Shame. #WoundedKnee #NativeAmerican #AmericanHistory #HistoryMatters 300 killed. | The Wounded Knee Massacre, also known as the Battle of Wounded Knee, was an 1890 armed conflict between Native. | Between 250 and 300 Lakota people were killed, and 51 were wounded. | Twenty-five U.S. soldiers were killed and 39 were wounded. | Nineteen soldiers were awarded the Medal of Honor specifically for Wounded Knee, and 31 overall for the campaign.",/images/catalog/241-wounded-knee-massacre.jpg,#WoundedKnee #NativeAmerican #AmericanHistory #HistoryMatters,300 unarmed. One massacre. Shame. #WoundedKnee #NativeAmerican #AmericanHistory #HistoryMatters,Northwestern Photo Co. · Public domain,https://commons.wikimedia.org/wiki/File:Soldiers_at_a_burial_for_the_dead_at_Wounded_Knee%2C_South_Dakota%2C_c._1891.jpg
242,Chernobyl Disaster,"One mistake. 4,000 square miles POISONED.","Create a 30-second vertical history short about Chernobyl Disaster. Hook: One mistake. 4,000 square miles POISONED. Cover: Reactor 4 exploded April 26 1986 Ukraine — a key part of the story of Chernobyl Disaster. Worst nuclear disaster in history — a key part of the story of Chernobyl Disaster. Exclusion zone still uninhabitable today — a key part of the story of Chernobyl Disaster. Firefighters died of radiation within weeks — a key part of the story of Chernobyl Disaster. Changed nuclear safety worldwide — a key part of the story of Chernobyl Disaster. One mistake. A zone poisoned forever. The events surrounding Chernobyl Disaster reveal how quickly history can turn on a single decision. From classrooms to documentaries, Chernobyl Disaster remains a staple of history storytelling. Tone: dramatic, fast-paced, documentary style. 9:16 vertical.","Reactor 4 exploded April 26 1986 Ukraine. | Worst nuclear disaster in history. | Exclusion zone still uninhabitable today. | Firefighters died of radiation within weeks. | Changed nuclear safety worldwide. | One mistake. A zone poisoned forever. | Hook: One mistake. 4,000 square miles POISONED. | Tone: dramatic, fast-paced, documentary style. 9:16 vertical. | A zone poisoned forever. #Chernobyl #NuclearDisaster #Ukraine #HistoryTok One mistake. 4,000 square miles POISONED. | On 26 April 1986, reactor 4 of the Chernobyl Nuclear Power Plant, located near Pripyat, Ukraine, exploded. | With dozens of direct casualties and thousands of health complications stemming from the disaster, it is one of only. | The response involved more than 500,000 personnel and cost an estimated 18 billion rubles.",/images/catalog/242-chernobyl-disaster.jpg,#Chernobyl #NuclearDisaster #Ukraine #HistoryTok,One mistake. A zone poisoned forever. #Chernobyl #NuclearDisaster #Ukraine #HistoryTok,IAEA Imagebank · CC BY-SA 2.0,https://commons.wikimedia.org/wiki/File:IAEA_02790015_%285613115146%29.jpg
243,Fukushima Nuclear Disaster,A wave. Three meltdowns.,"Create a 30-second vertical history short about Fukushima Nuclear Disaster. Hook: A wave. Three meltdowns. Cover: March 11 2011 tsunami hit Fukushima Daiichi — a key part of the story of Fukushima Nuclear Disaster. Three reactors melted down — a key part of the story of Fukushima Nuclear Disaster. 160,000 people evacuated permanently — a key part of the story of Fukushima Nuclear Disaster. Worst nuclear disaster since Chernobyl — a key part of the story of Fukushima Nuclear Disaster. Japan still dealing with contaminated water — a key part of the story of Fukushima Nuclear Disaster. A tsunami. Three meltdowns. A nation changed. The events surrounding Fukushima Nuclear Disaster reveal how quickly history can turn on a single decision. From classrooms to documentaries, Fukushima Nuclear Disaster remains a staple of history storytelling. Tone: dramatic, fast-paced, documentary style. 9:16 vertical.","March 11 2011 tsunami hit Fukushima Daiichi. | Three reactors melted down. | 160,000 people evacuated permanently. | Worst nuclear disaster since Chernobyl. | Japan still dealing with contaminated water. | A tsunami. Three meltdowns. A nation changed. | Tone: dramatic, fast-paced, documentary style. 9:16 vertical. | A nation changed. #Fukushima #NuclearDisaster #Japan #HistoryTok A wave. | On 11 March 2011, a major nuclear accident started at the Fukushima Daiichi Nuclear Power Plant in Ōkuma, Fukushima. | The direct cause was the Tōhoku earthquake and tsunami, which resulted in electrical grid failure and damaged nearly. | The subsequent inability to sufficiently cool reactors after shutdown compromised containment and resulted in the. | It is regarded by the United Nations Scientific Committee on the Effects of Atomic Radiation as the worst nuclear.",/images/catalog/243-fukushima-nuclear-disaster.jpg,#Fukushima #NuclearDisaster #Japan #HistoryTok,A tsunami. Three meltdowns. A nation changed. #Fukushima #NuclearDisaster #Japan #HistoryTok,Digital Globe · CC BY-SA 3.0,https://commons.wikimedia.org/wiki/File:Fukushima_I_by_Digital_Globe.jpg
244,Bhopal Gas Tragedy,"Midnight. 3,000 DEAD in hours.","Create a 30-second vertical history short about Bhopal Gas Tragedy. Hook: Midnight. 3,000 DEAD in hours. Cover: Union Carbide pesticide plant leaked December 1984 — a key part of the story of Bhopal Gas Tragedy. Methyl isocyanate gas killed 3,000 instantly — a key part of the story of Bhopal Gas Tragedy. Estimated 15,000-20,000 total deaths — a key part of the story of Bhopal Gas Tragedy. Worst industrial disaster in history — a key part of the story of Bhopal Gas Tragedy. Site still contaminated decades later — a key part of the story of Bhopal Gas Tragedy. 3,000 dead in one night. Corporate crime. The events surrounding Bhopal Gas Tragedy reveal how quickly history can turn on a single decision. From classrooms to documentaries, Bhopal Gas Tragedy remains a staple of history storytelling. Tone: dramatic, fast-paced, documentary style. 9:16 vertical.","Union Carbide pesticide plant leaked December 1984. | Methyl isocyanate gas killed 3,000 instantly. | Estimated 15,000-20,000 total deaths. | Worst industrial disaster in history. | Site still contaminated decades later. | 3,000 dead in one night. Corporate crime. | Hook: Midnight. 3,000 DEAD in hours. | Tone: dramatic, fast-paced, documentary style. 9:16 vertical. 3,000 dead in one night. | Corporate crime. #Bhopal #IndustrialDisaster #India #HistoryTok Midnight. 3,000 DEAD in hours. | On 3 December 1984, over 500,000 people in the vicinity of the Union Carbide India Limited pesticide plant in. | A government affidavit in 2006 stated that the leak caused approximately 558,125 injuries, including 38,478. | Estimates vary on the death toll, with the official number of immediate deaths being 2,259.",/images/catalog/244-bhopal-gas-tragedy.jpg,#Bhopal #IndustrialDisaster #India #HistoryTok,"3,000 dead in one night. Corporate crime. #Bhopal #IndustrialDisaster #India #HistoryTok","Bhopal Medical Appeal, Martin Stott · CC BY-SA 2.0",https://commons.wikimedia.org/wiki/File:Union_Carbide_pesticide_factory%2C_Bhopal%2C_India%2C_1985.jpg
245,Hindenburg Disaster,Oh the HUMANITY.,"Create a 30-second vertical history short about Hindenburg Disaster. Hook: Oh the HUMANITY. Cover: German airship exploded May 6 1937 New Jersey. 36 of 97 aboard died — a key part of the story of Hindenburg Disaster. Herbert Morrison's radio cry immortalized — a key part of the story of Hindenburg Disaster. Ended era of passenger airship travel — a key part of the story of Hindenburg Disaster. Cause still debated hydrogen or sabotage — a key part of the story of Hindenburg Disaster. Oh the humanity. Airship era ended. The events surrounding Hindenburg Disaster reveal how quickly history can turn on a single decision. From classrooms to documentaries, Hindenburg Disaster remains a staple of history storytelling. Tone: dramatic, fast-paced, documentary style. 9:16 vertical.","German airship exploded May 6 1937 New Jersey. | Herbert Morrison's radio cry immortalized. | Ended era of passenger airship travel. | Cause still debated hydrogen or sabotage. | Tone: dramatic, fast-paced, documentary style. 9:16 vertical. | Airship era ended. #Hindenburg #AviationDisaster #1937 #HistoryTok Oh the HUMANITY. | Airship accident that occurred on May 6, 1937, in Manchester Township, New Jersey, United States. | The LZ 129 Hindenburg was a German commercial passenger-carrying rigid airship, the lead ship of the Hindenburg. | Filled with hydrogen, it caught fire and was destroyed during its attempt to dock with its mooring mast at Naval Air. | The accident caused 35 fatalities among the 97 people on board, and an additional fatality on the ground. | The disaster was the subject of newsreel coverage, photographs and Herbert Morrison's recorded radio eyewitness. | A variety of theories have been put forward for both the cause of ignition and the initial fuel for the ensuing fire.",/images/catalog/245-hindenburg-disaster.jpg,#Hindenburg #AviationDisaster #1937 #HistoryTok,Oh the humanity. Airship era ended. #Hindenburg #AviationDisaster #1937 #HistoryTok,Sam Shere · Public domain,https://commons.wikimedia.org/wiki/File:Hindenburg_disaster.jpg
246,Challenger Space Shuttle,73 seconds. School children WATCHED.,"Create a 30-second vertical history short about Challenger Space Shuttle. Hook: 73 seconds. School children WATCHED. Cover: Exploded January 28 1986 killing all 7 crew. Millions watched live including schoolchildren — a key part of the story of Challenger Space Shuttle. Teacher Christa McAuliffe was aboard — a key part of the story of Challenger Space Shuttle. O-ring failure in cold weather caused disaster — a key part of the story of Challenger Space Shuttle. Shuttle program paused 32 months — a key part of the story of Challenger Space Shuttle. 73 seconds. Children watched. America wept. The events surrounding Challenger Space Shuttle reveal how quickly history can turn on a single decision. From classrooms to documentaries, Challenger Space Shuttle remains a staple of history storytelling. Tone: dramatic, fast-paced, documentary style. 9:16 vertical.","Exploded January 28 1986 killing all 7 crew. | Millions watched live including schoolchildren. | Teacher Christa McAuliffe was aboard. | O-ring failure in cold weather caused disaster. | Shuttle program paused 32 months. | 73 seconds. Children watched. America wept. | School children WATCHED. | Tone: dramatic, fast-paced, documentary style. 9:16 vertical. 73 seconds. | America wept. #Challenger #SpaceDisaster #NASA #HistoryTok 73 seconds. | Space Shuttle Challenger was a Space Shuttle orbiter manufactured by Rockwell International and operated by NASA. | Named after the commanding ship of a nineteenth-century scientific expedition that traveled the world, Challenger. | It was destroyed in January 1986 soon after launch in a disaster that killed all seven crewmembers aboard.",/images/catalog/246-challenger-space-shuttle.jpg,#Challenger #SpaceDisaster #NASA #HistoryTok,73 seconds. Children watched. America wept. #Challenger #SpaceDisaster #NASA #HistoryTok,Kennedy Space Center · Public domain,https://commons.wikimedia.org/wiki/File:Challenger_explosion.jpg
247,Columbia Space Shuttle,Foam. 7 DEAD.,"Create a 30-second vertical history short about Columbia Space Shuttle. Hook: Foam. 7 DEAD. Cover: Disintegrated on reentry February 1 2003 — a key part of the story of Columbia Space Shuttle. All 7 crew killed including first Israeli astronaut. Foam strike damaged wing during launch — a key part of the story of Columbia Space Shuttle. NASA knew of damage but underestimated risk — a key part of the story of Columbia Space Shuttle. End of space shuttle program accelerated — a key part of the story of Columbia Space Shuttle. A piece of foam. Seven lives. The events surrounding Columbia Space Shuttle reveal how quickly history can turn on a single decision. From classrooms to documentaries, Columbia Space Shuttle remains a staple of history storytelling. Tone: dramatic, fast-paced, documentary style. 9:16 vertical.","Disintegrated on reentry February 1 2003. | All 7 crew killed including first Israeli astronaut. | Foam strike damaged wing during launch. | NASA knew of damage but underestimated risk. | End of space shuttle program accelerated. | A piece of foam. Seven lives. | Tone: dramatic, fast-paced, documentary style. 9:16 vertical. | Seven lives. #Columbia #SpaceDisaster #NASA #HistoryTok Foam. 7 DEAD. | Space Shuttle Columbia was a Space Shuttle orbiter manufactured by Rockwell International and operated by NASA. | Named after the first American ship to circumnavigate the globe, and the female personification of the United. | As only the second full-scale orbiter to be manufactured after the Approach and Landing Test vehicle Enterprise. | In addition to a heavier aft fuselage and the retention of an internal airlock throughout its lifetime, these made.",/images/catalog/247-columbia-space-shuttle.jpg,#Columbia #SpaceDisaster #NASA #HistoryTok,A piece of foam. Seven lives. #Columbia #SpaceDisaster #NASA #HistoryTok,NASA · Public domain,https://commons.wikimedia.org/wiki/File:Space_Shuttle_Columbia_lands_following_STS-62_on_18_March_1994._%28cropped%29.jpg
248,San Francisco Earthquake 1906,3 minutes. City on FIRE.,"Create a 30-second vertical history short about San Francisco Earthquake 1906. Hook: 3 minutes. City on FIRE. Cover: Magnitude 7.9 earthquake April 18 1906 — a key part of the story of San Francisco Earthquake 1906. Fires burned for three days after quake — a key part of the story of San Francisco Earthquake 1906. Estimated 3,000 deaths 80 percent of city destroyed. Army dynamited buildings to stop fire spread — a key part of the story of San Francisco Earthquake 1906. Led to modern earthquake building codes — a key part of the story of San Francisco Earthquake 1906. Three minutes. Three days of fire. The events surrounding San Francisco Earthquake 1906 reveal how quickly history can turn on a single decision. From classrooms to documentaries, San Francisco Earthquake 1906 remains a staple of history storytelling. Tone: dramatic, fast-paced, documentary style. 9:16 vertical.","Magnitude 7.9 earthquake April 18 1906. | Fires burned for three days after quake. | Estimated 3,000 deaths 80 percent of city destroyed. | Army dynamited buildings to stop fire spread. | Led to modern earthquake building codes. | Three minutes. Three days of fire. | Tone: dramatic, fast-paced, documentary style. 9:16 vertical. | A magnitude 7.9 earthquake struck the coast of Northern California at 05:12 am Pacific Standard Time on Wednesday. | With a maximum Mercalli intensity of XI , it created high-intensity shaking from Eureka on the North Coast to the. | Extensive fires soon broke out in San Francisco and lasted for several days. | More than 3,000 people died and over 80% of the city was destroyed. | The event is remembered as the deadliest earthquake in the history of the United States.",/images/catalog/248-san-francisco-earthquake-1906.jpg,#SanFrancisco #Earthquake #Disaster #HistoryTok,Three minutes. Three days of fire. #SanFrancisco #Earthquake #Disaster #HistoryTok,Unknown author Unknown author · CC0,https://commons.wikimedia.org/wiki/File:1906_San_Francisco_earthquake.jpg
249,Great Lisbon Earthquake,"Church on a HOLY day. 60,000 dead.","Create a 30-second vertical history short about Great Lisbon Earthquake. Hook: Church on a HOLY day. 60,000 dead. Cover: November 1 1755 All Saints Day magnitude 8.5-9. Tsunami followed earthquake — a key part of the story of Great Lisbon Earthquake. Estimated 60,000-100,000 deaths — a key part of the story of Great Lisbon Earthquake. Philosophers questioned God's role Voltaire wrote Candide — a key part of the story of Great Lisbon Earthquake. Rebuilt city with first earthquake-resistant design — a key part of the story of Great Lisbon Earthquake. Church full on holy day. Earth shook. The events surrounding Great Lisbon Earthquake reveal how quickly history can turn on a single decision. From classrooms to documentaries, Great Lisbon Earthquake remains a staple of history storytelling. Tone: dramatic, fast-paced, documentary style. 9:16 vertical.","November 1 1755 All Saints Day magnitude 8.5-9. | Tsunami followed earthquake. | Estimated 60,000-100,000 deaths. | Philosophers questioned God's role Voltaire wrote Candide. | Rebuilt city with first earthquake-resistant design. | Church full on holy day. Earth shook. | Hook: Church on a HOLY day. 60,000 dead. | Tone: dramatic, fast-paced, documentary style. 9:16 vertical. | Earth shook. #Lisbon #Earthquake #Disaster #HistoryTok Church on a HOLY day. 60,000 dead. | The 1755 Lisbon earthquake, also known as the Great Lisbon earthquake, hit the Iberian Peninsula and Northwest. | In combination with subsequent fires and a tsunami, the earthquake almost completely destroyed Lisbon and adjoining. | Seismologists estimate the Lisbon earthquake had a magnitude of 7.7 or greater on the moment magnitude scale, with.",/images/catalog/249-great-lisbon-earthquake.jpg,#Lisbon #Earthquake #Disaster #HistoryTok,Church full on holy day. Earth shook. #Lisbon #Earthquake #Disaster #HistoryTok,Unknown author Unknown author · Public domain,https://commons.wikimedia.org/wiki/File:1755_Lisbon_earthquake.jpg
250,Tunguska Event,600 miles of forest FLATTENED.,"Create a 30-second vertical history short about Tunguska Event. Hook: 600 miles of forest FLATTENED. Cover: Massive explosion June 30 1908 Siberia — a key part of the story of Tunguska Event. Flattened 800 square miles of forest — a key part of the story of Tunguska Event. Estimated 1,000 times Hiroshima blast power — a key part of the story of Tunguska Event. No crater found likely airburst meteor — a key part of the story of Tunguska Event. Largest impact event in recorded history — a key part of the story of Tunguska Event. 600 miles of forest. No crater. What hit?. The events surrounding Tunguska Event reveal how quickly history can turn on a single decision. From classrooms to documentaries, Tunguska Event remains a staple of history storytelling. Tone: dramatic, fast-paced, documentary style. 9:16 vertical.","Massive explosion June 30 1908 Siberia. | Flattened 800 square miles of forest. | Estimated 1,000 times Hiroshima blast power. | No crater found likely airburst meteor. | Largest impact event in recorded history. | 600 miles of forest. No crater. What hit?. | Hook: 600 miles of forest FLATTENED. | Tone: dramatic, fast-paced, documentary style. 9:16 vertical. 600 miles of forest. | What hit? #Tunguska #Meteor #WeirdHistory #HistoryTok 600 miles of forest FLATTENED. | Large explosion of between 3 and 50 megatons TNT equivalent that occurred near the Podkamennaya Tunguska River in. | The explosion over the sparsely populated East Siberian taiga felled a large number of trees, over an area of 2,150. | The explosion is attributed to a meteor air burst, the atmospheric explosion of a stony asteroid about 50–60 m wide.",/images/catalog/250-tunguska-event.jpg,#Tunguska #Meteor #WeirdHistory #HistoryTok,600 miles of forest. No crater. What hit? #Tunguska #Meteor #WeirdHistory #HistoryTok,"Leonid Kulik, the expedition to the Tunguska event · Public domain",https://commons.wikimedia.org/wiki/File:Tunguska_Ereignis-1.jpg
251,Triangle Shirtwaist Fire,146 workers. Doors LOCKED.,"Create a 30-second vertical history short about Triangle Shirtwaist Fire. Hook: 146 workers. Doors LOCKED. Cover: Factory fire March 25 1911 New York City. 146 garment workers mostly young women died — a key part of the story of Triangle Shirtwaist Fire. Exit doors locked to prevent theft — a key part of the story of Triangle Shirtwaist Fire. Jumped from windows to escape flames — a key part of the story of Triangle Shirtwaist Fire. Sparked labor reform and fire safety laws — a key part of the story of Triangle Shirtwaist Fire. 146 dead. Doors locked. Reform followed. The events surrounding Triangle Shirtwaist Fire reveal how quickly history can turn on a single decision. From classrooms to documentaries, Triangle Shirtwaist Fire remains a staple of history storytelling. Tone: dramatic, fast-paced, documentary style. 9:16 vertical.","Factory fire March 25 1911 New York City. | 146 garment workers mostly young women died. | Exit doors locked to prevent theft. | Jumped from windows to escape flames. | Sparked labor reform and fire safety laws. | 146 dead. Doors locked. Reform followed. | Tone: dramatic, fast-paced, documentary style. 9:16 vertical. 146 dead. | Reform followed. #TriangleFire #LaborHistory #NewYork #HistoryMatters 146 workers. | The Triangle Shirtwaist Factory fire occurred in the Greenwich Village neighborhood of Manhattan, a borough of New. | The fire was the deadliest industrial disaster in the history of the city, and one of the deadliest in U.S. history. | The fire caused the deaths of 146 garment workers—123 women and girls and 23 men—who died from either the fire. | Most of the victims were recent Italian and Jewish immigrants aged 14 to 23.",/images/catalog/251-triangle-shirtwaist-fire.jpg,#TriangleFire #LaborHistory #NewYork #HistoryMatters,146 dead. Doors locked. Reform followed. #TriangleFire #LaborHistory #NewYork #HistoryMatters,Unknown author Unknown author · Public domain,https://commons.wikimedia.org/wiki/File:Image_of_Triangle_Shirtwaist_Factory_fire_on_March_25_-_1911.jpg
252,Halifax Explosion,Biggest man-made blast BEFORE nukes.,"Create a 30-second vertical history short about Halifax Explosion. Hook: Biggest man-made blast BEFORE nukes. Cover: December 6 1917 Halifax Nova Scotia — a key part of the story of Halifax Explosion. Ship collision ignited munitions cargo — a key part of the story of Halifax Explosion. Largest man-made explosion before atomic age — a key part of the story of Halifax Explosion. Estimated 2,000 killed 9,000 injured — a key part of the story of Halifax Explosion. Boston sent immediate medical aid — a key part of the story of Halifax Explosion. Biggest blast before the bomb. The events surrounding Halifax Explosion reveal how quickly history can turn on a single decision. From classrooms to documentaries, Halifax Explosion remains a staple of history storytelling. Tone: dramatic, fast-paced, documentary style. 9:16 vertical.","December 6 1917 Halifax Nova Scotia. | Ship collision ignited munitions cargo. | Largest man-made explosion before atomic age. | Estimated 2,000 killed 9,000 injured. | Boston sent immediate medical aid. | Biggest blast before the bomb. | Hook: Biggest man-made blast BEFORE nukes. | Tone: dramatic, fast-paced, documentary style. 9:16 vertical. | On the morning of 6 December 1917, the French cargo ship SS Mont-Blanc and the Norwegian vessel SS Imo collided in. | Laden with high explosives, Mont-Blanc caught fire and detonated, devastating the Richmond district of Halifax. | At least 1,782 people, largely in Halifax and Dartmouth, were killed by the blast, debris, fires, or collapsed. | The blast was the largest human-made explosion at the time.",/images/catalog/252-halifax-explosion.jpg,#Halifax #Explosion #Canada #HistoryTok,Biggest blast before the bomb. #Halifax #Explosion #Canada #HistoryTok,Unknown author Unknown author · Public domain,https://commons.wikimedia.org/wiki/File:Halifax_Explosion_blast_cloud_restored.jpg
253,Spanish Flu Pandemic,50 million dead. Forgotten PANDEMIC.,"Create a 30-second vertical history short about Spanish Flu Pandemic. Hook: 50 million dead. Forgotten PANDEMIC. Cover: 1918-1920 killed estimated 50-100 million worldwide — a key part of the story of Spanish Flu Pandemic. More deadly than WWI which it overlapped — a key part of the story of Spanish Flu Pandemic. Killed healthy young adults unusually — a key part of the story of Spanish Flu Pandemic. No vaccine no effective treatment — a key part of the story of Spanish Flu Pandemic. Origin still debated Kansas China or elsewhere — a key part of the story of Spanish Flu Pandemic. 50 million dead. History forgot. The events surrounding Spanish Flu Pandemic reveal how quickly history can turn on a single decision. From classrooms to documentaries, Spanish Flu Pandemic remains a staple of history storytelling. Tone: dramatic, fast-paced, documentary style. 9:16 vertical.","1918-1920 killed estimated 50-100 million worldwide. | More deadly than WWI which it overlapped. | Killed healthy young adults unusually. | No vaccine no effective treatment. | Origin still debated Kansas China or elsewhere. | 50 million dead. History forgot. | Tone: dramatic, fast-paced, documentary style. 9:16 vertical. 50 million dead. | The 1918–1920 flu pandemic, also known as the Great Influenza epidemic or by the misleading name Spanish flu, was an. | The earliest probable cases were documented in March 1918 in Haskell County, Kansas, United States, with further. | Two years later, nearly a third of the global population, or an estimated 500 million people, had been infected. | Estimates of deaths range from 17 million to 50 million, and possibly as high as 100 million, making it one of the. | The pandemic broke out near the end of World War I, when wartime censors in the belligerent countries suppressed bad.",/images/catalog/253-spanish-flu-pandemic.jpg,#SpanishFlu #Pandemic #1918 #HistoryTok,50 million dead. History forgot. #SpanishFlu #Pandemic #1918 #HistoryTok,"Otis Historical Archives, National Museum of Health and Medicine · Public domain",https://commons.wikimedia.org/wiki/File:Emergency_hospital_during_Influenza_epidemic%2C_Camp_Funston%2C_Kansas_-_NCP_1603.jpg
254,AIDS Crisis,Silent epidemic. Millions DEAD.,"Create a 30-second vertical history short about AIDS Crisis. Hook: Silent epidemic. Millions DEAD. Cover: First identified 1981 among gay men in US. Killed estimated 40 million worldwide — a key part of the story of AIDS Crisis. Initial government response was shamefully slow — a key part of the story of AIDS Crisis. ACT UP activists forced change — a key part of the story of AIDS Crisis. Transformative antiretroviral drugs arrived 1996 — a key part of the story of AIDS Crisis. 40 million dead. Silence killed. The events surrounding AIDS Crisis reveal how quickly history can turn on a single decision. From classrooms to documentaries, AIDS Crisis remains a staple of history storytelling. Tone: dramatic, fast-paced, documentary style. 9:16 vertical.","First identified 1981 among gay men in US. | Killed estimated 40 million worldwide. | Initial government response was shamefully slow. | ACT UP activists forced change. | Transformative antiretroviral drugs arrived 1996. | 40 million dead. Silence killed. | Tone: dramatic, fast-paced, documentary style. 9:16 vertical. 40 million dead. | Silence killed. #AIDS #PublicHealth #LGBTQHistory #HistoryMatters Silent epidemic. | The global pandemic of HIV/AIDS began in 1981, and is an ongoing worldwide public health issue. | According to the World Health Organization , by 2023, HIV/AIDS had killed approximately 40.4 million people, and. | Of these, 29.8 million people are receiving antiretroviral treatment. | There were about 630,000 deaths from HIV/AIDS in 2022.",/images/catalog/254-aids-crisis.png,#AIDS #PublicHealth #LGBTQHistory #HistoryMatters,40 million dead. Silence killed. #AIDS #PublicHealth #LGBTQHistory #HistoryMatters,Our world in data · CC BY 4.0,https://commons.wikimedia.org/wiki/File:World_map_of_HIV_prevalence%2C_2023.png
255,COVID-19 Pandemic,One virus. World STOPPED.,"Create a 30-second vertical history short about COVID-19 Pandemic. Hook: One virus. World STOPPED. Cover: Declared pandemic March 2020 — a key part of the story of COVID-19 Pandemic. Killed over 7 million officially worldwide — a key part of the story of COVID-19 Pandemic. Lockdowns closed schools businesses borders — a key part of the story of COVID-19 Pandemic. Fastest vaccine development in history — a key part of the story of COVID-19 Pandemic. Changed work travel and society permanently — a key part of the story of COVID-19 Pandemic. One virus. The world stopped. The events surrounding COVID-19 Pandemic reveal how quickly history can turn on a single decision. From classrooms to documentaries, COVID-19 Pandemic remains a staple of history storytelling. Tone: dramatic, fast-paced, documentary style. 9:16 vertical.","Declared pandemic March 2020. | Killed over 7 million officially worldwide. | Lockdowns closed schools businesses borders. | Fastest vaccine development in history. | Changed work travel and society permanently. | One virus. The world stopped. | Tone: dramatic, fast-paced, documentary style. 9:16 vertical. | The global COVID-19 pandemic, caused by severe acute respiratory syndrome coronavirus 2 , began with an outbreak in. | It spread to other parts of Asia and then worldwide in early 2020. | The World Health Organization declared the outbreak a public health emergency of international concern on 30 January. | The WHO declared that the public health emergency caused by COVID-19 had ended in May 2023, while noting that. | COVID-19 symptoms range from asymptomatic to deadly, but most commonly include fever, sore throat, nocturnal cough.",/images/catalog/255-covid-19-pandemic.jpg,#COVID19 #Pandemic #ModernHistory #HistoryTok,One virus. The world stopped. #COVID19 #Pandemic #ModernHistory #HistoryTok,Gustavo Basso · CC BY-SA 4.0,https://commons.wikimedia.org/wiki/File:Covid-19_SP_-_UTI_V._Nova_Cachoeirinha.jpg
256,2004 Indian Ocean Tsunami,"Boxing Day. 230,000 DEAD.","Create a 30-second vertical history short about 2004 Indian Ocean Tsunami. Hook: Boxing Day. 230,000 DEAD. Cover: December 26 2004 magnitude 9.1 earthquake — a key part of the story of 2004 Indian Ocean Tsunami. Tsunami hit 14 countries across Indian Ocean — a key part of the story of 2004 Indian Ocean Tsunami. Estimated 230,000 killed — a key part of the story of 2004 Indian Ocean Tsunami. No warning system existed in region — a key part of the story of 2004 Indian Ocean Tsunami. Led to global tsunami warning network — a key part of the story of 2004 Indian Ocean Tsunami. Boxing Day. 230,000 dead. No warning. The events surrounding 2004 Indian Ocean Tsunami reveal how quickly history can turn on a single decision. From classrooms to documentaries, 2004 Indian Ocean Tsunami remains a staple of history storytelling. Tone: dramatic, fast-paced, documentary style. 9:16 vertical.","December 26 2004 magnitude 9.1 earthquake. | Tsunami hit 14 countries across Indian Ocean. | Estimated 230,000 killed. | No warning system existed in region. | Led to global tsunami warning network. | Boxing Day. 230,000 dead. No warning. | Tone: dramatic, fast-paced, documentary style. 9:16 vertical. | On 26 December 2004, at 07:58:53 local time , a Mw 9.2–9.3 earthquake struck with its epicenter off the west coast. | The undersea megathrust earthquake, known in the scientific community as the Sumatra–Andaman earthquake, was caused. | The earthquake caused a massive tsunami with waves up to 30 m high, referred to by British and Commonwealth media as. | The direct result was severe disruption to living conditions and commerce in coastal provinces of these and other. | It is the deadliest tsunami in history, the deadliest natural disaster of the 21st century, and one of the deadliest.",/images/catalog/256-2004-indian-ocean-tsunami.jpg,#Tsunami #Disaster #Asia #HistoryTok,"Boxing Day. 230,000 dead. No warning. #Tsunami #Disaster #Asia #HistoryTok",U.S. Navy photo by Photographer's Mate 2nd Class Philip A. McDaniel · Public domain,https://commons.wikimedia.org/wiki/File:US_Navy_050102-N-9593M-040_A_village_near_the_coast_of_Sumatra_lays_in_ruin_after_the_Tsunami_that_struck_South_East_Asia.jpg
257,Exxon Valdez Oil Spill,11 million gallons. Coast RUINED.,"Create a 30-second vertical history short about Exxon Valdez Oil Spill. Hook: 11 million gallons. Coast RUINED. Cover: Tanker ran aground March 24 1989 Alaska — a key part of the story of Exxon Valdez Oil Spill. Spilled 11 million gallons of crude oil — a key part of the story of Exxon Valdez Oil Spill. Coated 1,300 miles of coastline — a key part of the story of Exxon Valdez Oil Spill. Wildlife devastated for decades — a key part of the story of Exxon Valdez Oil Spill. Changed oil shipping regulations — a key part of the story of Exxon Valdez Oil Spill. 11 million gallons. Coast destroyed. The events surrounding Exxon Valdez Oil Spill reveal how quickly history can turn on a single decision. From classrooms to documentaries, Exxon Valdez Oil Spill remains a staple of history storytelling. Tone: dramatic, fast-paced, documentary style. 9:16 vertical.","Tanker ran aground March 24 1989 Alaska. | Spilled 11 million gallons of crude oil. | Coated 1,300 miles of coastline. | Wildlife devastated for decades. | Changed oil shipping regulations. | 11 million gallons. Coast destroyed. | Hook: 11 million gallons. | Tone: dramatic, fast-paced, documentary style. 9:16 vertical. 11 million gallons. | Major environmental disaster that occurred in Alaska's Prince William Sound on March 24, 1989. | The spill occurred when Exxon Valdez, an oil supertanker owned by Exxon Shipping Company, bound for Long Beach. | The tanker spilled more than 10 million US gallons of crude oil over the next few days. | The Exxon Valdez spill is the second largest in U.S. waters, after the 2010 Deepwater Horizon oil spill, in terms of.",/images/catalog/257-exxon-valdez-oil-spill.jpg,#ExxonValdez #Environment #Disaster #HistoryTok,11 million gallons. Coast destroyed. #ExxonValdez #Environment #Disaster #HistoryTok,Exxon Valdez Oil Spill Trustee Council · Public domain,https://commons.wikimedia.org/wiki/File:Exxon_Valdez_Aerial.jpg
258,Deepwater Horizon,87 days. Gulf POISONED.,"Create a 30-second vertical history short about Deepwater Horizon. Hook: 87 days. Gulf POISONED. Cover: Oil rig exploded April 20 2010 Gulf of Mexico. 11 workers killed — a key part of the story of Deepwater Horizon. Spilled 4.9 million barrels over 87 days — a key part of the story of Deepwater Horizon. Worst marine oil spill in US history — a key part of the story of Deepwater Horizon. BP paid $65 billion in settlements — a key part of the story of Deepwater Horizon. 87 days of oil. Gulf poisoned. The events surrounding Deepwater Horizon reveal how quickly history can turn on a single decision. From classrooms to documentaries, Deepwater Horizon remains a staple of history storytelling. Tone: dramatic, fast-paced, documentary style. 9:16 vertical.","Oil rig exploded April 20 2010 Gulf of Mexico. | Spilled 4.9 million barrels over 87 days. | Worst marine oil spill in US history. | BP paid $65 billion in settlements. | 87 days of oil. Gulf poisoned. | Tone: dramatic, fast-paced, documentary style. 9:16 vertical. 87 days of oil. | Gulf poisoned. #DeepwaterHorizon #Environment #Disaster #HistoryTok 87 days. | Ultra-deepwater, dynamically positioned, semi-submersible offshore drilling rig owned by Transocean and operated by. | On 20 April 2010, while drilling in the Gulf of Mexico at the Macondo Prospect, a blowout caused an explosion on the. | The fire was inextinguishable and, two days later, on 22 April, the Horizon collapsed, leaving the well gushing at. | Built in 2001 in South Korea by Hyundai Heavy Industries, the rig was commissioned by R&B Falcon , registered in. | In September 2009, the rig drilled the deepest oil well in history at a vertical depth of 35,050 ft and measured.",/images/catalog/258-deepwater-horizon.jpg,#DeepwaterHorizon #Environment #Disaster #HistoryTok,87 days of oil. Gulf poisoned. #DeepwaterHorizon #Environment #Disaster #HistoryTok,Unknown author Unknown author · Public domain,https://commons.wikimedia.org/wiki/File:Deepwater_Horizon_offshore_drilling_unit_on_fire.jpg
259,Great Chicago Fire,3 days. City REBUILT.,"Create a 30-second vertical history short about Great Chicago Fire. Hook: 3 days. City REBUILT. Cover: Burned October 8-10 1871 — a key part of the story of Great Chicago Fire. Killed approximately 300 destroyed 17,000 buildings — a key part of the story of Great Chicago Fire. Legend blames Mrs. O'Leary's cow likely false — a key part of the story of Great Chicago Fire. Chicago rebuilt with steel skyscrapers — a key part of the story of Great Chicago Fire. Led to modern fire codes and building standards. Burned to ash. Rebuilt in steel. The events surrounding Great Chicago Fire reveal how quickly history can turn on a single decision. From classrooms to documentaries, Great Chicago Fire remains a staple of history storytelling. Tone: dramatic, fast-paced, documentary style. 9:16 vertical.","Burned October 8-10 1871. | Killed approximately 300 destroyed 17,000 buildings. | Legend blames Mrs. O'Leary's cow likely false. | Chicago rebuilt with steel skyscrapers. | Led to modern fire codes and building standards. | Burned to ash. Rebuilt in steel. | Tone: dramatic, fast-paced, documentary style. 9:16 vertical. | Rebuilt in steel. #ChicagoFire #Disaster #AmericanHistory #HistoryTok 3 days. | Conflagration that burned in Chicago, Illinois, United States, during October 8–10, 1871. | The fire killed approximately 300 people, destroyed 17,000 structures across roughly 3.3 square miles , and left. | The fire began in a neighborhood southwest of the city center. | A long period of hot, dry, windy conditions, and the wooden construction prevalent in the city, led to the.",/images/catalog/259-great-chicago-fire.jpg,#ChicagoFire #Disaster #AmericanHistory #HistoryTok,Burned to ash. Rebuilt in steel. #ChicagoFire #Disaster #AmericanHistory #HistoryTok,Currier and Ives · Public domain,https://commons.wikimedia.org/wiki/File:Chicago_in_Flames_by_Currier_%26_Ives%2C_1871_%28cropped%29.jpg
260,Johnstown Flood,"2,209 dead. Dam FAILED.","Create a 30-second vertical history short about Johnstown Flood. Hook: 2,209 dead. Dam FAILED. Cover: May 31 1889 Pennsylvania — a key part of the story of Johnstown Flood. Dam burst after heavy rains — a key part of the story of Johnstown Flood. 20 million tons of water hit town — a key part of the story of Johnstown Flood. 2,209 people killed — a key part of the story of Johnstown Flood. Wealthy club members owned failed dam — a key part of the story of Johnstown Flood. Rich men's dam. Poor town drowned. The events surrounding Johnstown Flood reveal how quickly history can turn on a single decision. From classrooms to documentaries, Johnstown Flood remains a staple of history storytelling. Tone: dramatic, fast-paced, documentary style. 9:16 vertical.","May 31 1889 Pennsylvania. | Dam burst after heavy rains. | 20 million tons of water hit town. | Wealthy club members owned failed dam. | Rich men's dam. Poor town drowned. | Tone: dramatic, fast-paced, documentary style. 9:16 vertical. | Poor town drowned. #JohnstownFlood #Disaster #AmericanHistory #HistoryTok 2,209 dead. | The Johnstown Flood, sometimes referred to locally as the Great Flood of 1889, occurred on Friday, May 31, 1889. | The dam ruptured after several days of extremely heavy rainfall, releasing 14.55 million cubic meters of water. | With a volumetric flow rate that temporarily equaled the average flow rate of the Mississippi River, the flood. | By loss of life it was by far the worst flash flood in U.S. history. | The American Red Cross, led by Clara Barton and with 50 volunteers, undertook a major disaster relief effort.",/images/catalog/260-johnstown-flood.jpg,#JohnstownFlood #Disaster #AmericanHistory #HistoryTok,Rich men's dam. Poor town drowned. #JohnstownFlood #Disaster #AmericanHistory #HistoryTok,E. Benjamin Andrews · Public domain,https://commons.wikimedia.org/wiki/File:Johnstown_Main_Street_1889_flood.jpg
261,Galveston Hurricane 1900,Deadliest US natural DISASTER.,"Create a 30-second vertical history short about Galveston Hurricane 1900. Hook: Deadliest US natural DISASTER. Cover: September 8 1900 Category 4 hurricane — a key part of the story of Galveston Hurricane 1900. Estimated 6,000-12,000 killed — a key part of the story of Galveston Hurricane 1900. Entire island city devastated — a key part of the story of Galveston Hurricane 1900. Led to construction of seawall — a key part of the story of Galveston Hurricane 1900. Deadliest natural disaster in US history — a key part of the story of Galveston Hurricane 1900. 12,000 dead. America's deadliest disaster. The events surrounding Galveston Hurricane 1900 reveal how quickly history can turn on a single decision. From classrooms to documentaries, Galveston Hurricane 1900 remains a staple of history storytelling. Tone: dramatic, fast-paced, documentary style. 9:16 vertical.","September 8 1900 Category 4 hurricane. | Estimated 6,000-12,000 killed. | Entire island city devastated. | Led to construction of seawall. | Deadliest natural disaster in US history. | 12,000 dead. America's deadliest disaster. | Tone: dramatic, fast-paced, documentary style. 9:16 vertical. 12,000 dead. | America's deadliest disaster. #Galveston #Hurricane #Disaster #HistoryTok Deadliest US natural DISASTER. | The 1900 Galveston hurricane was a catastrophic tropical cyclone that became the deadliest natural disaster in the. | The strongest storm of the 1900 Atlantic hurricane season, it left between 6,000 and 12,000 fatalities; the number. | Most of these deaths occurred in and near Galveston, Texas, after the storm surge inundated the coastline city with. | The 1900 Galveston hurricane (otherwise known as the Great Galveston hurricane and the Galveston Flood and known.",/images/catalog/261-galveston-hurricane-1900.jpg,#Galveston #Hurricane #Disaster #HistoryTok,"12,000 dead. America's deadliest disaster. #Galveston #Hurricane #Disaster #HistoryTok",NOAA · Public domain,https://commons.wikimedia.org/wiki/File:1900_Galveston_hurricane_weather_map_%28high_quality%29_%2819877020%29.jpg
262,Mount St Helens Eruption,57 dead. Mountain GONE.,"Create a 30-second vertical history short about Mount St Helens Eruption. Hook: 57 dead. Mountain GONE. Cover: Erupted May 18 1980 Washington State — a key part of the story of Mount St Helens Eruption. 57 people killed including scientist David Johnston — a key part of the story of Mount St Helens Eruption. Top 1,300 feet of mountain blown off — a key part of the story of Mount St Helens Eruption. Ash cloud circled Earth — a key part of the story of Mount St Helens Eruption. Most destructive volcanic eruption in US history — a key part of the story of Mount St Helens Eruption. The top of a mountain. Gone. The events surrounding Mount St Helens Eruption reveal how quickly history can turn on a single decision. From classrooms to documentaries, Mount St Helens Eruption remains a staple of history storytelling. Tone: dramatic, fast-paced, documentary style. 9:16 vertical.","Erupted May 18 1980 Washington State. | 57 people killed including scientist David Johnston. | Top 1,300 feet of mountain blown off. | Most destructive volcanic eruption in US history. | The top of a mountain. Gone. | Tone: dramatic, fast-paced, documentary style. 9:16 vertical. | Gone. #MountStHelens #Volcano #Disaster #HistoryTok 57 dead. | On May 18, 1980, at 8:32 a.m., Mount St. | Helens in Skamania County, Washington, United States, experienced a catastrophic explosive eruption which had a. | It was the first to occur in the contiguous United States since the much smaller 1915 eruption of Lassen Peak in. | The main eruption was preceded by a series of volcanic explosions, pyroclastic flows, and phreatic blasts beginning. | It has often been considered the most disastrous volcanic event in U.S. history.",/images/catalog/262-mount-st-helens-eruption.jpg,#MountStHelens #Volcano #Disaster #HistoryTok,The top of a mountain. Gone. #MountStHelens #Volcano #Disaster #HistoryTok,Austin Post · Public domain,https://commons.wikimedia.org/wiki/File:MSH80_eruption_mount_st_helens_05-18-80-dramatic-edit.jpg
263,Krakatoa Eruption,Loudest sound in HISTORY.,"Create a 30-second vertical history short about Krakatoa Eruption. Hook: Loudest sound in HISTORY. Cover: Erupted August 1883 Indonesia — a key part of the story of Krakatoa Eruption. Heard 3,000 miles away loudest recorded sound — a key part of the story of Krakatoa Eruption. Tsunami killed 36,000 — a key part of the story of Krakatoa Eruption. Global temperatures dropped for years — a key part of the story of Krakatoa Eruption. Created new island Anak Krakatau — a key part of the story of Krakatoa Eruption. Heard 3,000 miles away. Loudest ever. The events surrounding Krakatoa Eruption reveal how quickly history can turn on a single decision. From classrooms to documentaries, Krakatoa Eruption remains a staple of history storytelling. Tone: dramatic, fast-paced, documentary style. 9:16 vertical.","Erupted August 1883 Indonesia. | Heard 3,000 miles away loudest recorded sound. | Global temperatures dropped for years. | Created new island Anak Krakatau. | Hook: Loudest sound in HISTORY. | Tone: dramatic, fast-paced, documentary style. 9:16 vertical. | Loudest ever. #Krakatoa #Volcano #Disaster #HistoryTok Loudest sound in HISTORY. | Between 19 May and 21 October 1883, the volcanic island of Krakatoa began erupting, lasting more than five months. | On 27 August, the island had its most significant eruption, which destroyed over 70% of the island and its. | The eruption of 27 August had an estimated volcanic explosivity index of 6, and is one of the deadliest and most. | Between 19 May and 21 October 1883, the volcanic island of Krakatoa (located in the Sunda Strait, then part of the. | The third explosion of that day, that occurred at 10:02 a.m., remains the loudest-known sound in history.",/images/catalog/263-krakatoa-eruption.jpg,#Krakatoa #Volcano #Disaster #HistoryTok,"Heard 3,000 miles away. Loudest ever. #Krakatoa #Volcano #Disaster #HistoryTok","Lithograph: Parker & Coward, Britain; · Public domain",https://commons.wikimedia.org/wiki/File:Krakatoa_eruption_lithograph.jpg
264,Great Molasses Flood,15 feet of MOLASSES.,"Create a 30-second vertical history short about Great Molasses Flood. Hook: 15 feet of MOLASSES. Cover: January 15 1919 Boston — a key part of the story of Great Molasses Flood. Storage tank burst releasing 2.3 million gallons — a key part of the story of Great Molasses Flood. Wave 15 feet high 35 mph through streets. 21 killed 150 injured — a key part of the story of Great Molasses Flood. Sticky cleanup took months — a key part of the story of Great Molasses Flood. 15 feet of molasses. 21 dead. Boston. The events surrounding Great Molasses Flood reveal how quickly history can turn on a single decision. From classrooms to documentaries, Great Molasses Flood remains a staple of history storytelling. Tone: dramatic, fast-paced, documentary style. 9:16 vertical.","Storage tank burst releasing 2.3 million gallons. | Wave 15 feet high 35 mph through streets. | Sticky cleanup took months. | 15 feet of molasses. 21 dead. Boston. | Hook: 15 feet of MOLASSES. | Cover: January 15 1919 Boston. | Tone: dramatic, fast-paced, documentary style. 9:16 vertical. 15 feet of molasses. 21 dead. | Boston. #MolassesFlood #WeirdHistory #Boston #HistoryTok 15 feet of MOLASSES. | The Great Molasses Flood, also known as the Boston Molasses Disaster, was a disaster that occurred on January 15. | A large storage tank filled with 2.3 million U.S. gallons of molasses, weighing approximately 13,000 short tons. | Following a two-week long cleanup effort, the event entered local folklore and residents reported for decades. | Molasses can be fermented to produce ethanol, the active ingredient in alcoholic beverages and a key component in.",/images/catalog/264-great-molasses-flood.jpg,#MolassesFlood #WeirdHistory #Boston #HistoryTok,15 feet of molasses. 21 dead. Boston. #MolassesFlood #WeirdHistory #Boston #HistoryTok,BPL · Public domain,https://commons.wikimedia.org/wiki/File:BostonMolassesDisaster.jpg
265,Great Smog of London,"5 days. 12,000 DEAD.","Create a 30-second vertical history short about Great Smog of London. Hook: 5 days. 12,000 DEAD. Cover: December 1952 coal smoke trapped over London — a key part of the story of Great Smog of London. Visibility dropped to a few feet — a key part of the story of Great Smog of London. Estimated 12,000 died from respiratory failure — a key part of the story of Great Smog of London. Led to Clean Air Act 1956 — a key part of the story of Great Smog of London. Changed environmental policy worldwide — a key part of the story of Great Smog of London. Five days of smog. 12,000 dead. The events surrounding Great Smog of London reveal how quickly history can turn on a single decision. From classrooms to documentaries, Great Smog of London remains a staple of history storytelling. Tone: dramatic, fast-paced, documentary style. 9:16 vertical.","December 1952 coal smoke trapped over London. | Visibility dropped to a few feet. | Estimated 12,000 died from respiratory failure. | Led to Clean Air Act 1956. | Changed environmental policy worldwide. | Five days of smog. 12,000 dead. | Tone: dramatic, fast-paced, documentary style. 9:16 vertical. | The Great Smog was a severe air pollution event that affected London, England, in December 1952. | A period of unusually cold weather, combined with an anticyclone and windless conditions, collected airborne. | It lasted from Friday, 5 December to Tuesday, 9 December 1952, then dispersed quickly when the weather changed. | The smog caused major disruption by reducing visibility and even penetrating indoor areas, far more severely than. | Government medical reports in the weeks following the event estimated that up to 4,000 people had died as a direct.",/images/catalog/265-great-smog-of-london.jpg,#LondonSmog #Environment #Disaster #HistoryTok,"Five days of smog. 12,000 dead. #LondonSmog #Environment #Disaster #HistoryTok",N T Stobbs · CC BY-SA 2.0,https://commons.wikimedia.org/wiki/File:Nelson%27s_Column_during_the_Great_Smog_of_1952.jpg
266,Three Mile Island,America's closest nuclear SCARE.,"Create a 30-second vertical history short about Three Mile Island. Hook: America's closest nuclear SCARE. Cover: Partial meltdown March 28 1979 Pennsylvania — a key part of the story of Three Mile Island. No deaths but public trust shattered — a key part of the story of Three Mile Island. Released small amount of radiation — a key part of the story of Three Mile Island. Led to stricter nuclear regulations — a key part of the story of Three Mile Island. Ended US nuclear plant construction for decades — a key part of the story of Three Mile Island. No deaths. But nuclear fear forever. The events surrounding Three Mile Island reveal how quickly history can turn on a single decision. From classrooms to documentaries, Three Mile Island remains a staple of history storytelling. Tone: dramatic, fast-paced, documentary style. 9:16 vertical.","Partial meltdown March 28 1979 Pennsylvania. | No deaths but public trust shattered. | Released small amount of radiation. | Led to stricter nuclear regulations. | Ended US nuclear plant construction for decades. | No deaths. But nuclear fear forever. | Hook: America's closest nuclear SCARE. | Tone: dramatic, fast-paced, documentary style. 9:16 vertical. | But nuclear fear forever. #ThreeMileIsland #NuclearDisaster #AmericanHistory #HistoryTok America's closest nuclear SCARE. | The Three Mile Island accident was a partial nuclear meltdown of the Unit 2 reactor of the Three Mile Island Nuclear. | The reactor accident began at 4:00 a.m. on March 28, 1979, and released radioactive gases and radioactive iodine. | It is the worst accident in U.S. commercial nuclear power plant history, although its small radioactive releases had.",/images/catalog/266-three-mile-island.jpg,#ThreeMileIsland #NuclearDisaster #AmericanHistory #HistoryTok,No deaths. But nuclear fear forever. #ThreeMileIsland #NuclearDisaster #AmericanHistory #HistoryTok,Z22 · CC BY-SA 3.0,https://commons.wikimedia.org/wiki/File:Three_Mile_Island_Nuclear_Generating_Station.jpg
267,Discovery of DNA Structure,Double helix. Life DECODED.,"Create a 30-second vertical history short about Discovery of DNA Structure. Hook: Double helix. Life DECODED. Cover: Watson and Crick published model April 1953 — a key part of the story of Discovery of DNA Structure. Rosalind Franklin's X-ray image was crucial — a key part of the story of Discovery of DNA Structure. Explained how genetic information is stored — a key part of the story of Discovery of DNA Structure. Foundation of modern genetics and biotech — a key part of the story of Discovery of DNA Structure. Franklin died before Nobel Prize awarded — a key part of the story of Discovery of DNA Structure. One shape. All of life explained. The discovery behind Discovery of DNA Structure opened entirely new fields of science and medicine. Researchers today still extend the breakthrough that began with Discovery of DNA Structure. Tone: dramatic, fast-paced, documentary style. 9:16 vertical.","Watson and Crick published model April 1953. | Rosalind Franklin's X-ray image was crucial. | Explained how genetic information is stored. | Foundation of modern genetics and biotech. | Franklin died before Nobel Prize awarded. | One shape. All of life explained. | The discovery behind Discovery of DNA Structure opened entirely new fields of science and medicine. | Researchers today still extend the breakthrough that began with Discovery of DNA Structure. | Tone: dramatic, fast-paced, documentary style. 9:16 vertical. | All of life explained. #DNA #ScienceHistory #Genetics #HistoryTok Double helix. | The history of molecular biology begins in the 1930s with the convergence of various, previously distinct biological. | With the hope of understanding life at its most fundamental level, numerous physicists and chemists also took an.",/images/catalog/267-discovery-of-dna-structure.png,#DNA #ScienceHistory #Genetics #HistoryTok,One shape. All of life explained. #DNA #ScienceHistory #Genetics #HistoryTok,Zephyris · CC BY-SA 3.0,https://commons.wikimedia.org/wiki/File:DNA_Structure%2BKey%2BLabelled.pn_NoBB.png
268,Polio Vaccine,One doctor. Millions SAVED.,"Create a 30-second vertical history short about Polio Vaccine. Hook: One doctor. Millions SAVED. Cover: Jonas Salk developed vaccine 1955 — a key part of the story of Polio Vaccine. Tested on himself family and volunteers — a key part of the story of Polio Vaccine. Refused to patent called owned by people — a key part of the story of Polio Vaccine. Polio cases dropped 99 percent — a key part of the story of Polio Vaccine. Salk became national hero overnight — a key part of the story of Polio Vaccine. He refused to patent it. Saved millions. The events surrounding Polio Vaccine reveal how quickly history can turn on a single decision. From classrooms to documentaries, Polio Vaccine remains a staple of history storytelling. Tone: dramatic, fast-paced, documentary style. 9:16 vertical.","Jonas Salk developed vaccine 1955. | Tested on himself family and volunteers. | Refused to patent called owned by people. | Polio cases dropped 99 percent. | Salk became national hero overnight. | He refused to patent it. Saved millions. | Tone: dramatic, fast-paced, documentary style. 9:16 vertical. | Saved millions. #PolioVaccine #MedicalHistory #Science #HistoryTok One doctor. | Vaccine used to prevent poliomyelitis . | Two types are used: an inactivated poliovirus given by injection and a weakened poliovirus given by mouth . | The World Health Organization recommends all children be fully vaccinated against polio. | The two vaccines have eliminated polio from most of the world, and reduced the number of cases reported each year.",/images/catalog/268-polio-vaccine.jpg,#PolioVaccine #MedicalHistory #Science #HistoryTok,He refused to patent it. Saved millions. #PolioVaccine #MedicalHistory #Science #HistoryTok,USAID · Public domain,https://commons.wikimedia.org/wiki/File:Poliodrops.jpg
269,First Heart Transplant,One heart. New LIFE.,"Create a 30-second vertical history short about First Heart Transplant. Hook: One heart. New LIFE. Cover: Christiaan Barnard performed first December 1967 — a key part of the story of First Heart Transplant. Patient Louis Washkansky lived 18 days — a key part of the story of First Heart Transplant. Opened era of organ transplantation — a key part of the story of First Heart Transplant. Ethical debates erupted worldwide — a key part of the story of First Heart Transplant. Today thousands of transplants yearly — a key part of the story of First Heart Transplant. One heart. One surgeon. Medicine changed. The discovery behind First Heart Transplant opened entirely new fields of science and medicine. Researchers today still extend the breakthrough that began with First Heart Transplant. Tone: dramatic, fast-paced, documentary style. 9:16 vertical.","Christiaan Barnard performed first December 1967. | Patient Louis Washkansky lived 18 days. | Opened era of organ transplantation. | Ethical debates erupted worldwide. | Today thousands of transplants yearly. | One heart. One surgeon. Medicine changed. | The discovery behind First Heart Transplant opened entirely new fields of science and medicine. | Researchers today still extend the breakthrough that began with First Heart Transplant. | Tone: dramatic, fast-paced, documentary style. 9:16 vertical. | Medicine changed. #HeartTransplant #MedicalHistory #Science #HistoryTok One heart. | A heart transplant, or a cardiac transplant, is a surgical transplant procedure performed on patients with end-stage. | As of 2018, the most common procedure is to take a functioning heart from a recently deceased organ donor and.",/images/catalog/269-first-heart-transplant.jpg,#HeartTransplant #MedicalHistory #Science #HistoryTok,One heart. One surgeon. Medicine changed. #HeartTransplant #MedicalHistory #Science #HistoryTok,Vasily I. Kaleda · CC BY-SA 3.0,https://commons.wikimedia.org/wiki/File:%D0%9F%D0%B5%D1%80%D0%B5%D1%81%D0%B0%D0%B6%D0%B5%D0%BD%D0%BD%D0%BE%D0%B5_%D1%81%D0%B5%D1%80%D0%B4%D1%86%D0%B5_%D0%B2_%D0%B3%D1%80%D1%83%D0%B4%D0%BD%D0%BE%D0%B9_%D0%BA%D0%BB%D0%B5%D1%82%D0%BA%D0%B5_%D1%80%D0%B5%D1%86%D0%B8%D0%BF%D0%B8%D0%B5%D0%BD%D1%82%D0%B0.JPG
270,First IVF Baby,Test tube BABY. World changed.,"Create a 30-second vertical history short about First IVF Baby. Hook: Test tube BABY. World changed. Cover: Louise Brown born July 25 1978 England — a key part of the story of First IVF Baby. First human conceived via in vitro fertilization — a key part of the story of First IVF Baby. Parents had tried 9 years to conceive — a key part of the story of First IVF Baby. Ethical firestorm followed birth — a key part of the story of First IVF Baby. Millions of IVF babies born since — a key part of the story of First IVF Baby. Test tube baby. Millions followed. The discovery behind First IVF Baby opened entirely new fields of science and medicine. Researchers today still extend the breakthrough that began with First IVF Baby. Tone: dramatic, fast-paced, documentary style. 9:16 vertical.","Louise Brown born July 25 1978 England. | First human conceived via in vitro fertilization. | Parents had tried 9 years to conceive. | Ethical firestorm followed birth. | Millions of IVF babies born since. | Test tube baby. Millions followed. | The discovery behind First IVF Baby opened entirely new fields of science and medicine. | Researchers today still extend the breakthrough that began with First IVF Baby. | Tone: dramatic, fast-paced, documentary style. 9:16 vertical. | Louise Joy Brown is an English woman noted as the first human born following conception by in vitro fertilisation . | Her birth, following a procedure pioneered in Britain, has been lauded among ""the most remarkable medical. | Brown's parents, Lesley and John Brown, had been trying to conceive naturally for nine years but Lesley faced.",/images/catalog/270-first-ivf-baby.jpg,#IVF #MedicalHistory #Science #HistoryTok,Test tube baby. Millions followed. #IVF #MedicalHistory #Science #HistoryTok,US Government Owned Photo · Public domain,https://commons.wikimedia.org/wiki/File:InVitroFertilization.jpg
271,Human Genome Project,3 billion letters. MAPPED.,"Create a 30-second vertical history short about Human Genome Project. Hook: 3 billion letters. MAPPED. Cover: Completed 2003 mapped entire human DNA — a key part of the story of Human Genome Project. 13-year international collaboration — a key part of the story of Human Genome Project. Cost $2.7 billion — a key part of the story of Human Genome Project. Opened era of personalized medicine — a key part of the story of Human Genome Project. Raised privacy and ethics questions — a key part of the story of Human Genome Project. 3 billion letters. All of you mapped. The events surrounding Human Genome Project reveal how quickly history can turn on a single decision. From classrooms to documentaries, Human Genome Project remains a staple of history storytelling. Tone: dramatic, fast-paced, documentary style. 9:16 vertical.","Completed 2003 mapped entire human DNA. | 13-year international collaboration. | Opened era of personalized medicine. | Raised privacy and ethics questions. | 3 billion letters. All of you mapped. | Hook: 3 billion letters. | Tone: dramatic, fast-paced, documentary style. 9:16 vertical. 3 billion letters. | The Human Genome Project was an international scientific research project with the goal of determining the base. | It started in 1990 and was completed in 2003. | It was the world's largest collaborative biological project. | Planning for the project began in 1984 by the US government, and it officially launched in 1990. | It was declared complete on 14 April 2003, and included about 92% of the genome.",/images/catalog/271-human-genome-project.jpg,#GenomeProject #Genetics #ScienceHistory #HistoryTok,3 billion letters. All of you mapped. #GenomeProject #Genetics #ScienceHistory #HistoryTok,"U.S. Department of Energy, Human Genome Project · Public domain",https://commons.wikimedia.org/wiki/File:Logo_HGP.jpg
272,Discovery of X-Rays,She saw her own BONES.,"Create a 30-second vertical history short about Discovery of X-Rays. Hook: She saw her own BONES. Cover: Wilhelm Roentgen discovered November 1895 — a key part of the story of Discovery of X-Rays. First medical X-ray was his wife's hand — a key part of the story of Discovery of X-Rays. She said I have seen my death — a key part of the story of Discovery of X-Rays. Revolutionized medical diagnosis — a key part of the story of Discovery of X-Rays. Won first Nobel Prize in Physics 1901 — a key part of the story of Discovery of X-Rays. She saw her bones. Medicine changed forever. The discovery behind Discovery of X-Rays opened entirely new fields of science and medicine. Researchers today still extend the breakthrough that began with Discovery of X-Rays. Tone: dramatic, fast-paced, documentary style. 9:16 vertical.","Wilhelm Roentgen discovered November 1895. | First medical X-ray was his wife's hand. | She said I have seen my death. | Revolutionized medical diagnosis. | Won first Nobel Prize in Physics 1901. | She saw her bones. Medicine changed forever. | The discovery behind Discovery of X-Rays opened entirely new fields of science and medicine. | Researchers today still extend the breakthrough that began with Discovery of X-Rays. | Hook: She saw her own BONES. | Tone: dramatic, fast-paced, documentary style. 9:16 vertical. | A Crookes tube is an early experimental discharge tube with partial vacuum invented by English physicist William. | Developed from the earlier Geissler tube, the Crookes tube consists of a partially evacuated glass bulb of various.",/images/catalog/272-discovery-of-x-rays.jpg,#XRays #MedicalHistory #Science #DidYouKnow,She saw her bones. Medicine changed forever. #XRays #MedicalHistory #Science #DidYouKnow,Daderot · CC0,https://commons.wikimedia.org/wiki/File:Gas_discharge_tube%2C_named_after_William_Crookes%2C_c._1890_-_R%C3%B6ntgen-Ged%C3%A4chtnisst%C3%A4tte_W%C3%BCrzburg_-_W%C3%BCrzburg%2C_Germany_-_DSC04264.jpg
273,Smallpox Eradication,Only disease we BEAT.,"Create a 30-second vertical history short about Smallpox Eradication. Hook: Only disease we BEAT. Cover: WHO declared eradicated 1980 — a key part of the story of Smallpox Eradication. Only human disease ever eliminated globally — a key part of the story of Smallpox Eradication. Edward Jenner created vaccine 1796 — a key part of the story of Smallpox Eradication. Mass vaccination campaigns worldwide — a key part of the story of Smallpox Eradication. Last natural case 1977 Somalia — a key part of the story of Smallpox Eradication. One disease. Eradicated. Forever. The events surrounding Smallpox Eradication reveal how quickly history can turn on a single decision. From classrooms to documentaries, Smallpox Eradication remains a staple of history storytelling. Tone: dramatic, fast-paced, documentary style. 9:16 vertical.","WHO declared eradicated 1980. | Only human disease ever eliminated globally. | Edward Jenner created vaccine 1796. | Mass vaccination campaigns worldwide. | Last natural case 1977 Somalia. | One disease. Eradicated. Forever. | Hook: Only disease we BEAT. | Tone: dramatic, fast-paced, documentary style. 9:16 vertical. | Forever. #Smallpox #Vaccines #MedicalHistory #HistoryTok Only disease we BEAT. | Smallpox was an infectious disease caused by Variola virus, which belongs to the genus Orthopoxvirus. | The last naturally occurring case was diagnosed in October 1977, and the World Health Organization certified the. | The initial symptoms of the disease included fever and vomiting.",/images/catalog/273-smallpox-eradication.jpg,#Smallpox #Vaccines #MedicalHistory #HistoryTok,One disease. Eradicated. Forever. #Smallpox #Vaccines #MedicalHistory #HistoryTok,Photo Credit: James Gathany Content Providers(s): CDC · Public domain,https://commons.wikimedia.org/wiki/File:Smallpox_vaccine.jpg
274,Einstein's Theory of Relativity,E equals mc SQUARED.,"Create a 30-second vertical history short about Einstein's Theory of Relativity. Hook: E equals mc SQUARED. Cover: Special relativity 1905 general relativity 1915 — a key part of the story of Einstein's Theory of Relativity. Revolutionized physics and cosmology — a key part of the story of Einstein's Theory of Relativity. Proved time and space are relative — a key part of the story of Einstein's Theory of Relativity. Led to nuclear energy and GPS technology — a key part of the story of Einstein's Theory of Relativity. Einstein became global celebrity — a key part of the story of Einstein's Theory of Relativity. One equation. Universe rewritten. The events surrounding Einstein's Theory of Relativity reveal how quickly history can turn on a single decision. From classrooms to documentaries, Einstein's Theory of Relativity remains a staple of history storytelling. Tone: dramatic, fast-paced, documentary style. 9:16 vertical.","Special relativity 1905 general relativity 1915. | Revolutionized physics and cosmology. | Proved time and space are relative. | Led to nuclear energy and GPS technology. | Einstein became global celebrity. | One equation. Universe rewritten. | Hook: E equals mc SQUARED. | Tone: dramatic, fast-paced, documentary style. 9:16 vertical. | Universe rewritten. #Einstein #Physics #ScienceHistory #HistoryTok E equals mc SQUARED. | The theory of relativity comprises two physics theories by Albert Einstein: special relativity and general. | Special relativity applies to all physical phenomena in the absence of gravity. | General relativity explains the law of gravitation and its relation to the forces of nature.",/images/catalog/274-einstein-s-theory-of-relativity.jpg,#Einstein #Physics #ScienceHistory #HistoryTok,One equation. Universe rewritten. #Einstein #Physics #ScienceHistory #HistoryTok,"Photograph by Orren Jack Turner , Princeton, N.J. Modified with Photosh… · Public domain",https://commons.wikimedia.org/wiki/File:Albert_Einstein_Head.jpg
275,Discovery of Penicillin's Mass Production,From mold to MILLIONS.,"Create a 30-second vertical history short about Discovery of Penicillin's Mass Production. Hook: From mold to MILLIONS. Cover: Howard Florey and Ernst Chain mass-produced 1940s — a key part of the story of Discovery of Penicillin's Mass Production. Built on Fleming's 1928 discovery — a key part of the story of Discovery of Penicillin's Mass Production. Saved countless lives in WWII — a key part of the story of Discovery of Penicillin's Mass Production. Launched antibiotic era — a key part of the story of Discovery of Penicillin's Mass Production. Nobel Prize 1945 shared with Fleming — a key part of the story of Discovery of Penicillin's Mass Production. Mold to medicine. Millions saved. The discovery behind Discovery of Penicillin's Mass Production opened entirely new fields of science and medicine. Researchers today still extend the breakthrough that began with Discovery of Penicillin's Mass Production. Tone: dramatic, fast-paced, documentary style. 9:16 vertical.","Howard Florey and Ernst Chain mass-produced 1940s. | Built on Fleming's 1928 discovery. | Saved countless lives in WWII. | Nobel Prize 1945 shared with Fleming. | Mold to medicine. Millions saved. | The discovery behind Discovery of Penicillin's Mass Production opened entirely new fields of science and medicine. | Researchers today still extend the breakthrough that began with Discovery of Penicillin's Mass Production. | Hook: From mold to MILLIONS. | Tone: dramatic, fast-paced, documentary style. 9:16 vertical. | Millions saved. #Antibiotics #MedicalHistory #WW2 #HistoryTok From mold to MILLIONS. | The discovery of penicillin was one of the most important scientific discoveries in the history of medicine. | Ancient societies used moulds to treat infections and in the following centuries many people observed the inhibition.",/images/catalog/275-discovery-of-penicillin-s-mass-production.jpg,#Antibiotics #MedicalHistory #WW2 #HistoryTok,Mold to medicine. Millions saved. #Antibiotics #MedicalHistory #WW2 #HistoryTok,Science Museum London / Science and Society Picture Library · CC BY-SA 4.0,https://commons.wikimedia.org/wiki/File:Sample_of_penicillin_mould_presented_by_Alexander_Fleming_to_Douglas_Macleod%2C_1935_%289672239344%29.jpg
276,First Antibiotic Resistant Bacteria,We created SUPERBUGS.,"Create a 30-second vertical history short about First Antibiotic Resistant Bacteria. Hook: We created SUPERBUGS. Cover: Penicillin-resistant bacteria found 1940s — a key part of the story of First Antibiotic Resistant Bacteria. Overuse of antibiotics created superbugs — a key part of the story of First Antibiotic Resistant Bacteria. MRSA and other resistant strains spread — a key part of the story of First Antibiotic Resistant Bacteria. WHO calls it global health crisis — a key part of the story of First Antibiotic Resistant Bacteria. Post-antibiotic era feared — a key part of the story of First Antibiotic Resistant Bacteria. We beat bacteria. They adapted. The discovery behind First Antibiotic Resistant Bacteria opened entirely new fields of science and medicine. Researchers today still extend the breakthrough that began with First Antibiotic Resistant Bacteria. Tone: dramatic, fast-paced, documentary style. 9:16 vertical.","Penicillin-resistant bacteria found 1940s. | Overuse of antibiotics created superbugs. | MRSA and other resistant strains spread. | WHO calls it global health crisis. | Post-antibiotic era feared. | We beat bacteria. They adapted. | The discovery behind First Antibiotic Resistant Bacteria opened entirely new fields of science and medicine. | Researchers today still extend the breakthrough that began with First Antibiotic Resistant Bacteria. | Hook: We created SUPERBUGS. | Tone: dramatic, fast-paced, documentary style. 9:16 vertical. | They adapted. #Superbugs #MedicalHistory #PublicHealth #HistoryTok We created SUPERBUGS. | A list of antibiotic resistant bacteria is provided below.",/images/catalog/276-first-antibiotic-resistant-bacteria.jpg,#Superbugs #MedicalHistory #PublicHealth #HistoryTok,We beat bacteria. They adapted. #Superbugs #MedicalHistory #PublicHealth #HistoryTok,Dr Graham Beards · CC BY-SA 4.0,https://commons.wikimedia.org/wiki/File:Antibiotic_sensitivity_and_resistance.jpg
277,Discovery of Insulin,Diabetes was a DEATH sentence.,"Create a 30-second vertical history short about Discovery of Insulin. Hook: Diabetes was a DEATH sentence. Cover: Banting and Best isolated insulin 1921 — a key part of the story of Discovery of Insulin. First patient treated 1922 13-year-old boy — a key part of the story of Discovery of Insulin. Before insulin diabetes meant slow death — a key part of the story of Discovery of Insulin. Nobel Prize 1923 — a key part of the story of Discovery of Insulin. Saved millions of diabetics worldwide — a key part of the story of Discovery of Insulin. Before this diabetes meant death. The discovery behind Discovery of Insulin opened entirely new fields of science and medicine. Researchers today still extend the breakthrough that began with Discovery of Insulin. Tone: dramatic, fast-paced, documentary style. 9:16 vertical.","Banting and Best isolated insulin 1921. | First patient treated 1922 13-year-old boy. | Before insulin diabetes meant slow death. | Saved millions of diabetics worldwide. | The discovery behind Discovery of Insulin opened entirely new fields of science and medicine. | Researchers today still extend the breakthrough that began with Discovery of Insulin. | Hook: Diabetes was a DEATH sentence. | Tone: dramatic, fast-paced, documentary style. 9:16 vertical. | Insulin is a peptide hormone produced by beta cells of the pancreatic islets encoded in humans by the insulin gene. | It is the main anabolic hormone of the body. | It regulates the metabolism of carbohydrates, fats, and protein by promoting the absorption of glucose from the. | Before this diabetes meant death. #Insulin #MedicalHistory #Science #HistoryTok Diabetes was a DEATH sentence.",/images/catalog/277-discovery-of-insulin.png,#Insulin #MedicalHistory #Science #HistoryTok,Before this diabetes meant death. #Insulin #MedicalHistory #Science #HistoryTok,User:AtikaAtikawa · CC BY-SA 4.0,https://commons.wikimedia.org/wiki/File:Insulin_struct.png
278,First Anesthesia,Pain-free SURGERY.,"Create a 30-second vertical history short about First Anesthesia. Hook: Pain-free SURGERY. Cover: Ether demonstrated publicly 1846 Massachusetts — a key part of the story of First Anesthesia. William Morton performed at Massachusetts General — a key part of the story of First Anesthesia. Before this surgery meant being held down — a key part of the story of First Anesthesia. Revolutionized medicine overnight — a key part of the story of First Anesthesia. Changed surgery from torture to treatment — a key part of the story of First Anesthesia. Before this surgery was torture. The discovery behind First Anesthesia opened entirely new fields of science and medicine. Researchers today still extend the breakthrough that began with First Anesthesia. Tone: dramatic, fast-paced, documentary style. 9:16 vertical.","Ether demonstrated publicly 1846 Massachusetts. | William Morton performed at Massachusetts General. | Before this surgery meant being held down. | Revolutionized medicine overnight. | Changed surgery from torture to treatment. | The discovery behind First Anesthesia opened entirely new fields of science and medicine. | Researchers today still extend the breakthrough that began with First Anesthesia. | Hook: Pain-free SURGERY. | Tone: dramatic, fast-paced, documentary style. 9:16 vertical. | Anesthesia or anaesthesia is a state of controlled, temporary loss of sensation or awareness that is induced for. | It may include some or all of analgesia, paralysis, amnesia, and unconsciousness. | Before this surgery was torture. #Anesthesia #MedicalHistory #Science #HistoryTok Pain-free SURGERY.",/images/catalog/278-first-anesthesia.jpg,#Anesthesia #MedicalHistory #Science #HistoryTok,Before this surgery was torture. #Anesthesia #MedicalHistory #Science #HistoryTok,William Campbell · CC0,https://commons.wikimedia.org/wiki/File:A_gray_wolf_being_radio-collared.jpg
279,Germ Theory of Disease,Invisible killers EXPOSED.,"Create a 30-second vertical history short about Germ Theory of Disease. Hook: Invisible killers EXPOSED. Cover: Louis Pasteur proved germs cause disease 1860s — a key part of the story of Germ Theory of Disease. Before this miasma and bad air blamed — a key part of the story of Germ Theory of Disease. Led to sterilization and vaccines — a key part of the story of Germ Theory of Disease. Joseph Lister pioneered antiseptic surgery — a key part of the story of Germ Theory of Disease. Saved more lives than any theory in history. Invisible killers. Finally seen. The events surrounding Germ Theory of Disease reveal how quickly history can turn on a single decision. From classrooms to documentaries, Germ Theory of Disease remains a staple of history storytelling. Tone: dramatic, fast-paced, documentary style. 9:16 vertical.","Louis Pasteur proved germs cause disease 1860s. | Before this miasma and bad air blamed. | Led to sterilization and vaccines. | Joseph Lister pioneered antiseptic surgery. | Saved more lives than any theory in history. | Invisible killers. Finally seen. | Hook: Invisible killers EXPOSED. | Tone: dramatic, fast-paced, documentary style. 9:16 vertical. | Finally seen. #GermTheory #MedicalHistory #Science #HistoryTok Invisible killers EXPOSED. | Currently accepted scientific theory explaining the cause of infectious diseases. | It states that microorganisms known as pathogens or ""germs"" can cause disease. | These small organisms, which are too small to be seen without magnification, invade animals, plants, and even.",/images/catalog/279-germ-theory-of-disease.jpg,#GermTheory #MedicalHistory #Science #HistoryTok,Invisible killers. Finally seen. #GermTheory #MedicalHistory #Science #HistoryTok,Paul Nadar · Public domain,https://commons.wikimedia.org/wiki/File:Louis_Pasteur.jpg
280,Discovery of Pluto,Ninth planet. Then NOT.,"Create a 30-second vertical history short about Discovery of Pluto. Hook: Ninth planet. Then NOT. Cover: Clyde Tombaugh discovered 1930 — a key part of the story of Discovery of Pluto. Named by 11-year-old Venetia Burney — a key part of the story of Discovery of Pluto. Demoted to dwarf planet 2006 — a key part of the story of Discovery of Pluto. New Horizons flew by 2015 — a key part of the story of Discovery of Pluto. Still debated among astronomers — a key part of the story of Discovery of Pluto. Planet for 76 years. Then demoted. The discovery behind Discovery of Pluto opened entirely new fields of science and medicine. Researchers today still extend the breakthrough that began with Discovery of Pluto. Tone: dramatic, fast-paced, documentary style. 9:16 vertical.","Clyde Tombaugh discovered 1930. | Named by 11-year-old Venetia Burney. | Demoted to dwarf planet 2006. | New Horizons flew by 2015. | Still debated among astronomers. | Planet for 76 years. Then demoted. | The discovery behind Discovery of Pluto opened entirely new fields of science and medicine. | Researchers today still extend the breakthrough that began with Discovery of Pluto. | Tone: dramatic, fast-paced, documentary style. 9:16 vertical. | Then demoted. #Pluto #Astronomy #ScienceHistory #HistoryTok Ninth planet. | Pluto is a dwarf planet in the Kuiper belt, a ring of bodies beyond the orbit of Neptune. | It is the ninth-largest and tenth-most-massive known object to directly orbit the Sun.",/images/catalog/280-discovery-of-pluto.jpg,#Pluto #Astronomy #ScienceHistory #HistoryTok,Planet for 76 years. Then demoted. #Pluto #Astronomy #ScienceHistory #HistoryTok,NASA/Johns Hopkins University Applied Physics Laboratory/Southwest Rese… · Public domain,https://commons.wikimedia.org/wiki/File:Pluto_in_True_Color_-_High-Res.jpg
281,Hubble Space Telescope,Universe REVEALED.,"Create a 30-second vertical history short about Hubble Space Telescope. Hook: Universe REVEALED. Cover: Launched April 24 1990 — a key part of the story of Hubble Space Telescope. Initial mirror flaw fixed by astronauts 1993 — a key part of the story of Hubble Space Telescope. Captured deepest images of universe — a key part of the story of Hubble Space Telescope. Determined age of universe 13.8 billion years — a key part of the story of Hubble Space Telescope. Named for astronomer Edwin Hubble — a key part of the story of Hubble Space Telescope. One telescope. Universe revealed. The events surrounding Hubble Space Telescope reveal how quickly history can turn on a single decision. From classrooms to documentaries, Hubble Space Telescope remains a staple of history storytelling. Tone: dramatic, fast-paced, documentary style. 9:16 vertical.","Initial mirror flaw fixed by astronauts 1993. | Captured deepest images of universe. | Determined age of universe 13.8 billion years. | Named for astronomer Edwin Hubble. | One telescope. Universe revealed. | Hook: Universe REVEALED. | Cover: Launched April 24 1990. | Tone: dramatic, fast-paced, documentary style. 9:16 vertical. | Universe revealed. #Hubble #Space #Astronomy #HistoryTok Universe REVEALED. | Space telescope that was launched into low Earth orbit in 1990 and remains in operation. | It was not the first space telescope, but it is one of the largest and most versatile, renowned as a vital research. | The Hubble Space Telescope is named after astronomer Edwin Hubble and is one of NASA's Great Observatories.",/images/catalog/281-hubble-space-telescope.jpg,#Hubble #Space #Astronomy #HistoryTok,One telescope. Universe revealed. #Hubble #Space #Astronomy #HistoryTok,NASA · Public domain,https://commons.wikimedia.org/wiki/File:Hubble_Space_Telescope.jpg
282,Apollo 11 Moon Landing,One small step. GIANT leap.,"Create a 30-second vertical history short about Apollo 11 Moon Landing. Hook: One small step. GIANT leap. Cover: Neil Armstrong walked Moon July 20 1969 — a key part of the story of Apollo 11 Moon Landing. Buzz Aldrin joined him on surface — a key part of the story of Apollo 11 Moon Landing. 600 million people watched live — a key part of the story of Apollo 11 Moon Landing. Fulfilled Kennedy's 1961 challenge — a key part of the story of Apollo 11 Moon Landing. Only 12 humans have walked the Moon — a key part of the story of Apollo 11 Moon Landing. One small step. Humanity changed. The events surrounding Apollo 11 Moon Landing reveal how quickly history can turn on a single decision. From classrooms to documentaries, Apollo 11 Moon Landing remains a staple of history storytelling. Tone: dramatic, fast-paced, documentary style. 9:16 vertical.","Neil Armstrong walked Moon July 20 1969. | Buzz Aldrin joined him on surface. | 600 million people watched live. | Fulfilled Kennedy's 1961 challenge. | Only 12 humans have walked the Moon. | One small step. Humanity changed. | Tone: dramatic, fast-paced, documentary style. 9:16 vertical. | Apollo 11 was the American spaceflight that first landed humans on the Moon, and the fifth crewed mission of NASA's. | The mission was crewed by Commander Neil Armstrong, Command Module Pilot Michael Collins, and Lunar Module Pilot. | Launched atop a Saturn V rocket from Kennedy Space Center in Florida on July 16 at 13:32 UTC, the Apollo spacecraft. | After a three-day transit, Armstrong and Aldrin descended to the surface aboard the LM Eagle, landing in the Sea of. | Armstrong became the first human...",/images/catalog/282-apollo-11-moon-landing.jpg,#MoonLanding #SpaceRace #NASA #HistoryTok,One small step. Humanity changed. #MoonLanding #SpaceRace #NASA #HistoryTok,Neil A. Armstrong · Public domain,https://commons.wikimedia.org/wiki/File:A_Man_on_the_Moon%2C_AS11-40-5903_%28cropped%29.jpg
283,First Human in Space,108 minutes. Earth SHRANK.,"Create a 30-second vertical history short about First Human in Space. Hook: 108 minutes. Earth SHRANK. Cover: Yuri Gagarin orbited Earth April 12 1961 — a key part of the story of First Human in Space. Soviet Vostok 1 mission 108 minutes — a key part of the story of First Human in Space. First human to leave Earth's atmosphere — a key part of the story of First Human in Space. Became global hero in Soviet Union — a key part of the story of First Human in Space. International Day of Human Space Flight commemorates — a key part of the story of First Human in Space. 108 minutes. Earth never looked the same. The discovery behind First Human in Space opened entirely new fields of science and medicine. Researchers today still extend the breakthrough that began with First Human in Space. Tone: dramatic, fast-paced, documentary style. 9:16 vertical.","Yuri Gagarin orbited Earth April 12 1961. | Soviet Vostok 1 mission 108 minutes. | First human to leave Earth's atmosphere. | Became global hero in Soviet Union. | International Day of Human Space Flight commemorates. | 108 minutes. Earth never looked the same. | The discovery behind First Human in Space opened entirely new fields of science and medicine. | Researchers today still extend the breakthrough that began with First Human in Space. | Tone: dramatic, fast-paced, documentary style. 9:16 vertical. 108 minutes. | Yuri Alekseyevich Gagarin was a Soviet pilot and cosmonaut who became the first person to journey into outer space. | He was launched from the Baikonur Cosmodrome in the Kazakh SSR. | Travelling on Vostok 1, Gagarin completed one orbit of Earth on 12 April 1961.",/images/catalog/283-first-human-in-space.jpg,#Gagarin #SpaceRace #ColdWar #HistoryTok,108 minutes. Earth never looked the same. #Gagarin #SpaceRace #ColdWar #HistoryTok,Александр Моклецов / СовИнформБюро · CC BY 4.0,https://commons.wikimedia.org/wiki/File:Yuri_Gagarin_with_awards_%28cropped%29_2.jpg
284,Apollo 13 Crisis,"Houston, we have a PROBLEM.","Create a 30-second vertical history short about Apollo 13 Crisis. Hook: Houston, we have a PROBLEM. Cover: Oxygen tank exploded April 1970 en route to Moon. Three astronauts stranded 200,000 miles away — a key part of the story of Apollo 13 Crisis. Mission Control improvised CO2 filter fix — a key part of the story of Apollo 13 Crisis. Safe splashdown April 17 1970 — a key part of the story of Apollo 13 Crisis. Failure turned into NASA's finest hour — a key part of the story of Apollo 13 Crisis. 200,000 miles from home. They made it. The events surrounding Apollo 13 Crisis reveal how quickly history can turn on a single decision. From classrooms to documentaries, Apollo 13 Crisis remains a staple of history storytelling. Tone: dramatic, fast-paced, documentary style. 9:16 vertical.","Oxygen tank exploded April 1970 en route to Moon. | Three astronauts stranded 200,000 miles away. | Mission Control improvised CO2 filter fix. | Safe splashdown April 17 1970. | Failure turned into NASA's finest hour. | 200,000 miles from home. They made it. | Hook: Houston, we have a PROBLEM. | Tone: dramatic, fast-paced, documentary style. 9:16 vertical. 200,000 miles from home. | They made it. #Apollo13 #NASA #Space #HistoryTok Houston, we have a PROBLEM. | Aaron is a former NASA engineer and was a flight controller during the Apollo program. | He is widely credited with saving the Apollo 12 mission when it was struck by lightning soon after launch, and also. | Apollo 13 was the seventh crewed mission in the Apollo space program and would have been the third Moon landing.",/images/catalog/284-apollo-13-crisis.jpg,#Apollo13 #NASA #Space #HistoryTok,"200,000 miles from home. They made it. #Apollo13 #NASA #Space #HistoryTok",NASA · Public domain,https://commons.wikimedia.org/wiki/File:JAaron.jpg
285,Sputnik Launch,Beep beep. America PANICKED.,"Create a 30-second vertical history short about Sputnik Launch. Hook: Beep beep. America PANICKED. Cover: Soviet Union launched first satellite October 4 1957. Beeping radio signal heard worldwide — a key part of the story of Sputnik Launch. Started Space Race and Sputnik crisis — a key part of the story of Sputnik Launch. US accelerated science education programs — a key part of the story of Sputnik Launch. Size of beach ball changed world forever — a key part of the story of Sputnik Launch. Beep beep. America panicked. The events surrounding Sputnik Launch reveal how quickly history can turn on a single decision. From classrooms to documentaries, Sputnik Launch remains a staple of history storytelling. Tone: dramatic, fast-paced, documentary style. 9:16 vertical.","Soviet Union launched first satellite October 4 1957. | Beeping radio signal heard worldwide. | Started Space Race and Sputnik crisis. | US accelerated science education programs. | Size of beach ball changed world forever. | Beep beep. America panicked. | Tone: dramatic, fast-paced, documentary style. 9:16 vertical. | America panicked. #Sputnik #SpaceRace #ColdWar #HistoryTok Beep beep. | Sputnik 1, often referred to as simply Sputnik, was the first artificial Earth satellite. | It was launched into an elliptical low Earth orbit by the Soviet Union on 4 October 1957 as part of the Soviet space. | It sent a radio signal back to Earth for three weeks before its three silver-zinc batteries became depleted. | Aerodynamic drag caused it to fall back into the atmosphere on 4 January, 1958.",/images/catalog/285-sputnik-launch.jpg,#Sputnik #SpaceRace #ColdWar #HistoryTok,Beep beep. America panicked. #Sputnik #SpaceRace #ColdWar #HistoryTok,Andrey Butko · CC BY-SA 3.0,https://commons.wikimedia.org/wiki/File:%D0%9F%D0%B5%D1%80%D0%B2%D1%8B%D0%B9_%D0%B2_%D0%BC%D0%B8%D1%80%D0%B5_%D0%B8%D1%81%D0%BA%D1%83%D1%81%D1%81%D1%82%D0%B2%D0%B5%D0%BD%D0%BD%D1%8B%D0%B9_%D1%81%D0%BF%D1%83%D1%82%D0%BD%D0%B8%D0%BA_%D0%97%D0%B5%D0%BC%D0%BB%D0%B8.jpg
286,Manhattan Project,Secret city. Atomic AGE.,"Create a 30-second vertical history short about Manhattan Project. Hook: Secret city. Atomic AGE. Cover: US developed atomic bomb 1942-1945 — a key part of the story of Manhattan Project. Los Alamos New Mexico secret laboratory — a key part of the story of Manhattan Project. 130,000 people involved largest secret project ever — a key part of the story of Manhattan Project. Trinity test July 16 1945 first nuclear explosion. Changed warfare and world forever — a key part of the story of Manhattan Project. Secret city. Atomic age born. The events surrounding Manhattan Project reveal how quickly history can turn on a single decision. From classrooms to documentaries, Manhattan Project remains a staple of history storytelling. Tone: dramatic, fast-paced, documentary style. 9:16 vertical.","US developed atomic bomb 1942-1945. | Los Alamos New Mexico secret laboratory. | 130,000 people involved largest secret project ever. | Trinity test July 16 1945 first nuclear explosion. | Changed warfare and world forever. | Secret city. Atomic age born. | Tone: dramatic, fast-paced, documentary style. 9:16 vertical. | Research and development program undertaken during World War II to produce the first nuclear weapons. | It was led by the United States in collaboration with the United Kingdom and Canada. | The Manhattan Project employed nearly 130,000 people at its peak and cost nearly US$2 billion. | From 1942 to 1946, the project was directed by Major General Leslie Groves of the U.S. | Robert Oppenheimer was the director of the Los Alamos Laboratory that designed the bombs.",/images/catalog/286-manhattan-project.jpg,#ManhattanProject #NuclearHistory #WW2 #HistoryTok,Secret city. Atomic age born. #ManhattanProject #NuclearHistory #WW2 #HistoryTok,United States Department of Energy · Public domain,https://commons.wikimedia.org/wiki/File:Trinity_Detonation_T%26B.jpg
287,Discovery of Radiation,She died for SCIENCE.,"Create a 30-second vertical history short about Discovery of Radiation. Hook: She died for SCIENCE. Cover: Marie Curie discovered radium and polonium — a key part of the story of Discovery of Radiation. First woman to win Nobel Prize 1903 — a key part of the story of Discovery of Radiation. Only person to win Nobel in two sciences. Died from radiation exposure 1934 — a key part of the story of Discovery of Radiation. Paved way for nuclear medicine and physics — a key part of the story of Discovery of Radiation. She discovered radiation. It killed her. The discovery behind Discovery of Radiation opened entirely new fields of science and medicine. Researchers today still extend the breakthrough that began with Discovery of Radiation. Tone: dramatic, fast-paced, documentary style. 9:16 vertical.","Marie Curie discovered radium and polonium. | First woman to win Nobel Prize 1903. | Only person to win Nobel in two sciences. | Died from radiation exposure 1934. | Paved way for nuclear medicine and physics. | She discovered radiation. It killed her. | The discovery behind Discovery of Radiation opened entirely new fields of science and medicine. | Researchers today still extend the breakthrough that began with Discovery of Radiation. | Hook: She died for SCIENCE. | Tone: dramatic, fast-paced, documentary style. 9:16 vertical. | It killed her. #MarieCurie #ScienceHistory #Radiation #HistoryTok She died for SCIENCE. | Cosmic background radiation is electromagnetic radiation that fills all space.",/images/catalog/287-discovery-of-radiation.jpg,#MarieCurie #ScienceHistory #Radiation #HistoryTok,She discovered radiation. It killed her. #MarieCurie #ScienceHistory #Radiation #HistoryTok,Henri Manuel · Public domain,https://commons.wikimedia.org/wiki/File:Marie_Curie_c1920.jpg
288,First Periodic Table,Elements ORGANIZED.,"Create a 30-second vertical history short about First Periodic Table. Hook: Elements ORGANIZED. Cover: Mendeleev published periodic table 1869 — a key part of the story of First Periodic Table. Predicted undiscovered elements by gaps — a key part of the story of First Periodic Table. Organized by atomic weight and properties — a key part of the story of First Periodic Table. Foundation of all modern chemistry — a key part of the story of First Periodic Table. Predictions proved correct when elements found — a key part of the story of First Periodic Table. He predicted elements that didn't exist yet. The discovery behind First Periodic Table opened entirely new fields of science and medicine. Researchers today still extend the breakthrough that began with First Periodic Table. Tone: dramatic, fast-paced, documentary style. 9:16 vertical.","Mendeleev published periodic table 1869. | Predicted undiscovered elements by gaps. | Organized by atomic weight and properties. | Foundation of all modern chemistry. | Predictions proved correct when elements found. | He predicted elements that didn't exist yet. | The discovery behind First Periodic Table opened entirely new fields of science and medicine. | Researchers today still extend the breakthrough that began with First Periodic Table. | Hook: Elements ORGANIZED. | Tone: dramatic, fast-paced, documentary style. 9:16 vertical. | The periodic table, also known as the periodic table of the elements, is an ordered arrangement of the chemical. | An icon of chemistry, the periodic table is widely used in physics and other sciences.",/images/catalog/288-first-periodic-table.jpg,#PeriodicTable #Chemistry #ScienceHistory #HistoryTok,He predicted elements that didn't exist yet. #PeriodicTable #Chemistry #ScienceHistory #HistoryTok,Unknown photographer Unknown photographer · Public domain,https://commons.wikimedia.org/wiki/File:Seaborg_in_lab.jpeg
289,CRISPR Gene Editing,Cut and paste LIFE.,"Create a 30-second vertical history short about CRISPR Gene Editing. Hook: Cut and paste LIFE. Cover: Doudna and Charpentier developed CRISPR-Cas9 2012 — a key part of the story of CRISPR Gene Editing. Allows precise editing of DNA — a key part of the story of CRISPR Gene Editing. Nobel Prize Chemistry 2020 — a key part of the story of CRISPR Gene Editing. Potential to cure genetic diseases — a key part of the story of CRISPR Gene Editing. Ethical debates over designer babies — a key part of the story of CRISPR Gene Editing. Cut and paste DNA. Ethics tremble. The events surrounding CRISPR Gene Editing reveal how quickly history can turn on a single decision. From classrooms to documentaries, CRISPR Gene Editing remains a staple of history storytelling. Tone: dramatic, fast-paced, documentary style. 9:16 vertical.","Doudna and Charpentier developed CRISPR-Cas9 2012. | Allows precise editing of DNA. | Nobel Prize Chemistry 2020. | Potential to cure genetic diseases. | Ethical debates over designer babies. | Cut and paste DNA. Ethics tremble. | Hook: Cut and paste LIFE. | Tone: dramatic, fast-paced, documentary style. 9:16 vertical. | Ethics tremble. #CRISPR #Genetics #ScienceHistory #HistoryTok Cut and paste LIFE. | Genetic engineering technique in molecular biology by which the genomes of living organisms may be modified. | It is based on a simplified version of the bacterial CRISPR-Cas9 antiviral defense system. | By delivering the Cas9 nuclease complexed with a synthetic guide RNA into a cell, the cell's genome can be cut at a.",/images/catalog/289-crispr-gene-editing.png,#CRISPR #Genetics #ScienceHistory #HistoryTok,Cut and paste DNA. Ethics tremble. #CRISPR #Genetics #ScienceHistory #HistoryTok,"Deposition authors: Nishimasu, H., Ishitani, R., Nureki, O.; Visualizat… · CC0",https://commons.wikimedia.org/wiki/File:Streptococcus_pyogenes_Cas9-DNA-RNA_complex_PDB_4OO8.png
290,Higgs Boson Discovery,God particle FOUND.,"Create a 30-second vertical history short about Higgs Boson Discovery. Hook: God particle FOUND. Cover: Discovered July 2012 at CERN Large Hadron Collider. Confirms Standard Model of particle physics — a key part of the story of Higgs Boson Discovery. Peter Higgs predicted it 1964 — a key part of the story of Higgs Boson Discovery. Called God particle by media not scientists — a key part of the story of Higgs Boson Discovery. Cost $13 billion to find — a key part of the story of Higgs Boson Discovery. $13 billion to find one particle. The discovery behind Higgs Boson Discovery opened entirely new fields of science and medicine. Researchers today still extend the breakthrough that began with Higgs Boson Discovery. Tone: dramatic, fast-paced, documentary style. 9:16 vertical.","Discovered July 2012 at CERN Large Hadron Collider. | Confirms Standard Model of particle physics. | Peter Higgs predicted it 1964. | Called God particle by media not scientists. | Cost $13 billion to find. | $13 billion to find one particle. | The discovery behind Higgs Boson Discovery opened entirely new fields of science and medicine. | Researchers today still extend the breakthrough that began with Higgs Boson Discovery. | Hook: God particle FOUND. | The Higgs boson, sometimes called the Higgs particle, is an elementary particle in the Standard Model of particle. | In the Standard Model, the Higgs particle is a massive scalar boson that couples to particles whose mass arises from. | It is also very unstable, decaying into other particles almost immediately upon generation.",/images/catalog/290-higgs-boson-discovery.png,#HiggsBoson #Physics #ScienceHistory #HistoryTok,$13 billion to find one particle. #HiggsBoson #Physics #ScienceHistory #HistoryTok,CERN for the ATLAS and CMS Collaborations · CC BY-SA 3.0,https://commons.wikimedia.org/wiki/File:Candidate_Higgs_Events_in_ATLAS_and_CMS.png
291,Green Revolution,Famine PREVENTED. Billions fed.,"Create a 30-second vertical history short about Green Revolution. Hook: Famine PREVENTED. Billions fed. Cover: Norman Borlaug developed high-yield wheat 1960s — a key part of the story of Green Revolution. Prevented mass famine in India and Pakistan — a key part of the story of Green Revolution. Nobel Peace Prize 1970 — a key part of the story of Green Revolution. Saved estimated 1 billion lives — a key part of the story of Green Revolution. Also increased pesticide and water use — a key part of the story of Green Revolution. One scientist. One billion lives saved. The events surrounding Green Revolution reveal how quickly history can turn on a single decision. From classrooms to documentaries, Green Revolution remains a staple of history storytelling. Tone: dramatic, fast-paced, documentary style. 9:16 vertical.","Norman Borlaug developed high-yield wheat 1960s. | Prevented mass famine in India and Pakistan. | Saved estimated 1 billion lives. | Also increased pesticide and water use. | Tone: dramatic, fast-paced, documentary style. 9:16 vertical. | One billion lives saved. #GreenRevolution #Agriculture #ScienceHistory #HistoryTok Famine PREVENTED. | The Green Revolution, or the Third Agricultural Revolution, was a period during which technology transfer. | These changes in agriculture initially emerged in developed countries in the early 20th century and subsequently. | In the late 1960s, farmers began incorporating new technologies, including high-yielding varieties of cereals. | The Green Revolution in India was a period that began in the 1960s during which agriculture in India was converted. | Mainly led by agricultural scientist M. | At the same time, newer methods of cultivation, including mechanization, were adopted, often as a package of.",/images/catalog/291-green-revolution.jpg,#GreenRevolution #Agriculture #ScienceHistory #HistoryTok,One scientist. One billion lives saved. #GreenRevolution #Agriculture #ScienceHistory #HistoryTok,Wikimedia Commons · Public domain,https://commons.wikimedia.org/wiki/File:Norman_Borlaug.jpg
292,Invention of the Telephone,"Mr. Watson, come HERE.","Create a 30-second vertical history short about Invention of the Telephone. Hook: Mr. Watson, come HERE. Cover: Alexander Graham Bell patented 1876 — a key part of the story of Invention of the Telephone. First words transmitted March 10 1876 — a key part of the story of Invention of the Telephone. Competing claim from Elisha Gray same day — a key part of the story of Invention of the Telephone. Changed communication forever — a key part of the story of Invention of the Telephone. From novelty to essential in decades — a key part of the story of Invention of the Telephone. Mr. Watson come here. Everything changed. The breakthrough behind Invention of the Telephone built on centuries of experimentation and curiosity. Technologies born from Invention of the Telephone still shape daily life in the modern world. Tone: dramatic, fast-paced, documentary style. 9:16 vertical.","Alexander Graham Bell patented 1876. | First words transmitted March 10 1876. | Competing claim from Elisha Gray same day. | Changed communication forever. | From novelty to essential in decades. | Mr. Watson come here. Everything changed. | The breakthrough behind Invention of the Telephone built on centuries of experimentation and curiosity. | Technologies born from Invention of the Telephone still shape daily life in the modern world. | Tone: dramatic, fast-paced, documentary style. 9:16 vertical. | Everything changed. #Telephone #Invention #TechHistory #HistoryTok Mr. | Culmination of work done by many different people, and led to an array of lawsuits relating to the conflicting. | Notable people included in this process were Antonio Meucci, Philipp Reis, Elisha Gray and Alexander Graham Bell.",/images/catalog/292-invention-of-the-telephone.jpg,#Telephone #Invention #TechHistory #HistoryTok,Mr. Watson come here. Everything changed. #Telephone #Invention #TechHistory #HistoryTok,Moffett Studio · Public domain,https://commons.wikimedia.org/wiki/File:Alexander_Graham_Bell.jpg
293,Invention of the Light Bulb,Darkness CONQUERED.,"Create a 30-second vertical history short about Invention of the Light Bulb. Hook: Darkness CONQUERED. Cover: Edison perfected practical bulb 1879 — a key part of the story of Invention of the Light Bulb. Tested thousands of filaments — a key part of the story of Invention of the Light Bulb. First public demonstration December 1879 — a key part of the story of Invention of the Light Bulb. Extended productive hours into night — a key part of the story of Invention of the Light Bulb. Electrified the modern world — a key part of the story of Invention of the Light Bulb. One bulb. Night conquered. The breakthrough behind Invention of the Light Bulb built on centuries of experimentation and curiosity. Technologies born from Invention of the Light Bulb still shape daily life in the modern world. Tone: dramatic, fast-paced, documentary style. 9:16 vertical.","Edison perfected practical bulb 1879. | Tested thousands of filaments. | First public demonstration December 1879. | Extended productive hours into night. | Electrified the modern world. | One bulb. Night conquered. | The breakthrough behind Invention of the Light Bulb built on centuries of experimentation and curiosity. | Technologies born from Invention of the Light Bulb still shape daily life in the modern world. | Hook: Darkness CONQUERED. | Tone: dramatic, fast-paced, documentary style. 9:16 vertical. | Night conquered. #LightBulb #Edison #Invention #HistoryTok Darkness CONQUERED. | An incandescent light bulb, also known as an incandescent lamp or incandescent light globe, is an electric light.",/images/catalog/293-invention-of-the-light-bulb.jpg,#LightBulb #Edison #Invention #HistoryTok,One bulb. Night conquered. #LightBulb #Edison #Invention #HistoryTok,Uploaded at enwp by User:Alkivar · CC BY-SA 3.0,https://commons.wikimedia.org/wiki/File:Edison_bulb.jpg
294,Model T Ford,A car for EVERYONE.,"Create a 30-second vertical history short about Model T Ford. Hook: A car for EVERYONE. Cover: Henry Ford launched 1908 — a key part of the story of Model T Ford. Assembly line dropped price to $260 by 1924. First affordable car for average Americans — a key part of the story of Model T Ford. 15 million sold by 1927 — a key part of the story of Model T Ford. Transformed society and suburbs — a key part of the story of Model T Ford. A car for everyone. America on wheels. The events surrounding Model T Ford reveal how quickly history can turn on a single decision. From classrooms to documentaries, Model T Ford remains a staple of history storytelling. Tone: dramatic, fast-paced, documentary style. 9:16 vertical.","Henry Ford launched 1908. | Assembly line dropped price to $260 by 1924. | First affordable car for average Americans. | Transformed society and suburbs. | A car for everyone. America on wheels. | Hook: A car for EVERYONE. | Tone: dramatic, fast-paced, documentary style. 9:16 vertical. | The Ford Model T is an automobile that was produced by the Ford Motor Company from October 1, 1908, to May 26, 1927. | It is generally regarded as the first mass-affordable automobile, which made car travel available to middle-class. | The relatively low price was partly the result of Ford's efficient fabrication, including assembly line production. | The savings from mass production allowed the price to decline from $780 in 1910 to $290 in 1924. | It was mainly designed by three engineers, Joseph A.",/images/catalog/294-model-t-ford.jpg,#ModelT #Ford #AutomotiveHistory #HistoryTok,A car for everyone. America on wheels. #ModelT #Ford #AutomotiveHistory #HistoryTok,ModelTMitch · Public domain,https://commons.wikimedia.org/wiki/File:1925_Ford_Model_T_touring.jpg
295,First Transatlantic Flight,33 hours. Ocean CONQUERED.,"Create a 30-second vertical history short about First Transatlantic Flight. Hook: 33 hours. Ocean CONQUERED. Cover: Charles Lindbergh flew May 20-21 1927 — a key part of the story of First Transatlantic Flight. Solo nonstop New York to Paris — a key part of the story of First Transatlantic Flight. Spirit of St Louis custom-built plane — a key part of the story of First Transatlantic Flight. 33.5 hours without sleep — a key part of the story of First Transatlantic Flight. Instant global celebrity — a key part of the story of First Transatlantic Flight. 33 hours alone over the ocean. The discovery behind First Transatlantic Flight opened entirely new fields of science and medicine. Researchers today still extend the breakthrough that began with First Transatlantic Flight. Tone: dramatic, fast-paced, documentary style. 9:16 vertical.","Charles Lindbergh flew May 20-21 1927. | Solo nonstop New York to Paris. | Spirit of St Louis custom-built plane. | 33.5 hours without sleep. | Instant global celebrity. | 33 hours alone over the ocean. | The discovery behind First Transatlantic Flight opened entirely new fields of science and medicine. | Researchers today still extend the breakthrough that began with First Transatlantic Flight. | A transatlantic flight is the flight of an aircraft across the Atlantic Ocean from Europe, Africa, South Asia, or. | Such flights have been made by fixed-wing aircraft, airships, balloons and other aircraft. | The distance of contemporary flights varies between 3,000km to 15,000km. | Early aircraft engines had neither the reliability nor the power to lift the required fuel to support transatlantic.",/images/catalog/295-first-transatlantic-flight.jpg,#Lindbergh #AviationHistory #Exploration #HistoryTok,33 hours alone over the ocean. #Lindbergh #AviationHistory #Exploration #HistoryTok,Sunil Gupta · GFDL 1.2,https://commons.wikimedia.org/wiki/File:Aerospatiale-British_Aircraft_Corporation_Concorde%2C_British_Airways_JP71120.jpg
296,Concorde Supersonic Jet,"Mach 2. Champagne at 60,000 FEET.","Create a 30-second vertical history short about Concorde Supersonic Jet. Hook: Mach 2. Champagne at 60,000 FEET. Cover: First supersonic passenger jet entered service 1976 — a key part of the story of Concorde Supersonic Jet. New York to London in 3.5 hours — a key part of the story of Concorde Supersonic Jet. Flew at twice the speed of sound — a key part of the story of Concorde Supersonic Jet. Retired 2003 after crash and economics — a key part of the story of Concorde Supersonic Jet. Never replaced in commercial aviation — a key part of the story of Concorde Supersonic Jet. Twice the speed of sound. Then gone. The events surrounding Concorde Supersonic Jet reveal how quickly history can turn on a single decision. From classrooms to documentaries, Concorde Supersonic Jet remains a staple of history storytelling. Tone: dramatic, fast-paced, documentary style. 9:16 vertical.","First supersonic passenger jet entered service 1976. | New York to London in 3.5 hours. | Flew at twice the speed of sound. | Retired 2003 after crash and economics. | Never replaced in commercial aviation. | Champagne at 60,000 FEET. | Tone: dramatic, fast-paced, documentary style. 9:16 vertical. | Then gone. #Concorde #AviationHistory #TechHistory #HistoryTok Mach 2. | A supersonic transport or a supersonic airliner is a civilian supersonic aircraft designed to transport passengers. | To date, the only SSTs to see regular service have been Concorde and the Tupolev Tu-144, although the Boom. | The last passenger flight of the Tu-144 was in June 1978 and it was last flown in 1999 by NASA. | Concorde's last commercial flight was in October 2003, with a November 26, 2003, ferry flight being its last flight.",/images/catalog/296-concorde-supersonic-jet.jpg,#Concorde #AviationHistory #TechHistory #HistoryTok,Twice the speed of sound. Then gone. #Concorde #AviationHistory #TechHistory #HistoryTok,User Arpingstone on en.wikipedia · Public domain,https://commons.wikimedia.org/wiki/File:Concorde.highup.arp.750pix.jpg
297,Hoover Dam,Concrete mountain. Desert POWERED.,"Create a 30-second vertical history short about Hoover Dam. Hook: Concrete mountain. Desert POWERED. Cover: Completed 1936 on Colorado River — a key part of the story of Hoover Dam. 5 million barrels of cement used — a key part of the story of Hoover Dam. Created Lake Mead largest US reservoir — a key part of the story of Hoover Dam. Powered Las Vegas and California growth — a key part of the story of Hoover Dam. Depression-era engineering marvel — a key part of the story of Hoover Dam. 5 million barrels of cement. Desert powered. The events surrounding Hoover Dam reveal how quickly history can turn on a single decision. From classrooms to documentaries, Hoover Dam remains a staple of history storytelling. Tone: dramatic, fast-paced, documentary style. 9:16 vertical.","Completed 1936 on Colorado River. | 5 million barrels of cement used. | Created Lake Mead largest US reservoir. | Powered Las Vegas and California growth. | Depression-era engineering marvel. | Hook: Concrete mountain. | Tone: dramatic, fast-paced, documentary style. 9:16 vertical. 5 million barrels of cement. | Desert powered. #HooverDam #Engineering #AmericanHistory #HistoryTok Concrete mountain. | Concrete arch-gravity dam in the Black Canyon of the Colorado River, on the boundary between the U.S. states of. | Constructed between 1931 and 1936, during the Great Depression, it was dedicated on September 30, 1935, by President. | Its construction was the result of a massive effort involving thousands of workers, and cost over 100 lives. | Bills passed by Congress during its construction referred to it as Hoover Dam , but the Roosevelt administration.",/images/catalog/297-hoover-dam.jpg,#HooverDam #Engineering #AmericanHistory #HistoryTok,5 million barrels of cement. Desert powered. #HooverDam #Engineering #AmericanHistory #HistoryTok,"Joe Flood from Washington, USA · CC BY 2.0",https://commons.wikimedia.org/wiki/File:Hoover_Dam.jpg
298,Golden Gate Bridge,Suicide bridge. Icon BUILT.,"Create a 30-second vertical history short about Golden Gate Bridge. Hook: Suicide bridge. Icon BUILT. Cover: Opened May 27 1937 San Francisco — a key part of the story of Golden Gate Bridge. Longest suspension bridge span at time — a key part of the story of Golden Gate Bridge. International orange color chosen for visibility — a key part of the story of Golden Gate Bridge. Over 1,700 suicides since opening — a key part of the story of Golden Gate Bridge. Symbol of American engineering — a key part of the story of Golden Gate Bridge. Beautiful. Deadly. Iconic. The events surrounding Golden Gate Bridge reveal how quickly history can turn on a single decision. From classrooms to documentaries, Golden Gate Bridge remains a staple of history storytelling. Tone: dramatic, fast-paced, documentary style. 9:16 vertical.","Opened May 27 1937 San Francisco. | Longest suspension bridge span at time. | International orange color chosen for visibility. | Over 1,700 suicides since opening. | Symbol of American engineering. | Beautiful. Deadly. Iconic. | Tone: dramatic, fast-paced, documentary style. 9:16 vertical. | Iconic. #GoldenGate #Engineering #SanFrancisco #HistoryTok Suicide bridge. | Suspension bridge spanning the Golden Gate, the one-mile-wide strait connecting San Francisco Bay and the Pacific. | The structure links San Francisco—the northern tip of the San Francisco Peninsula—to Marin County, carrying both U.S. | Route 101 and California State Route 1 across the strait. | It also carries pedestrian and bicycle traffic, and is designated as part of U.S.",/images/catalog/298-golden-gate-bridge.jpg,#GoldenGate #Engineering #SanFrancisco #HistoryTok,Beautiful. Deadly. Iconic. #GoldenGate #Engineering #SanFrancisco #HistoryTok,Davide Schenetti · CC BY 2.5,https://commons.wikimedia.org/wiki/File:Golden_Gate_Bridge.jpg
299,Channel Tunnel,31 miles UNDER the sea.,"Create a 30-second vertical history short about Channel Tunnel. Hook: 31 miles UNDER the sea. Cover: Opened 1994 connecting UK and France — a key part of the story of Channel Tunnel. Longest undersea tunnel in world — a key part of the story of Channel Tunnel. Took 6 years and $15 billion — a key part of the story of Channel Tunnel. Three tunnels two for trains one service — a key part of the story of Channel Tunnel. Britain physically connected to Europe — a key part of the story of Channel Tunnel. 31 miles under the sea. Two nations linked. The events surrounding Channel Tunnel reveal how quickly history can turn on a single decision. From classrooms to documentaries, Channel Tunnel remains a staple of history storytelling. Tone: dramatic, fast-paced, documentary style. 9:16 vertical.","Opened 1994 connecting UK and France. | Longest undersea tunnel in world. | Took 6 years and $15 billion. | Three tunnels two for trains one service. | Britain physically connected to Europe. | 31 miles under the sea. Two nations linked. | Hook: 31 miles UNDER the sea. | Tone: dramatic, fast-paced, documentary style. 9:16 vertical. 31 miles under the sea. | The Channel Tunnel, sometimes referred to as the Chunnel, is a 50.46-kilometre railway tunnel beneath the English. | Opened in 1994, it remains the only fixed link between Great Britain and the European mainland. | The tunnel has the longest underwater section of any tunnel in the world, at 37.9 km , reaching a depth of 75 m. | Although the tunnel was designed for speeds up to 200 km/h , trains are limited to a maximum speed of 160 km/h for.",/images/catalog/299-channel-tunnel.jpg,#ChannelTunnel #Engineering #Europe #HistoryTok,31 miles under the sea. Two nations linked. #ChannelTunnel #Engineering #Europe #HistoryTok,Billy69150 (voir les conditions d'utilisation / see licensing below) · CC BY-SA 4.0,https://commons.wikimedia.org/wiki/File:TGV_TMST_3011-2_-_Sortie_Tunnel_sous_la_Manche_%C3%A0_Coquelles.jpg
300,ENIAC First Computer,30 tons. One CALCULATION.,"Create a 30-second vertical history short about ENIAC First Computer. Hook: 30 tons. One CALCULATION. Cover: Electronic Numerical Integrator completed 1945 — a key part of the story of ENIAC First Computer. Weighed 30 tons filled entire room — a key part of the story of ENIAC First Computer. Used 18,000 vacuum tubes — a key part of the story of ENIAC First Computer. Built to calculate artillery trajectories — a key part of the story of ENIAC First Computer. Birth of electronic computing — a key part of the story of ENIAC First Computer. 30 tons. One room. Computing born. The discovery behind ENIAC First Computer opened entirely new fields of science and medicine. Researchers today still extend the breakthrough that began with ENIAC First Computer. Tone: dramatic, fast-paced, documentary style. 9:16 vertical.","Electronic Numerical Integrator completed 1945. | Weighed 30 tons filled entire room. | Used 18,000 vacuum tubes. | Built to calculate artillery trajectories. | Birth of electronic computing. | 30 tons. One room. Computing born. | The discovery behind ENIAC First Computer opened entirely new fields of science and medicine. | Researchers today still extend the breakthrough that began with ENIAC First Computer. | Tone: dramatic, fast-paced, documentary style. 9:16 vertical. 30 tons. | Computing born. #ENIAC #ComputerHistory #TechHistory #HistoryTok 30 tons. | ENIAC was the first programmable, electronic, general-purpose digital computer, completed in 1945. | Other computers had some of these features, but ENIAC was the first to have them all.",/images/catalog/300-eniac-first-computer.jpg,#ENIAC #ComputerHistory #TechHistory #HistoryTok,30 tons. One room. Computing born. #ENIAC #ComputerHistory #TechHistory #HistoryTok,The original uploader was TexasDex at English Wikipedia . · CC BY-SA 3.0,https://commons.wikimedia.org/wiki/File:ENIAC_Penn1.jpg
301,First Email Sent,QWERTYUIOP. History MADE.,"Create a 30-second vertical history short about First Email Sent. Hook: QWERTYUIOP. History MADE. Cover: Ray Tomlinson sent first email 1971 — a key part of the story of First Email Sent. First message was QWERTYUIOP test — a key part of the story of First Email Sent. Chose @ symbol for addressing — a key part of the story of First Email Sent. Changed communication forever — a key part of the story of First Email Sent. Billions of emails sent daily now — a key part of the story of First Email Sent. QWERTYUIOP. First email ever. The discovery behind First Email Sent opened entirely new fields of science and medicine. Researchers today still extend the breakthrough that began with First Email Sent. Tone: dramatic, fast-paced, documentary style. 9:16 vertical.","Ray Tomlinson sent first email 1971. | First message was QWERTYUIOP test. | Chose @ symbol for addressing. | Changed communication forever. | Billions of emails sent daily now. | QWERTYUIOP. First email ever. | The discovery behind First Email Sent opened entirely new fields of science and medicine. | Researchers today still extend the breakthrough that began with First Email Sent. | Tone: dramatic, fast-paced, documentary style. 9:16 vertical. | The history of email entails an evolving set of technologies and standards that culminated in the email systems in. | Computer-based messaging between users of the same system became possible following the advent of time-sharing in. | Informal methods of using shared files to pass messages were soon expanded into the first mail systems.",/images/catalog/301-first-email-sent.jpg,#Email #TechHistory #InternetHistory #DidYouKnow,QWERTYUIOP. First email ever. #Email #TechHistory #InternetHistory #DidYouKnow,"Andreu Veà, WiWiW.org · CC BY-SA 3.0",https://commons.wikimedia.org/wiki/File:Ray_Tomlinson.jpg
302,Y2K Panic,Midnight. Planes DIDN'T fall.,"Create a 30-second vertical history short about Y2K Panic. Hook: Midnight. Planes DIDN'T fall. Cover: Fear computers would fail January 1 2000 — a key part of the story of Y2K Panic. Billions spent fixing date code worldwide — a key part of the story of Y2K Panic. Some hoarded food and supplies — a key part of the story of Y2K Panic. Midnight passed with minimal problems — a key part of the story of Y2K Panic. Biggest non-disaster in tech history — a key part of the story of Y2K Panic. Billions spent. Nothing happened. The events surrounding Y2K Panic reveal how quickly history can turn on a single decision. From classrooms to documentaries, Y2K Panic remains a staple of history storytelling. Tone: dramatic, fast-paced, documentary style. 9:16 vertical.","Fear computers would fail January 1 2000. | Billions spent fixing date code worldwide. | Some hoarded food and supplies. | Midnight passed with minimal problems. | Biggest non-disaster in tech history. | Billions spent. Nothing happened. | Tone: dramatic, fast-paced, documentary style. 9:16 vertical. | Nothing happened. #Y2K #TechHistory #2000s #HistoryTok Midnight. | The Wonderfools is a 2026 South Korean superhero comedy action adventure television series created by Kang. | The series focuses on the experiences of ""flawed superhumans"", who are unable to control their abilities and end up. | 2000 was a century leap year starting on Saturday of the Gregorian calendar, the 2000th year of the Common Era and. | The series entered development as early as 2018 under the working title The B-Team and was originally conceived as.",/images/catalog/302-y2k-panic.jpg,#Y2K #TechHistory #2000s #HistoryTok,Billions spent. Nothing happened. #Y2K #TechHistory #2000s #HistoryTok,Bug de l'an 2000 · CC BY-SA 3.0,https://commons.wikimedia.org/wiki/File:Bug_de_l%27an_2000.jpg
303,iPhone Launch,One phone. World REWIRED.,"Create a 30-second vertical history short about iPhone Launch. Hook: One phone. World REWIRED. Cover: Steve Jobs unveiled January 9 2007 — a key part of the story of iPhone Launch. Combined phone iPod and internet device — a key part of the story of iPhone Launch. Revolutionized mobile computing — a key part of the story of iPhone Launch. App economy created trillions in value — a key part of the story of iPhone Launch. Changed how humans interact daily — a key part of the story of iPhone Launch. One phone. Everything changed. The events surrounding iPhone Launch reveal how quickly history can turn on a single decision. From classrooms to documentaries, iPhone Launch remains a staple of history storytelling. Tone: dramatic, fast-paced, documentary style. 9:16 vertical.","Steve Jobs unveiled January 9 2007. | Combined phone iPod and internet device. | Revolutionized mobile computing. | App economy created trillions in value. | Changed how humans interact daily. | One phone. Everything changed. | Tone: dramatic, fast-paced, documentary style. 9:16 vertical. | The iPhone is a smartphone developed and marketed by Apple as the first device in the iPhone lineup of smartphones. | It features a Samsung S5L8900 SoC , a 3.5 in multi-touch display, and a web browser . | After years of rumors and speculation, it was officially announced on January 9, 2007, and was released in the. | Development of the iPhone began in 2005 and continued in secrecy until its public unveiling at Macworld 2007. | The device broke with prevailing mobile phone designs by eliminating most physical hardware buttons, and relying on.",/images/catalog/303-iphone-launch.jpg,#iPhone #Apple #TechHistory #HistoryTok,One phone. Everything changed. #iPhone #Apple #TechHistory #HistoryTok,Thsdb · CC BY-SA 4.0,https://commons.wikimedia.org/wiki/File:IPhones_6%2C_7%2C_8%2C_SE2_black_-_back_camera_view.jpg
304,Tesla and AC Power,Current WARS.,"Create a 30-second vertical history short about Tesla and AC Power. Hook: Current WARS. Cover: Nikola Tesla pioneered alternating current — a key part of the story of Tesla and AC Power. Edison promoted dangerous direct current — a key part of the story of Tesla and AC Power. Tesla won War of Currents — a key part of the story of Tesla and AC Power. AC powers modern electrical grid — a key part of the story of Tesla and AC Power. Tesla died penniless despite genius — a key part of the story of Tesla and AC Power. He powered the world. Died broke. The events surrounding Tesla and AC Power reveal how quickly history can turn on a single decision. From classrooms to documentaries, Tesla and AC Power remains a staple of history storytelling. Tone: dramatic, fast-paced, documentary style. 9:16 vertical.","Nikola Tesla pioneered alternating current. | Edison promoted dangerous direct current. | Tesla won War of Currents. | AC powers modern electrical grid. | Tesla died penniless despite genius. | He powered the world. Died broke. | Tone: dramatic, fast-paced, documentary style. 9:16 vertical. | Died broke. #Tesla #Electricity #Invention #HistoryTok Current WARS. | The Tesla Powerwall is a rechargeable lithium-ion battery stationary home energy storage product manufactured by. | The Powerwall stores electricity for solar self-consumption, time of use load shifting, and backup power. | Nikola Tesla was a Serbian-American engineer, futurist, and inventor. | He is known for his contributions to the design of the modern alternating current electricity supply system.",/images/catalog/304-tesla-and-ac-power.jpg,#Tesla #Electricity #Invention #HistoryTok,He powered the world. Died broke. #Tesla #Electricity #Invention #HistoryTok,Napoleon Sarony · Public domain,https://commons.wikimedia.org/wiki/File:Tesla_circa_1890.jpeg
305,Invention of Radio,Voices through the AIR.,"Create a 30-second vertical history short about Invention of Radio. Hook: Voices through the AIR. Cover: Marconi sent first transatlantic signal 1901 — a key part of the story of Invention of Radio. Guglielmo Marconi won Nobel Prize 1909 — a key part of the story of Invention of Radio. Radio broadcasting began 1920s — a key part of the story of Invention of Radio. Connected world before television — a key part of the story of Invention of Radio. Revolutionized news and entertainment — a key part of the story of Invention of Radio. Voices through the air. World connected. The breakthrough behind Invention of Radio built on centuries of experimentation and curiosity. Technologies born from Invention of Radio still shape daily life in the modern world. Tone: dramatic, fast-paced, documentary style. 9:16 vertical.","Marconi sent first transatlantic signal 1901. | Guglielmo Marconi won Nobel Prize 1909. | Radio broadcasting began 1920s. | Connected world before television. | Revolutionized news and entertainment. | Voices through the air. World connected. | The breakthrough behind Invention of Radio built on centuries of experimentation and curiosity. | Technologies born from Invention of Radio still shape daily life in the modern world. | Tone: dramatic, fast-paced, documentary style. 9:16 vertical. | The invention of radio communication was preceded by many decades of establishing theoretical underpinnings. | These developments allowed Guglielmo Marconi to turn radio waves into a wireless communication system. | The idea that the wires needed for electrical telegraph could be eliminated, creating a wireless telegraph, had been.",/images/catalog/305-invention-of-radio.jpg,#Radio #Invention #TechHistory #HistoryTok,Voices through the air. World connected. #Radio #Invention #TechHistory #HistoryTok,Pach Brothers · Public domain,https://commons.wikimedia.org/wiki/File:Guglielmo_Marconi.jpg
306,First Television Broadcast,Fuzzy pictures. World WATCHED.,"Create a 30-second vertical history short about First Television Broadcast. Hook: Fuzzy pictures. World WATCHED. Cover: BBC first regular TV service 1936 — a key part of the story of First Television Broadcast. Early sets cost fortune showed blurry images — a key part of the story of First Television Broadcast. World War II paused development — a key part of the story of First Television Broadcast. Postwar TV transformed society and politics — a key part of the story of First Television Broadcast. Kennedy-Nixon debate proved TV power 1960 — a key part of the story of First Television Broadcast. Fuzzy pictures. Society transformed. The discovery behind First Television Broadcast opened entirely new fields of science and medicine. Researchers today still extend the breakthrough that began with First Television Broadcast. Tone: dramatic, fast-paced, documentary style. 9:16 vertical.","BBC first regular TV service 1936. | Early sets cost fortune showed blurry images. | World War II paused development. | Postwar TV transformed society and politics. | Kennedy-Nixon debate proved TV power 1960. | Fuzzy pictures. Society transformed. | The discovery behind First Television Broadcast opened entirely new fields of science and medicine. | Researchers today still extend the breakthrough that began with First Television Broadcast. | Tone: dramatic, fast-paced, documentary style. 9:16 vertical. | A television broadcaster or television network is a telecommunications network for the distribution of television. | Until the mid-1980s, broadcast programming on television in most countries of the world was dominated by a small. | Many early television networks such as the BBC, CBC, PBS, PTV, NBC or ABC in the US and in Australia evolved from.",/images/catalog/306-first-television-broadcast.jpg,#Television #TechHistory #Broadcasting #HistoryTok,Fuzzy pictures. Society transformed. #Television #TechHistory #Broadcasting #HistoryTok,Dm4244 · CC BY-SA 4.0,https://commons.wikimedia.org/wiki/File:DM2025_Crystal_Palace_Transmitter_with_the_Croydon_transmitter_in_the_distance.jpg
307,First Photograph Ever,8 hours. One BLUR.,"Create a 30-second vertical history short about First Photograph Ever. Hook: 8 hours. One BLUR. Cover: Joseph Nicephore Niepce 1826-1827 — a key part of the story of First Photograph Ever. Required 8-hour exposure — a key part of the story of First Photograph Ever. View from his window in France — a key part of the story of First Photograph Ever. Called heliograph — a key part of the story of First Photograph Ever. Birth of photography — a key part of the story of First Photograph Ever. 8 hours of light. One blurry photo. The discovery behind First Photograph Ever opened entirely new fields of science and medicine. Researchers today still extend the breakthrough that began with First Photograph Ever. Tone: dramatic, fast-paced, documentary style. 9:16 vertical.","Joseph Nicephore Niepce 1826-1827. | Required 8-hour exposure. | View from his window in France. | 8 hours of light. One blurry photo. | The discovery behind First Photograph Ever opened entirely new fields of science and medicine. | Researchers today still extend the breakthrough that began with First Photograph Ever. | Tone: dramatic, fast-paced, documentary style. 9:16 vertical. 8 hours of light. | One blurry photo. #Photography #Invention #ArtHistory #DidYouKnow 8 hours. | The Calvine UFO was a reported sighting of an unidentified flying object near the hamlet of Calvine in Perthshire. | Valentina Vassilyeva was a woman from Shuya, Russia. | She was the first wife of Feodor Vassilyev, who was said to have fathered 87 children; 69 with Valentina between. | According to Guinness World Records, this is the world record for the most children born to a single woman.",/images/catalog/307-first-photograph-ever.jpg,#Photography #Invention #ArtHistory #DidYouKnow,8 hours of light. One blurry photo. #Photography #Invention #ArtHistory #DidYouKnow,420 xXx.MinecraftGamer.xXx 69 · CC BY-SA 4.0,https://commons.wikimedia.org/wiki/File:Picture_of_Polaroid_image.jpg
308,First Motion Picture,Horse RUNNING.,"Create a 30-second vertical history short about First Motion Picture. Hook: Horse RUNNING. Cover: Eadweard Muybridge 1878 galloping horse — a key part of the story of First Motion Picture. Proved all four hooves leave ground — a key part of the story of First Motion Picture. Series of photographs created animation — a key part of the story of First Motion Picture. Birth of cinema — a key part of the story of First Motion Picture. Settled bet between businessmen — a key part of the story of First Motion Picture. A bet. A horse. Movies born. The discovery behind First Motion Picture opened entirely new fields of science and medicine. Researchers today still extend the breakthrough that began with First Motion Picture. Tone: dramatic, fast-paced, documentary style. 9:16 vertical.","Eadweard Muybridge 1878 galloping horse. | Proved all four hooves leave ground. | Series of photographs created animation. | Settled bet between businessmen. | A bet. A horse. Movies born. | The discovery behind First Motion Picture opened entirely new fields of science and medicine. | Researchers today still extend the breakthrough that began with First Motion Picture. | Tone: dramatic, fast-paced, documentary style. 9:16 vertical. | Movies born. #Cinema #Photography #Invention #HistoryTok Horse RUNNING. | Sony Pictures Entertainment Motion Picture Group is a division of Sony Pictures Entertainment to manage its motion. | It was launched in 1998 by integrating the businesses of Columbia Pictures and TriStar Pictures. | The Horse in Motion is a series of cabinet cards by Eadweard Muybridge, including six cards that each show a series.",/images/catalog/308-first-motion-picture.jpg,#Cinema #Photography #Invention #HistoryTok,A bet. A horse. Movies born. #Cinema #Photography #Invention #HistoryTok,Brewster Publications · Public domain,https://commons.wikimedia.org/wiki/File:Motion-picture-may1922.jpg
309,Assembly Line Revolution,93 minutes. One CAR.,"Create a 30-second vertical history short about Assembly Line Revolution. Hook: 93 minutes. One CAR. Cover: Henry Ford's moving assembly line 1913 — a key part of the story of Assembly Line Revolution. Model T production time dropped to 93 minutes. Workers stood in one place as cars moved. Created modern mass production — a key part of the story of Assembly Line Revolution. Transformed manufacturing worldwide — a key part of the story of Assembly Line Revolution. 93 minutes. One car. Industry transformed. The events surrounding Assembly Line Revolution reveal how quickly history can turn on a single decision. From classrooms to documentaries, Assembly Line Revolution remains a staple of history storytelling. Tone: dramatic, fast-paced, documentary style. 9:16 vertical.","Henry Ford's moving assembly line 1913. | Model T production time dropped to 93 minutes. | Workers stood in one place as cars moved. | Created modern mass production. | Transformed manufacturing worldwide. | 93 minutes. One car. Industry transformed. | Tone: dramatic, fast-paced, documentary style. 9:16 vertical. 93 minutes. | Industry transformed. #AssemblyLine #Ford #IndustrialHistory #HistoryTok 93 minutes. | An assembly line, often called progressive assembly, is a manufacturing process where the unfinished product moves. | By mechanically moving parts to workstations and transferring the unfinished product from one workstation to. | Assembly lines are common methods of assembling complex items such as automobiles and other transportation. | Workers in charge of the works of assembly line are called assemblers.",/images/catalog/309-assembly-line-revolution.jpg,#AssemblyLine #Ford #IndustrialHistory #HistoryTok,93 minutes. One car. Industry transformed. #AssemblyLine #Ford #IndustrialHistory #HistoryTok,"DearEdward from New York, NY, USA · CC BY 2.0",https://commons.wikimedia.org/wiki/File:A321_final_assembly_%289351765668%29.jpg
310,Transatlantic Telegraph Cable,Messages in MINUTES not weeks.,"Create a 30-second vertical history short about Transatlantic Telegraph Cable. Hook: Messages in MINUTES not weeks. Cover: First successful cable 1866 — a key part of the story of Transatlantic Telegraph Cable. Connected Europe and North America — a key part of the story of Transatlantic Telegraph Cable. Queen Victoria messaged President Buchanan — a key part of the story of Transatlantic Telegraph Cable. Collapsed distance between continents — a key part of the story of Transatlantic Telegraph Cable. Failed attempts cost fortunes and lives — a key part of the story of Transatlantic Telegraph Cable. Weeks became minutes. World shrunk. The events surrounding Transatlantic Telegraph Cable reveal how quickly history can turn on a single decision. From classrooms to documentaries, Transatlantic Telegraph Cable remains a staple of history storytelling. Tone: dramatic, fast-paced, documentary style. 9:16 vertical.","First successful cable 1866. | Connected Europe and North America. | Queen Victoria messaged President Buchanan. | Collapsed distance between continents. | Failed attempts cost fortunes and lives. | Weeks became minutes. World shrunk. | Hook: Messages in MINUTES not weeks. | Tone: dramatic, fast-paced, documentary style. 9:16 vertical. | World shrunk. #Telegraph #Invention #Communication #HistoryTok Messages in MINUTES not weeks. | Transatlantic telegraph cables are undersea cables running under the Atlantic Ocean which were used for telegraph. | The Atlantic Telegraph Company led by Cyrus West Field constructed the first transatlantic telegraph cable. | The project began in 1854 with the first cable laid from Valentia Island off the west coast of Ireland to Bay of.",/images/catalog/310-transatlantic-telegraph-cable.jpg,#Telegraph #Invention #Communication #HistoryTok,Weeks became minutes. World shrunk. #Telegraph #Invention #Communication #HistoryTok,Robert Charles Dudley · Public domain,https://commons.wikimedia.org/wiki/File:Landing_of_the_Atlantic_Cable_of_1866%2C_Heart%27s_Content%2C_Newfoundland.jpg
311,First Personal Computer,Garage to DESKTOP.,"Create a 30-second vertical history short about First Personal Computer. Hook: Garage to DESKTOP. Cover: Altair 8800 released 1975 — a key part of the story of First Personal Computer. Bill Gates and Paul Allen wrote BASIC for it. Homebrew Computer Club inspired Jobs and Wozniak — a key part of the story of First Personal Computer. Apple I followed 1976 — a key part of the story of First Personal Computer. Started personal computing revolution — a key part of the story of First Personal Computer. From garage to every desk. The discovery behind First Personal Computer opened entirely new fields of science and medicine. Researchers today still extend the breakthrough that began with First Personal Computer. Tone: dramatic, fast-paced, documentary style. 9:16 vertical.","Altair 8800 released 1975. | Bill Gates and Paul Allen wrote BASIC for it. | Homebrew Computer Club inspired Jobs and Wozniak. | Started personal computing revolution. | From garage to every desk. | The discovery behind First Personal Computer opened entirely new fields of science and medicine. | Researchers today still extend the breakthrough that began with First Personal Computer. | Hook: Garage to DESKTOP. | Tone: dramatic, fast-paced, documentary style. 9:16 vertical. | A personal computer , or simply computer, is a computer designed for personal use. | It is typically used for tasks such as word processing, web browsing, email, file management, spreadsheets, and. | Personal computers are meant to be operated directly by an end user, rather than by a computer expert.",/images/catalog/311-first-personal-computer.jpg,#PersonalComputer #TechHistory #SiliconValley #HistoryTok,From garage to every desk. #PersonalComputer #TechHistory #SiliconValley #HistoryTok,Swtpc6800 en:User:Swtpc6800 Michael Holley · Public domain,https://commons.wikimedia.org/wiki/File:Altair_8800_Computer.jpg
312,World Wide Web Launch,One proposal. Everything CONNECTED.,"Create a 30-second vertical history short about World Wide Web Launch. Hook: One proposal. Everything CONNECTED. Cover: Tim Berners-Lee proposed 1989 at CERN — a key part of the story of World Wide Web Launch. First website went live 1991 — a key part of the story of World Wide Web Launch. Made internet accessible to everyone — a key part of the story of World Wide Web Launch. Free and open by design — a key part of the story of World Wide Web Launch. Changed commerce communication and society — a key part of the story of World Wide Web Launch. One proposal at CERN. World connected. The events surrounding World Wide Web Launch reveal how quickly history can turn on a single decision. From classrooms to documentaries, World Wide Web Launch remains a staple of history storytelling. Tone: dramatic, fast-paced, documentary style. 9:16 vertical.","Tim Berners-Lee proposed 1989 at CERN. | First website went live 1991. | Made internet accessible to everyone. | Changed commerce communication and society. | One proposal at CERN. World connected. | Tone: dramatic, fast-paced, documentary style. 9:16 vertical. | World connected. #WorldWideWeb #InternetHistory #TechHistory #HistoryTok One proposal. | The World Wide Web is a global interconnected information system that enables content sharing over the Internet. | It facilitates access to documents and other web resources according to specific rules of the Hypertext Transfer. | The Web was invented by English computer scientist Tim Berners-Lee while at CERN in 1989 and opened to the public in. | It was conceived as a ""universal linked information system"". | Documents and other media content are made available to the network through web servers and can be accessed by.",/images/catalog/312-world-wide-web-launch.jpg,#WorldWideWeb #InternetHistory #TechHistory #HistoryTok,One proposal at CERN. World connected. #WorldWideWeb #InternetHistory #TechHistory #HistoryTok,User:Coolcaesar at en.wikipedia · CC BY-SA 3.0,https://commons.wikimedia.org/wiki/File:First_Web_Server.jpg
313,GPS Invention,Satellites know WHERE you are.,"Create a 30-second vertical history short about GPS Invention. Hook: Satellites know WHERE you are. Cover: Developed by US military 1970s — a key part of the story of GPS Invention. Full constellation operational 1995 — a key part of the story of GPS Invention. Originally military now in every phone — a key part of the story of GPS Invention. 24 satellites orbit Earth twice daily — a key part of the story of GPS Invention. Changed navigation warfare and daily life — a key part of the story of GPS Invention. 24 satellites. They know where you are. The breakthrough behind GPS Invention built on centuries of experimentation and curiosity. Technologies born from GPS Invention still shape daily life in the modern world. Tone: dramatic, fast-paced, documentary style. 9:16 vertical.","Developed by US military 1970s. | Full constellation operational 1995. | Originally military now in every phone. | 24 satellites orbit Earth twice daily. | Changed navigation warfare and daily life. | 24 satellites. They know where you are. | The breakthrough behind GPS Invention built on centuries of experimentation and curiosity. | Technologies born from GPS Invention still shape daily life in the modern world. | Tone: dramatic, fast-paced, documentary style. 9:16 vertical. 24 satellites. | The Global Positioning System is a satellite-based hyperbolic navigation system owned by the United States Space. | It is one of the global navigation satellite systems that provide geolocation and time information to a GPS receiver. | It does not require the user to transmit any data, and operates independently of any telephone or Internet.",/images/catalog/313-gps-invention.jpg,#GPS #TechHistory #Navigation #HistoryTok,24 satellites. They know where you are. #GPS #TechHistory #Navigation #HistoryTok,U.S. Air Force · Public domain,https://commons.wikimedia.org/wiki/File:GPS_Block_IIIA.jpg
314,Steam Engine Revolution,Steam changed EVERYTHING.,"Create a 30-second vertical history short about Steam Engine Revolution. Hook: Steam changed EVERYTHING. Cover: James Watt improved steam engine 1769 — a key part of the story of Steam Engine Revolution. Powered factories ships and trains — a key part of the story of Steam Engine Revolution. Freed industry from water and wind power — a key part of the story of Steam Engine Revolution. Enabled Industrial Revolution — a key part of the story of Steam Engine Revolution. Foundation of modern mechanized world — a key part of the story of Steam Engine Revolution. Steam powered the modern world. The events surrounding Steam Engine Revolution reveal how quickly history can turn on a single decision. From classrooms to documentaries, Steam Engine Revolution remains a staple of history storytelling. Tone: dramatic, fast-paced, documentary style. 9:16 vertical.","James Watt improved steam engine 1769. | Powered factories ships and trains. | Freed industry from water and wind power. | Enabled Industrial Revolution. | Foundation of modern mechanized world. | Steam powered the modern world. | Hook: Steam changed EVERYTHING. | Tone: dramatic, fast-paced, documentary style. 9:16 vertical. | The Watt steam engine was an invention of James Watt that was a driving force of the Industrial Revolution. | According to the Encyclopædia Britannica, it was ""the first truly efficient steam engine"". | The Watt steam engine was inspired by the Newcomen atmospheric engine, which was introduced by Thomas Newcomen in. | At the end of the power stroke, the weight of the object being moved by the engine pulled the piston to the top of.",/images/catalog/314-steam-engine-revolution.jpg,#SteamEngine #IndustrialRevolution #Invention #HistoryTok,Steam powered the modern world. #SteamEngine #IndustrialRevolution #Invention #HistoryTok,Nicolás Pérez · CC BY-SA 3.0,https://commons.wikimedia.org/wiki/File:Maquina_vapor_Watt_ETSIIM.jpg
315,First Skyscraper,10 stories. City went UP.,"Create a 30-second vertical history short about First Skyscraper. Hook: 10 stories. City went UP. Cover: Home Insurance Building Chicago 1885 — a key part of the story of First Skyscraper. Steel frame allowed height previously impossible — a key part of the story of First Skyscraper. Only 10 stories but started skyscraper era — a key part of the story of First Skyscraper. Chicago and New York raced upward — a key part of the story of First Skyscraper. Changed urban landscape forever — a key part of the story of First Skyscraper. 10 stories. Cities went up forever. The discovery behind First Skyscraper opened entirely new fields of science and medicine. Researchers today still extend the breakthrough that began with First Skyscraper. Tone: dramatic, fast-paced, documentary style. 9:16 vertical.","Home Insurance Building Chicago 1885. | Steel frame allowed height previously impossible. | Only 10 stories but started skyscraper era. | Chicago and New York raced upward. | Changed urban landscape forever. | 10 stories. Cities went up forever. | The discovery behind First Skyscraper opened entirely new fields of science and medicine. | Researchers today still extend the breakthrough that began with First Skyscraper. | Tone: dramatic, fast-paced, documentary style. 9:16 vertical. 10 stories. | The earliest stage of skyscraper design encompasses buildings built between 1884 and 1945, predominantly in American. | Cities in the United States were traditionally made up of low-rise buildings, but significant economic growth after. | Technological improvements enabled the construction of fireproofed iron-framed structures with deep foundations.",/images/catalog/315-first-skyscraper.jpg,#Skyscraper #Architecture #Chicago #HistoryTok,10 stories. Cities went up forever. #Skyscraper #Architecture #Chicago #HistoryTok,Unknown author Unknown author · Public domain,https://commons.wikimedia.org/wiki/File:Detroit_Photographic_Company_%280645%29.jpg
316,First Commercial Jet Flight,Jet age BEGINS.,"Create a 30-second vertical history short about First Commercial Jet Flight. Hook: Jet age BEGINS. Cover: De Havilland Comet first jet airliner 1952 — a key part of the story of First Commercial Jet Flight. BOAC flew London to Johannesburg — a key part of the story of First Commercial Jet Flight. Cut travel times dramatically — a key part of the story of First Commercial Jet Flight. Early Comets had fatal design flaws — a key part of the story of First Commercial Jet Flight. Boeing 707 perfected jet travel 1958 — a key part of the story of First Commercial Jet Flight. Jets changed how far humans could go. The discovery behind First Commercial Jet Flight opened entirely new fields of science and medicine. Researchers today still extend the breakthrough that began with First Commercial Jet Flight. Tone: dramatic, fast-paced, documentary style. 9:16 vertical.","De Havilland Comet first jet airliner 1952. | BOAC flew London to Johannesburg. | Cut travel times dramatically. | Early Comets had fatal design flaws. | Boeing 707 perfected jet travel 1958. | Jets changed how far humans could go. | The discovery behind First Commercial Jet Flight opened entirely new fields of science and medicine. | Researchers today still extend the breakthrough that began with First Commercial Jet Flight. | Tone: dramatic, fast-paced, documentary style. 9:16 vertical. | The Embraer E-Jet family is a series of four-abreast, narrow-body, short- to medium-range, twin-engined regional jet. | Over time, commercial airlines using fixed-wing aircraft have established a number of scheduled ultra long-haul. | For an airline, choosing to operate long flights can also build brand image as well as loyalty among a set of.",/images/catalog/316-first-commercial-jet-flight.jpg,#JetAge #AviationHistory #TechHistory #HistoryTok,Jets changed how far humans could go. #JetAge #AviationHistory #TechHistory #HistoryTok,Richard Vandervord · CC BY-SA 4.0,https://commons.wikimedia.org/wiki/File:KLM_Cityhopper_-_Embraer_190LR_-_AN2571563.jpg
317,First Nuclear Power Plant,Atoms for PEACE.,"Create a 30-second vertical history short about First Nuclear Power Plant. Hook: Atoms for PEACE. Cover: Obninsk USSR 1954 first grid-connected plant — a key part of the story of First Nuclear Power Plant. Calder Hall UK 1956 first commercial plant — a key part of the story of First Nuclear Power Plant. Promised unlimited clean energy — a key part of the story of First Nuclear Power Plant. Chernobyl and Fukushima changed perception — a key part of the story of First Nuclear Power Plant. Still provides 10 percent of world electricity — a key part of the story of First Nuclear Power Plant. Atoms for peace. Then atoms for fear. The discovery behind First Nuclear Power Plant opened entirely new fields of science and medicine. Researchers today still extend the breakthrough that began with First Nuclear Power Plant. Tone: dramatic, fast-paced, documentary style. 9:16 vertical.","Obninsk USSR 1954 first grid-connected plant. | Calder Hall UK 1956 first commercial plant. | Promised unlimited clean energy. | Chernobyl and Fukushima changed perception. | Still provides 10 percent of world electricity. | Atoms for peace. Then atoms for fear. | The discovery behind First Nuclear Power Plant opened entirely new fields of science and medicine. | Researchers today still extend the breakthrough that began with First Nuclear Power Plant. | Tone: dramatic, fast-paced, documentary style. 9:16 vertical. | Obninsk Nuclear Power Plant was built in the ""Science City"" of Obninsk, Kaluga Oblast, about 110 km southwest of. | It was located at the Institute of Physics and Power Engineering. | The plant is also known as APS-1 Obninsk .",/images/catalog/317-first-nuclear-power-plant.jpg,#NuclearPower #Energy #TechHistory #HistoryTok,Atoms for peace. Then atoms for fear. #NuclearPower #Energy #TechHistory #HistoryTok,Pavel Bykov / Павел Быков · CC BY-SA 3.0,https://commons.wikimedia.org/wiki/File:RIAN_archive_409173_World%27s_first_nuclear_power_plant_in_Obninsk.jpg
318,MTV Launch,Video killed the radio STAR.,"Create a 30-second vertical history short about MTV Launch. Hook: Video killed the radio STAR. Cover: Launched August 1 1981 — a key part of the story of MTV Launch. First video Video Killed the Radio Star — a key part of the story of MTV Launch. Revolutionized music marketing — a key part of the story of MTV Launch. Made stars of directors and VJs — a key part of the story of MTV Launch. Defined 1980s youth culture — a key part of the story of MTV Launch. Video killed the radio star. Literally. The events surrounding MTV Launch reveal how quickly history can turn on a single decision. From classrooms to documentaries, MTV Launch remains a staple of history storytelling. Tone: dramatic, fast-paced, documentary style. 9:16 vertical.","First video Video Killed the Radio Star. | Revolutionized music marketing. | Made stars of directors and VJs. | Defined 1980s youth culture. | Cover: Launched August 1 1981. | Tone: dramatic, fast-paced, documentary style. 9:16 vertical. | Literally. #MTV #MusicHistory #1980s #HistoryTok Video killed the radio STAR. | MTV is an American cable television channel and the flagship namesake property of the MTV Entertainment Group, a. | Launched on August 1, 1981, the channel originally aired music videos and related music entertainment programming. | MTV soon began establishing its presence overseas, eventually gaining an unprecedented cult following and becoming. | This is a list of the first music videos broadcast on MTV's first day, August 1, 1981. | MTV's first day on the air was rebroadcast on VH1 Classic in 2006 and again in 2011.",/images/catalog/318-mtv-launch.jpg,#MTV #MusicHistory #1980s #HistoryTok,Video killed the radio star. Literally. #MTV #MusicHistory #1980s #HistoryTok,Barbie Simons · CC BY 3.0,https://commons.wikimedia.org/wiki/File:Ariana_Grande_promoting_Wicked_%282024%29.jpg
319,Al Capone,Public enemy #1. Tax EVASION.,"Create a 30-second vertical history short about Al Capone. Hook: Public enemy #1. Tax EVASION. Cover: Ran Chicago bootlegging empire Prohibition era — a key part of the story of Al Capone. St. Valentine's Day Massacre 1929 — a key part of the story of Al Capone. Convicted on tax evasion not murder 1931 — a key part of the story of Al Capone. Alcatraz inmate died of syphilis 1947 — a key part of the story of Al Capone. Symbol of organized crime golden age — a key part of the story of Al Capone. They got him on taxes. Not murder. The events surrounding Al Capone reveal how quickly history can turn on a single decision. From classrooms to documentaries, Al Capone remains a staple of history storytelling. Tone: dramatic, fast-paced, documentary style. 9:16 vertical.","Ran Chicago bootlegging empire Prohibition era. | St. Valentine's Day Massacre 1929. | Convicted on tax evasion not murder 1931. | Alcatraz inmate died of syphilis 1947. | Symbol of organized crime golden age. | They got him on taxes. Not murder. | Tone: dramatic, fast-paced, documentary style. 9:16 vertical. | Not murder. #AlCapone #TrueCrime #Prohibition #HistoryTok Public enemy #1. | Alphonse Gabriel Capone, sometimes known by the nickname ""Scarface"", was an American gangster and businessman who. | His seven-year reign as a crime boss ended when he was imprisoned at the age of 33. | Alphonse Gabriel Capone (, kə-POHN. | January 17, 1899 – January 25, 1947), sometimes known by the nickname ""Scarface"", was an American gangster and.",/images/catalog/319-al-capone.jpg,#AlCapone #TrueCrime #Prohibition #HistoryTok,They got him on taxes. Not murder. #AlCapone #TrueCrime #Prohibition #HistoryTok,Chicago Bureau (Federal Bureau of Investigation) - Wide World Photos. · Public domain,https://commons.wikimedia.org/wiki/File:Al_Capone_in_1930_%28manually_dusted%29.jpg
320,Bonnie and Clyde,Lovers. Outlaws. LEGEND.,"Create a 30-second vertical history short about Bonnie and Clyde. Hook: Lovers. Outlaws. LEGEND. Cover: Robbed banks and killed during Great Depression — a key part of the story of Bonnie and Clyde. Killed in ambush May 23 1934 Louisiana — a key part of the story of Bonnie and Clyde. 50 officers fired 130 rounds into car — a key part of the story of Bonnie and Clyde. Romanticized in film and folklore — a key part of the story of Bonnie and Clyde. Symbol of desperate Depression-era America — a key part of the story of Bonnie and Clyde. Lovers. Outlaws. 130 bullets. The events surrounding Bonnie and Clyde reveal how quickly history can turn on a single decision. From classrooms to documentaries, Bonnie and Clyde remains a staple of history storytelling. Tone: dramatic, fast-paced, documentary style. 9:16 vertical.","Robbed banks and killed during Great Depression. | Killed in ambush May 23 1934 Louisiana. | 50 officers fired 130 rounds into car. | Romanticized in film and folklore. | Symbol of desperate Depression-era America. | Lovers. Outlaws. 130 bullets. | Tone: dramatic, fast-paced, documentary style. 9:16 vertical. | Bonnie Elizabeth Parker and Clyde Chestnut ""Champion"" Barrow were outlaws who traveled the Central United States. | The couple were known for their bank robberies and multiple murders, although they preferred to rob small stores or. | Their exploits captured the attention of the American press and its readership during what is occasionally referred. | On May 23, 1934, they were ambushed and killed on Louisiana Highway 154 in Bienville Parish, Louisiana, by a law. | They are believed to have murdered at least nine police officers and three civilians.",/images/catalog/320-bonnie-and-clyde.jpg,#BonnieAndClyde #TrueCrime #1930s #HistoryTok,Lovers. Outlaws. 130 bullets. #BonnieAndClyde #TrueCrime #1930s #HistoryTok,Attributed to Buck Barrow · Public domain,https://commons.wikimedia.org/wiki/File:Bonnie_Parker_and_Clyde_Barrow.jpg
321,Zodiac Killer,Ciphers. Zero ARRESTS.,"Create a 30-second vertical history short about Zodiac Killer. Hook: Ciphers. Zero ARRESTS. Cover: Serial killer Northern California 1960s-70s — a key part of the story of Zodiac Killer. Sent taunting letters to newspapers — a key part of the story of Zodiac Killer. Some ciphers cracked others remain unsolved — a key part of the story of Zodiac Killer. Claimed 37 victims confirmed 5 — a key part of the story of Zodiac Killer. Identity still unknown over 50 years later — a key part of the story of Zodiac Killer. Ciphers sent. Zero arrests. Still unknown. The events surrounding Zodiac Killer reveal how quickly history can turn on a single decision. From classrooms to documentaries, Zodiac Killer remains a staple of history storytelling. Tone: dramatic, fast-paced, documentary style. 9:16 vertical.","Serial killer Northern California 1960s-70s. | Sent taunting letters to newspapers. | Some ciphers cracked others remain unsolved. | Claimed 37 victims confirmed 5. | Identity still unknown over 50 years later. | Ciphers sent. Zero arrests. Still unknown. | Tone: dramatic, fast-paced, documentary style. 9:16 vertical. | Still unknown. #ZodiacKiller #TrueCrime #Unsolved #HistoryTok Ciphers. | Unidentified serial killer who murdered at least five people in the San Francisco Bay Area between December 1968 and. | The Zodiac attacked three couples and a cab driver in Benicia, Vallejo, unincorporated Napa County, and the city of. | Two of the Zodiac's seven victims survived. | Thousands of men have been named as a possible suspect for the Zodiac Killer, an unidentified serial killer active.",/images/catalog/321-zodiac-killer.jpg,#ZodiacKiller #TrueCrime #Unsolved #HistoryTok,Ciphers sent. Zero arrests. Still unknown. #ZodiacKiller #TrueCrime #Unsolved #HistoryTok,San Francisco Police Department · Public domain,https://commons.wikimedia.org/wiki/File:Zodiac-Killer.jpg
322,Unabomber Ted Kaczynski,Manifesto. Cabin in WOODS.,"Create a 30-second vertical history short about Unabomber Ted Kaczynski. Hook: Manifesto. Cabin in WOODS. Cover: Harvard-educated mathematician turned bomber — a key part of the story of Unabomber Ted Kaczynski. Mail bombs killed 3 injured 23 over 17 years. Published anti-technology manifesto 1995 — a key part of the story of Unabomber Ted Kaczynski. Brother David recognized writing and tipped FBI — a key part of the story of Unabomber Ted Kaczynski. Captured 1996 living in Montana cabin — a key part of the story of Unabomber Ted Kaczynski. Genius turned bomber. Brother turned him in. The events surrounding Unabomber Ted Kaczynski reveal how quickly history can turn on a single decision. From classrooms to documentaries, Unabomber Ted Kaczynski remains a staple of history storytelling. Tone: dramatic, fast-paced, documentary style. 9:16 vertical.","Harvard-educated mathematician turned bomber. | Mail bombs killed 3 injured 23 over 17 years. | Published anti-technology manifesto 1995. | Brother David recognized writing and tipped FBI. | Captured 1996 living in Montana cabin. | Genius turned bomber. Brother turned him in. | Tone: dramatic, fast-paced, documentary style. 9:16 vertical. | Brother turned him in. #Unabomber #TrueCrime #Terrorism #HistoryTok Manifesto. | Theodore John Kaczynski, also known as the Unabomber, was an American mathematician and domestic terrorist. | A mathematics prodigy, he abandoned his academic career in 1969 to pursue a reclusive primitive lifestyle and lone. | Theodore John Kaczynski ( kə-ZIN-skee. | Kaczynski murdered 3 people and injured 23 others between 1978 and 1995 in a nationwide mail bombing campaign.",/images/catalog/322-unabomber-ted-kaczynski.jpg,#Unabomber #TrueCrime #Terrorism #HistoryTok,Genius turned bomber. Brother turned him in. #Unabomber #TrueCrime #Terrorism #HistoryTok,Federal Bureau of Investigation · Public domain,https://commons.wikimedia.org/wiki/File:Ted_Kaczynski_2_%28cropped%29.jpg
323,Lindbergh Baby Kidnapping,Crime of the CENTURY.,"Create a 30-second vertical history short about Lindbergh Baby Kidnapping. Hook: Crime of the CENTURY. Cover: Charles Lindbergh's 20-month-old son kidnapped 1932 — a key part of the story of Lindbergh Baby Kidnapping. Ransom paid baby found dead two months later. Bruno Hauptmann convicted and executed 1936 — a key part of the story of Lindbergh Baby Kidnapping. Trial of century media circus — a key part of the story of Lindbergh Baby Kidnapping. Led to Federal Kidnapping Act — a key part of the story of Lindbergh Baby Kidnapping. America's hero. Baby stolen. Nation obsessed. The events surrounding Lindbergh Baby Kidnapping reveal how quickly history can turn on a single decision. From classrooms to documentaries, Lindbergh Baby Kidnapping remains a staple of history storytelling. Tone: dramatic, fast-paced, documentary style. 9:16 vertical.","Charles Lindbergh's 20-month-old son kidnapped 1932. | Ransom paid baby found dead two months later. | Bruno Hauptmann convicted and executed 1936. | Trial of century media circus. | Led to Federal Kidnapping Act. | America's hero. Baby stolen. Nation obsessed. | Hook: Crime of the CENTURY. | Tone: dramatic, fast-paced, documentary style. 9:16 vertical. | Nation obsessed. #Lindbergh #TrueCrime #1930s #HistoryTok Crime of the CENTURY. | Charles Lindbergh and his wife, aviator and author Anne Morrow Lindbergh, was murdered after being abducted from his. | On May 12, the child's corpse was discovered by a truck driver by the side of a nearby road in adjacent Hopewell. | In September 1934, a German immigrant carpenter named Bruno Richard Hauptmann was arrested for the crime.",/images/catalog/323-lindbergh-baby-kidnapping.jpg,#Lindbergh #TrueCrime #1930s #HistoryTok,America's hero. Baby stolen. Nation obsessed. #Lindbergh #TrueCrime #1930s #HistoryTok,Unknown author Unknown author · Public domain,https://commons.wikimedia.org/wiki/File:Lindbergh_baby_poster1.jpg
324,Great Train Robbery 1963,2.6 million pounds. MAIL train.,"Create a 30-second vertical history short about Great Train Robbery 1963. Hook: 2.6 million pounds. MAIL train. Cover: Robbed Royal Mail train August 8 1963 England. Gang stole 2.6 million pounds in cash — a key part of the story of Great Train Robbery 1963. Most of money never recovered — a key part of the story of Great Train Robbery 1963. Some robbers fled abroad — a key part of the story of Great Train Robbery 1963. Became British folk legend — a key part of the story of Great Train Robbery 1963. 2.6 million pounds. One mail train. The events surrounding Great Train Robbery 1963 reveal how quickly history can turn on a single decision. From classrooms to documentaries, Great Train Robbery 1963 remains a staple of history storytelling. Tone: dramatic, fast-paced, documentary style. 9:16 vertical.","Robbed Royal Mail train August 8 1963 England. | Gang stole 2.6 million pounds in cash. | Most of money never recovered. | Some robbers fled abroad. | Became British folk legend. | 2.6 million pounds. One mail train. | Hook: 2.6 million pounds. | Tone: dramatic, fast-paced, documentary style. 9:16 vertical. 2.6 million pounds. | The Great Train Robbery was the robbery of £2.61 million from a Royal Mail train travelling from Glasgow to London. | It took place at Bridego Railway Bridge, Ledburn, near Mentmore, in Buckinghamshire, England. | After tampering with the lineside signals to bring the train to a halt, a gang of 15, led by Bruce Reynolds. | Other gang members included Gordon Goody, Buster Edwards, Charlie Wilson, Roy James, John Daly, Jimmy White, Ronnie.",/images/catalog/324-great-train-robbery-1963.jpg,#TrainRobbery #TrueCrime #Britain #HistoryTok,2.6 million pounds. One mail train. #TrainRobbery #TrueCrime #Britain #HistoryTok,Spborthwick · CC BY-SA 3.0,https://commons.wikimedia.org/wiki/File:Train_Robbers%27_Bridge.jpg
325,D.B. Cooper Hijacking,Jumped. VANISHED.,"Create a 30-second vertical history short about D.B. Cooper Hijacking. Hook: Jumped. VANISHED. Cover: Hijacked Boeing 727 November 24 1971 — a key part of the story of D.B. Cooper Hijacking. Demanded $200,000 parachuted mid-flight — a key part of the story of D.B. Cooper Hijacking. Never found dead or alive — a key part of the story of D.B. Cooper Hijacking. Only unsolved air piracy in US history — a key part of the story of D.B. Cooper Hijacking. FBI investigated until 2016 — a key part of the story of D.B. Cooper Hijacking. He jumped. $200,000. Gone forever. The events surrounding D.B. Cooper Hijacking reveal how quickly history can turn on a single decision. From classrooms to documentaries, D.B. Cooper Hijacking remains a staple of history storytelling. Tone: dramatic, fast-paced, documentary style. 9:16 vertical.","Hijacked Boeing 727 November 24 1971. | Demanded $200,000 parachuted mid-flight. | Never found dead or alive. | Only unsolved air piracy in US history. | FBI investigated until 2016. | He jumped. $200,000. Gone forever. | The events surrounding D.B. | Tone: dramatic, fast-paced, documentary style. 9:16 vertical. | Gone forever. #DBCooper #TrueCrime #Unsolved #HistoryTok Jumped. | On November 24, 1971, an unidentified man using the alias Dan Cooper, subsequently known as D. | Cooper, hijacked Northwest Orient Airlines Flight 305, a Boeing 727 aircraft flying from Portland, Oregon, to. | Cooper told the flight crew he had a bomb, and demanded $200,000 in ransom and four parachutes upon landing in.",/images/catalog/325-d-b-cooper-hijacking.jpg,#DBCooper #TrueCrime #Unsolved #HistoryTok,"He jumped. $200,000. Gone forever. #DBCooper #TrueCrime #Unsolved #HistoryTok",Roy Rose · Public domain,https://commons.wikimedia.org/wiki/File:CompositeB-FBI-1973.jpg
326,Boston Strangler,13 women. One KILLER?,"Create a 30-second vertical history short about Boston Strangler. Hook: 13 women. One KILLER? Cover: Murdered 13 women Boston 1962-1964 — a key part of the story of Boston Strangler. Albert DeSalvo confessed but evidence weak — a key part of the story of Boston Strangler. Killed by stabbing and strangulation — a key part of the story of Boston Strangler. DeSalvo stabbed to death in prison 1973 — a key part of the story of Boston Strangler. True identity still debated — a key part of the story of Boston Strangler. 13 women. One confession. Doubts remain. The events surrounding Boston Strangler reveal how quickly history can turn on a single decision. From classrooms to documentaries, Boston Strangler remains a staple of history storytelling. Tone: dramatic, fast-paced, documentary style. 9:16 vertical.","Murdered 13 women Boston 1962-1964. | Albert DeSalvo confessed but evidence weak. | Killed by stabbing and strangulation. | DeSalvo stabbed to death in prison 1973. | True identity still debated. | 13 women. One confession. Doubts remain. | Tone: dramatic, fast-paced, documentary style. 9:16 vertical. 13 women. | Doubts remain. #BostonStrangler #TrueCrime #SerialKiller #HistoryTok 13 women. | Murderer of 13 women in Greater Boston during the early 1960s. | The crimes were attributed to Albert DeSalvo based on his confession, on details revealed in court during a separate. | In the years following DeSalvo's conviction – but prior to the emergence of this DNA evidence – various parties. | Initially, the crimes were assumed to be the work of one unknown person dubbed ""The Mad Strangler of Boston"".",/images/catalog/326-boston-strangler.jpg,#BostonStrangler #TrueCrime #SerialKiller #HistoryTok,13 women. One confession. Doubts remain. #BostonStrangler #TrueCrime #SerialKiller #HistoryTok,Federal Bureau of Investigation (FBI) -Strangler Bureau · Public domain,https://commons.wikimedia.org/wiki/File:Albert_deSalvo2.jpg
327,Ted Bundy,Charm. Horror. 30+ DEAD.,"Create a 30-second vertical history short about Ted Bundy. Hook: Charm. Horror. 30+ DEAD. Cover: Handsome law student serial killer 1970s — a key part of the story of Ted Bundy. Confessed to 30 murders possibly more — a key part of the story of Ted Bundy. Escaped custody twice — a key part of the story of Ted Bundy. Executed in Florida electric chair 1989 — a key part of the story of Ted Bundy. Challenged assumptions about serial killers — a key part of the story of Ted Bundy. Charming. Deadly. 30+ victims. The events surrounding Ted Bundy reveal how quickly history can turn on a single decision. From classrooms to documentaries, Ted Bundy remains a staple of history storytelling. Tone: dramatic, fast-paced, documentary style. 9:16 vertical.","Handsome law student serial killer 1970s. | Confessed to 30 murders possibly more. | Executed in Florida electric chair 1989. | Challenged assumptions about serial killers. | Charming. Deadly. 30+ victims. | Tone: dramatic, fast-paced, documentary style. 9:16 vertical. | Deadly. 30+ victims. #TedBundy #TrueCrime #SerialKiller #HistoryTok Charm. | Theodore Robert Bundy was an American serial killer who kidnapped, raped and murdered dozens of young women and. | His modus operandi typically consisted of convincing his target that he was in need of assistance or duping them. | He would then lure his victim to his vehicle, at which point he would bludgeon them unconscious, then restrain them. | Theodore Robert Bundy (né Cowell. | November 24, 1946 – January 24, 1989) was an American serial killer who kidnapped, raped and murdered dozens of.",/images/catalog/327-ted-bundy.jpg,#TedBundy #TrueCrime #SerialKiller #HistoryTok,Charming. Deadly. 30+ victims. #TedBundy #TrueCrime #SerialKiller #HistoryTok,Unknown photographer · Public domain,https://commons.wikimedia.org/wiki/File:Ted_Bundy_headshot.jpg
328,Prohibition Era Crime,Speakeasies. Tommy GUNS.,"Create a 30-second vertical history short about Prohibition Era Crime. Hook: Speakeasies. Tommy GUNS. Cover: 18th Amendment banned alcohol 1920-1933 — a key part of the story of Prohibition Era Crime. Organized crime flourished bootlegging — a key part of the story of Prohibition Era Crime. Al Capone and Lucky Luciano rose to power. St. Valentine's Day Massacre symbol of violence — a key part of the story of Prohibition Era Crime. Repeal 1933 crime networks stayed — a key part of the story of Prohibition Era Crime. Ban booze. Create gangsters. The events surrounding Prohibition Era Crime reveal how quickly history can turn on a single decision. From classrooms to documentaries, Prohibition Era Crime remains a staple of history storytelling. Tone: dramatic, fast-paced, documentary style. 9:16 vertical.","18th Amendment banned alcohol 1920-1933. | Organized crime flourished bootlegging. | Al Capone and Lucky Luciano rose to power. | St. Valentine's Day Massacre symbol of violence. | Repeal 1933 crime networks stayed. | Ban booze. Create gangsters. | Tone: dramatic, fast-paced, documentary style. 9:16 vertical. | Create gangsters. #Prohibition #OrganizedCrime #1920s #HistoryTok Speakeasies. | The Prohibition era was the period from 1920 to 1933 when the United States prohibited the production, importation. | The alcohol industry was curtailed by a succession of state legislatures, and Prohibition was formally introduced. | Prohibition ended with the ratification of the Twenty-first Amendment, which repealed the Eighteenth Amendment on. | A wide coalition composed of mostly Protestants, prohibitionists first attempted to end the trade in alcoholic.",/images/catalog/328-prohibition-era-crime.jpg,#Prohibition #OrganizedCrime #1920s #HistoryTok,Ban booze. Create gangsters. #Prohibition #OrganizedCrime #1920s #HistoryTok,Unknown author Unknown author or not provided · Public domain,https://commons.wikimedia.org/wiki/File:Detroit_police_inspecting_equipment_found_in_a_clandestine_underground_brewery_during_the_prohibition_era_-_NARA_-_541928.jpg
329,Great Train Robbery 1963 Getaway,15 years. One PAROLE.,"Create a 30-second vertical history short about Great Train Robbery 1963 Getaway. Hook: 15 years. One PAROLE. Cover: Most robbers caught within weeks — a key part of the story of Great Train Robbery 1963 Getaway. Some fled to Brazil and Mexico — a key part of the story of Great Train Robbery 1963 Getaway. Ronnie Biggs escaped prison fled to Brazil — a key part of the story of Great Train Robbery 1963 Getaway. Lived as celebrity fugitive decades — a key part of the story of Great Train Robbery 1963 Getaway. Returned to UK voluntarily 2001 — a key part of the story of Great Train Robbery 1963 Getaway. Robbed a train. Became a celebrity. The events surrounding Great Train Robbery 1963 Getaway reveal how quickly history can turn on a single decision. From classrooms to documentaries, Great Train Robbery 1963 Getaway remains a staple of history storytelling. Tone: dramatic, fast-paced, documentary style. 9:16 vertical.","Most robbers caught within weeks. | Some fled to Brazil and Mexico. | Ronnie Biggs escaped prison fled to Brazil. | Lived as celebrity fugitive decades. | Returned to UK voluntarily 2001. | Robbed a train. Became a celebrity. | Tone: dramatic, fast-paced, documentary style. 9:16 vertical. | Became a celebrity. #TrainRobbery #TrueCrime #Britain #HistoryTok 15 years. | The Great Train Robbery was the robbery of £2.61 million from a Royal Mail train travelling from Glasgow to London. | It took place at Bridego Railway Bridge, Ledburn, near Mentmore, in Buckinghamshire, England. | After tampering with the lineside signals to bring the train to a halt, a gang of 15, led by Bruce Reynolds. | Other gang members included Gordon Goody, Buster Edwards, Charlie Wilson, Roy James, John Daly, Jimmy White, Ronnie.",/images/catalog/329-great-train-robbery-1963-getaway.jpg,#TrainRobbery #TrueCrime #Britain #HistoryTok,Robbed a train. Became a celebrity. #TrainRobbery #TrueCrime #Britain #HistoryTok,Spborthwick · CC BY-SA 3.0,https://commons.wikimedia.org/wiki/File:Train_Robbers%27_Bridge.jpg
330,Rasputin's Death,Poison. Bullets. DROWNED.,"Create a 30-second vertical history short about Rasputin's Death. Hook: Poison. Bullets. DROWNED. Cover: Russian mystic influenced Tsar Nicholas II — a key part of the story of Rasputin's Death. Survived poison bullets and beating — a key part of the story of Rasputin's Death. Finally drowned in icy river December 1916 — a key part of the story of Rasputin's Death. Nobles killed him fearing his influence — a key part of the story of Rasputin's Death. Legend says hard to kill — a key part of the story of Rasputin's Death. Poisoned. Shot. Beaten. Drowned. Still alive?. The events surrounding Rasputin's Death reveal how quickly history can turn on a single decision. From classrooms to documentaries, Rasputin's Death remains a staple of history storytelling. Tone: dramatic, fast-paced, documentary style. 9:16 vertical.","Russian mystic influenced Tsar Nicholas II. | Survived poison bullets and beating. | Finally drowned in icy river December 1916. | Nobles killed him fearing his influence. | Legend says hard to kill. | Poisoned. Shot. Beaten. Drowned. Still alive?. | Tone: dramatic, fast-paced, documentary style. 9:16 vertical. | Still alive? #Rasputin #Russia #WeirdHistory #HistoryTok Poison. | Grigori Yefimovich Rasputin was a Russian mystic and faith healer. | He is best known for having befriended the imperial family of Nicholas II, the last Emperor of Russia, through whom. | Rasputin was born to a family of peasants in the Siberian village of Pokrovskoye, located within Tyumensky Uyezd in. | He had a religious conversion experience after embarking on a pilgrimage to a monastery in 1897 and has been.",/images/catalog/330-rasputin-s-death.jpg,#Rasputin #Russia #WeirdHistory #HistoryTok,Poisoned. Shot. Beaten. Drowned. Still alive? #Rasputin #Russia #WeirdHistory #HistoryTok,Unknown author Unknown author · Public domain,https://commons.wikimedia.org/wiki/File:Rasputin_PA.jpg
331,Assassination of Archduke Franz Ferdinand,One wrong turn. One WORLD war.,"Create a 30-second vertical history short about Assassination of Archduke Franz Ferdinand. Hook: One wrong turn. One WORLD war. Cover: Shot June 28 1914 Sarajevo — a key part of the story of Assassination of Archduke Franz Ferdinand. Gavrilo Princip ate a sandwich then got lucky. Driver took wrong turn past Princip — a key part of the story of Assassination of Archduke Franz Ferdinand. Triggered chain reaction into WWI — a key part of the story of Assassination of Archduke Franz Ferdinand. Black Hand secret society behind plot — a key part of the story of Assassination of Archduke Franz Ferdinand. Wrong turn. One shot. 20 million dead. The events surrounding Assassination of Archduke Franz Ferdinand reveal how quickly history can turn on a single decision. From classrooms to documentaries, Assassination of Archduke Franz Ferdinand remains a staple of history storytelling. Tone: dramatic, fast-paced, documentary style. 9:16 vertical.","Shot June 28 1914 Sarajevo. | Gavrilo Princip ate a sandwich then got lucky. | Driver took wrong turn past Princip. | Triggered chain reaction into WWI. | Black Hand secret society behind plot. | Wrong turn. One shot. 20 million dead. | Tone: dramatic, fast-paced, documentary style. 9:16 vertical. | Archduke Franz Ferdinand of Austria, heir presumptive to the Austro-Hungarian throne, and his wife, Sophie, Duchess. | They were shot at close range while being driven through the provincial capital of Bosnia and Herzegovina, formally. | The incident was one of the key events that led to World War I. | Archduke Franz Ferdinand Carl Ludwig Joseph Maria of Austria was the heir presumptive to the throne of. | Princip was part of a group of six Bosnian assassins together with Muhamed Mehmedbašić, Vaso Čubrilović, Nedeljko.",/images/catalog/331-assassination-of-archduke-franz-ferdinand.jpg,#FranzFerdinand #WW1 #Assassination #HistoryTok,Wrong turn. One shot. 20 million dead. #FranzFerdinand #WW1 #Assassination #HistoryTok,Unknown author Unknown author · Public domain,https://commons.wikimedia.org/wiki/File:Gavrilo_Princip_assassinates_Franz_Ferdinand.jpg
332,Lizzie Borden,40 whacks. Acquitted.,"Create a 30-second vertical history short about Lizzie Borden. Hook: 40 whacks. Acquitted. Cover: Ax murders of father and stepmother 1892 — a key part of the story of Lizzie Borden. Lizzie Borden main suspect acquitted 1893. Nursery rhyme immortalized case — a key part of the story of Lizzie Borden. No one else ever charged — a key part of the story of Lizzie Borden. Case remains American true crime legend — a key part of the story of Lizzie Borden. 40 whacks. Acquitted. Never solved. The events surrounding Lizzie Borden reveal how quickly history can turn on a single decision. From classrooms to documentaries, Lizzie Borden remains a staple of history storytelling. Tone: dramatic, fast-paced, documentary style. 9:16 vertical.","Ax murders of father and stepmother 1892. | Lizzie Borden main suspect acquitted 1893. | Nursery rhyme immortalized case. | No one else ever charged. | Case remains American true crime legend. | 40 whacks. Acquitted. Never solved. | Tone: dramatic, fast-paced, documentary style. 9:16 vertical. 40 whacks. | Never solved. #LizzieBorden #TrueCrime #AmericanHistory #HistoryTok 40 whacks. | Lizzie Andrew Borden was an American woman who was tried and acquitted of the August 4, 1892, axe murders of her. | No one else was charged in the murders, and Borden spent the remainder of her life in Fall River. | She died of pneumonia at age 66, nine days before the death of her older sister Emma. | Monster: The Lizzie Borden Story is the upcoming fourth season of the American biographical crime drama anthology.",/images/catalog/332-lizzie-borden.jpg,#LizzieBorden #TrueCrime #AmericanHistory #HistoryTok,40 whacks. Acquitted. Never solved. #LizzieBorden #TrueCrime #AmericanHistory #HistoryTok,Unknown author Unknown author · Public domain,https://commons.wikimedia.org/wiki/File:Lizzie_Borden_1890.jpg
333,Great Emu War,Australia LOST to birds.,"Create a 30-second vertical history short about Great Emu War. Hook: Australia LOST to birds. Cover: 1932 Australian military deployed against emus — a key part of the story of Great Emu War. Emus destroyed wheat crops in Western Australia — a key part of the story of Great Emu War. Soldiers with machine guns failed to stop them. Emus scattered and evaded effectively — a key part of the story of Great Emu War. Australia officially lost a war to birds — a key part of the story of Great Emu War. Australia declared war on emus. Emus won. Civilians and soldiers alike bore the devastating human cost of Great Emu War. The consequences of Great Emu War echoed for generations after the fighting stopped. Tone: dramatic, fast-paced, documentary style. 9:16 vertical.","1932 Australian military deployed against emus. | Emus destroyed wheat crops in Western Australia. | Soldiers with machine guns failed to stop them. | Emus scattered and evaded effectively. | Australia officially lost a war to birds. | Australia declared war on emus. Emus won. | Civilians and soldiers alike bore the devastating human cost of Great Emu War. | The consequences of Great Emu War echoed for generations after the fighting stopped. | Tone: dramatic, fast-paced, documentary style. 9:16 vertical. | Emus won. #EmuWar #WeirdHistory #Australia #HistoryTok Australia LOST to birds. | The Emu War was a nuisance wildlife management operation undertaken by the Australian Army in late 1932. | The so-called 'war' was started in an attempt to cull emus damaging farmland in the Campion district within the.",/images/catalog/333-great-emu-war.jpg,#EmuWar #WeirdHistory #Australia #HistoryTok,Australia declared war on emus. Emus won. #EmuWar #WeirdHistory #Australia #HistoryTok,Unknown author Unknown author · Public domain,https://commons.wikimedia.org/wiki/File:Deceased_emu_during_Emu_War.jpg
334,Women's Suffrage Movement,Votes. Finally.,"Create a 30-second vertical history short about Women's Suffrage Movement. Hook: Votes. Finally. Cover: Decades of marches petitions and protests — a key part of the story of Women's Suffrage Movement. Seneca Falls Convention 1848 launched movement — a key part of the story of Women's Suffrage Movement. Emmeline Pankhurst led militant British suffragettes — a key part of the story of Women's Suffrage Movement. 19th Amendment US 1920 women got vote — a key part of the story of Women's Suffrage Movement. New Zealand first country 1893 — a key part of the story of Women's Suffrage Movement. They marched for decades. Votes finally came. The events surrounding Women's Suffrage Movement reveal how quickly history can turn on a single decision. From classrooms to documentaries, Women's Suffrage Movement remains a staple of history storytelling. Tone: dramatic, fast-paced, documentary style. 9:16 vertical.","Decades of marches petitions and protests. | Seneca Falls Convention 1848 launched movement. | Emmeline Pankhurst led militant British suffragettes. | 19th Amendment US 1920 women got vote. | New Zealand first country 1893. | They marched for decades. Votes finally came. | Tone: dramatic, fast-paced, documentary style. 9:16 vertical. | Votes finally came. #Suffrage #WomensHistory #SocialMovements #HistoryTok Votes. | Women's suffrage is the right of women to vote in elections. | Historically, women rarely had the right to vote, even in ostensibly democratic systems of government. | The 19th century saw many movements advocating ""universal suffrage"", most notably in Europe and North America. | By the middle of the 20th century, women's suffrage had been established as a norm of democratic governance.",/images/catalog/334-women-s-suffrage-movement.jpg,#Suffrage #WomensHistory #SocialMovements #HistoryTok,They marched for decades. Votes finally came. #Suffrage #WomensHistory #SocialMovements #HistoryTok,Unknown author Unknown author · Public domain,https://commons.wikimedia.org/wiki/File:Suffragists_Parade_Down_Fifth_Avenue%2C_1917.JPG
335,Seneca Falls Convention,68 women. 32 men. HISTORY.,"Create a 30-second vertical history short about Seneca Falls Convention. Hook: 68 women. 32 men. HISTORY. Cover: First women's rights convention July 1848 — a key part of the story of Seneca Falls Convention. Elizabeth Cady Stanton wrote Declaration of Sentiments — a key part of the story of Seneca Falls Convention. Demanded vote property rights and education — a key part of the story of Seneca Falls Convention. Only one attendee lived to see 19th Amendment. Birth of organized women's rights movement — a key part of the story of Seneca Falls Convention. 68 women. 32 men. Rights demanded. The events surrounding Seneca Falls Convention reveal how quickly history can turn on a single decision. From classrooms to documentaries, Seneca Falls Convention remains a staple of history storytelling. Tone: dramatic, fast-paced, documentary style. 9:16 vertical.","First women's rights convention July 1848. | Elizabeth Cady Stanton wrote Declaration of Sentiments. | Demanded vote property rights and education. | Only one attendee lived to see 19th Amendment. | Birth of organized women's rights movement. | 68 women. 32 men. Rights demanded. | Tone: dramatic, fast-paced, documentary style. 9:16 vertical. 68 women. 32 men. | Its organizers advertised it as ""a convention to discuss the social, civil, and religious condition and rights of. | Held in the Wesleyan Chapel of the town of Seneca Falls, New York, it spanned two days over July 19–20, 1848. | Attracting widespread attention, it was soon followed by other women's rights conventions, including the Rochester. | In 1850 the first in a series of annual National Women's Rights Conventions met in Worcester, Massachusetts. | Female Quakers local to the area organized the meeting along with Elizabeth Cady Stanton, who was not a Quaker.",/images/catalog/335-seneca-falls-convention.jpg,#SenecaFalls #WomensHistory #SocialMovements #HistoryTok,68 women. 32 men. Rights demanded. #SenecaFalls #WomensHistory #SocialMovements #HistoryTok,https://pbs.twimg.com/media/CKXzBSKWwAEzQT8.jpg · CC BY-SA 4.0,https://commons.wikimedia.org/wiki/File:Woman%27s_Rights_Convention.jpg
336,Stonewall Riots,Riots that started a MOVEMENT.,"Create a 30-second vertical history short about Stonewall Riots. Hook: Riots that started a MOVEMENT. Cover: NYPD raided Stonewall Inn June 28 1969 — a key part of the story of Stonewall Riots. Patrons fought back against police harassment — a key part of the story of Stonewall Riots. Six days of protests followed — a key part of the story of Stonewall Riots. Birth of modern LGBTQ+ rights movement — a key part of the story of Stonewall Riots. Pride Month commemorates Stonewall — a key part of the story of Stonewall Riots. They fought back. A movement was born. The events surrounding Stonewall Riots reveal how quickly history can turn on a single decision. From classrooms to documentaries, Stonewall Riots remains a staple of history storytelling. Tone: dramatic, fast-paced, documentary style. 9:16 vertical.","NYPD raided Stonewall Inn June 28 1969. | Patrons fought back against police harassment. | Six days of protests followed. | Birth of modern LGBTQ+ rights movement. | Pride Month commemorates Stonewall. | They fought back. A movement was born. | Hook: Riots that started a MOVEMENT. | Tone: dramatic, fast-paced, documentary style. 9:16 vertical. | A movement was born. #Stonewall #LGBTQHistory #SocialMovements #HistoryMatters Riots that started a MOVEMENT. | Series of spontaneous riots and demonstrations against a police raid that took place in the early morning of June. | Although the demonstrations were not the first time American LGBTQ people fought back against government-sponsored. | The Stonewall riots (also known as the Stonewall uprising, Stonewall rebellion, Stonewall revolution, or simply.",/images/catalog/336-stonewall-riots.jpg,#Stonewall #LGBTQHistory #SocialMovements #HistoryMatters,They fought back. A movement was born. #Stonewall #LGBTQHistory #SocialMovements #HistoryMatters,Rhododendrites · CC BY-SA 4.0,https://commons.wikimedia.org/wiki/File:Stonewall_Inn_5_pride_weekend_2016.jpg
337,Fall of the Soviet Union,Empire collapsed in 69 HOURS.,"Create a 30-second vertical history short about Fall of the Soviet Union. Hook: Empire collapsed in 69 HOURS. Cover: Gorbachev resigned December 25 1991 — a key part of the story of Fall of the Soviet Union. Hammer and sickle lowered over Kremlin — a key part of the story of Fall of the Soviet Union. 15 republics became independent nations — a key part of the story of Fall of the Soviet Union. End of Cold War and communist bloc — a key part of the story of Fall of the Soviet Union. Largest empire dissolution of 20th century — a key part of the story of Fall of the Soviet Union. 69 years. Gone in days. The events surrounding Fall of the Soviet Union reveal how quickly history can turn on a single decision. From classrooms to documentaries, Fall of the Soviet Union remains a staple of history storytelling. Tone: dramatic, fast-paced, documentary style. 9:16 vertical.","Gorbachev resigned December 25 1991. | Hammer and sickle lowered over Kremlin. | 15 republics became independent nations. | End of Cold War and communist bloc. | Largest empire dissolution of 20th century. | Hook: Empire collapsed in 69 HOURS. | Tone: dramatic, fast-paced, documentary style. 9:16 vertical. 69 years. | Gone in days. #SovietUnion #ColdWar #1991 #HistoryTok Empire collapsed in 69 HOURS. | The Soviet Union was formally dissolved and ceased to exist as a sovereign state and subject of international law on. | It also brought an end to the Soviet Union's federal government and to Soviet leader Mikhail Gorbachev's efforts to. | The collapse of the Soviet Union in 1991 resulted from several factors: chronic economic stagnation, the. | The process began with growing unrest in the country's union republics developing into an incessant political and.",/images/catalog/337-fall-of-the-soviet-union.jpg,#SovietUnion #ColdWar #1991 #HistoryTok,69 years. Gone in days. #SovietUnion #ColdWar #1991 #HistoryTok,Unknown author Unknown author · Public domain,https://commons.wikimedia.org/wiki/File:JStalin_Secretary_general_CCCP_1942.jpg
338,Tiananmen Square,Tank man. One IMAGE.,"Create a 30-second vertical history short about Tiananmen Square. Hook: Tank man. One IMAGE. Cover: Student protests spring 1989 Beijing — a key part of the story of Tiananmen Square. Military crackdown June 4 killed hundreds to thousands. Tank Man stood before column of tanks — a key part of the story of Tiananmen Square. Image became global symbol of resistance — a key part of the story of Tiananmen Square. Topic censored in China today — a key part of the story of Tiananmen Square. One man. One tank. One image forever. The events surrounding Tiananmen Square reveal how quickly history can turn on a single decision. From classrooms to documentaries, Tiananmen Square remains a staple of history storytelling. Tone: dramatic, fast-paced, documentary style. 9:16 vertical.","Student protests spring 1989 Beijing. | Military crackdown June 4 killed hundreds to thousands. | Tank Man stood before column of tanks. | Image became global symbol of resistance. | Topic censored in China today. | One man. One tank. One image forever. | Tone: dramatic, fast-paced, documentary style. 9:16 vertical. | Tiananmen Square or Tian'anmen Square is a city square in the city centre of Beijing, China, named after the. | The square holds the Monument to the People's Heroes, the Great Hall of the People, the National Museum of China. | They were inscribed in the UNESCO World Heritage Sites in 2024 as a part of the Beijing Central Axis. | Protests led by students and workers, known in China as the June Fourth Incident, were held in Tiananmen Square in. | Tiananmen Square was designed and built in 1651 and was enlarged fourfold in the 1950s.",/images/catalog/338-tiananmen-square.jpg,#Tiananmen #China #SocialMovements #HistoryMatters,One man. One tank. One image forever. #Tiananmen #China #SocialMovements #HistoryMatters,xiquinhosilva · CC BY 2.0,https://commons.wikimedia.org/wiki/File:Tiananmen_Square_%2854137047250%29.jpg
339,Arab Spring,One fruit seller. Region EXPLODED.,"Create a 30-second vertical history short about Arab Spring. Hook: One fruit seller. Region EXPLODED. Cover: Mohamed Bouazizi self-immolated Tunisia December 2010 — a key part of the story of Arab Spring. Protests spread across Middle East and North Africa. Leaders toppled in Tunisia Egypt Libya — a key part of the story of Arab Spring. Syria descended into civil war — a key part of the story of Arab Spring. Mixed legacy of hope and chaos — a key part of the story of Arab Spring. One man burned himself. Region exploded. The events surrounding Arab Spring reveal how quickly history can turn on a single decision. From classrooms to documentaries, Arab Spring remains a staple of history storytelling. Tone: dramatic, fast-paced, documentary style. 9:16 vertical.","Mohamed Bouazizi self-immolated Tunisia December 2010. | Protests spread across Middle East and North Africa. | Leaders toppled in Tunisia Egypt Libya. | Syria descended into civil war. | Mixed legacy of hope and chaos. | One man burned himself. Region exploded. | Tone: dramatic, fast-paced, documentary style. 9:16 vertical. | Region exploded. #ArabSpring #MiddleEast #Revolution #HistoryTok One fruit seller. | Series of pro-democracy anti-government protests, uprisings, and armed rebellions that spread across much of the. | It began in Tunisia in response to the death of Mohamed Bouazizi by self-immolation. | From Tunisia, the protests initially spread to five other countries: Libya, Egypt, Yemen, Syria and Bahrain. | The rulers deposed include: Zine El Abidine Ben Ali of Tunisia, Muammar Gaddafi of Libya, and Hosni Mubarak of.",/images/catalog/339-arab-spring.jpg,#ArabSpring #MiddleEast #Revolution #HistoryTok,One man burned himself. Region exploded. #ArabSpring #MiddleEast #Revolution #HistoryTok,cjb · CC BY 2.0,https://commons.wikimedia.org/wiki/File:Tunisian_Revolution_Protest.jpg
340,Solidarity Movement Poland,Shipyard workers beat COMMUNISM.,"Create a 30-second vertical history short about Solidarity Movement Poland. Hook: Shipyard workers beat COMMUNISM. Cover: Lech Walesa led Gdansk shipyard strike 1980 — a key part of the story of Solidarity Movement Poland. First independent labor union in Soviet bloc — a key part of the story of Solidarity Movement Poland. Martial law imposed 1981 movement underground — a key part of the story of Solidarity Movement Poland. Returned 1989 helped end communism in Poland — a key part of the story of Solidarity Movement Poland. Walesa won Nobel Peace Prize 1983 — a key part of the story of Solidarity Movement Poland. Shipyard workers beat an empire. The events surrounding Solidarity Movement Poland reveal how quickly history can turn on a single decision. From classrooms to documentaries, Solidarity Movement Poland remains a staple of history storytelling. Tone: dramatic, fast-paced, documentary style. 9:16 vertical.","Lech Walesa led Gdansk shipyard strike 1980. | First independent labor union in Soviet bloc. | Martial law imposed 1981 movement underground. | Returned 1989 helped end communism in Poland. | Walesa won Nobel Peace Prize 1983. | Shipyard workers beat an empire. | Tone: dramatic, fast-paced, documentary style. 9:16 vertical. | Solidarity, full name Independent Self-Governing Trade Union ""Solidarity"", is a Polish trade union founded in August. | Subsequently, it was the first independent trade union in a Warsaw Pact country to be recognised by the state. | The union's membership peaked at 10 million in September 1981, representing one-third of the country's working-age. | In 1983 Solidarity's leader Lech Wałęsa was awarded the Nobel Peace Prize, and the union is widely recognized as. | This led to the appointment of the first noncommunist Prime Minister since the 1940s.",/images/catalog/340-solidarity-movement-poland.jpg,#Solidarity #Poland #ColdWar #HistoryTok,Shipyard workers beat an empire. #Solidarity #Poland #ColdWar #HistoryTok,Sławek · CC BY-SA 2.0,https://commons.wikimedia.org/wiki/File:Lech_Walesa.jpg
341,Velvet Revolution,Students with KEYS. No blood.,"Create a 30-second vertical history short about Velvet Revolution. Hook: Students with KEYS. No blood. Cover: Czechoslovakia November 1989 peaceful revolution — a key part of the story of Velvet Revolution. Students jingled keys symbolizing unlocking freedom — a key part of the story of Velvet Revolution. Communist government resigned within weeks — a key part of the story of Velvet Revolution. Vaclav Havel playwright became president — a key part of the story of Velvet Revolution. Split peacefully into Czech and Slovak republics — a key part of the story of Velvet Revolution. Keys jingled. Communism fell. No blood. The events surrounding Velvet Revolution reveal how quickly history can turn on a single decision. From classrooms to documentaries, Velvet Revolution remains a staple of history storytelling. Tone: dramatic, fast-paced, documentary style. 9:16 vertical.","Czechoslovakia November 1989 peaceful revolution. | Students jingled keys symbolizing unlocking freedom. | Communist government resigned within weeks. | Vaclav Havel playwright became president. | Split peacefully into Czech and Slovak republics. | Keys jingled. Communism fell. No blood. | Hook: Students with KEYS. | Tone: dramatic, fast-paced, documentary style. 9:16 vertical. | No blood. #VelvetRevolution #Czechoslovakia #1989 #HistoryTok Students with KEYS. | The Velvet Revolution or Gentle Revolution was a non-violent transition of power in what was then Czechoslovakia. | Popular demonstrations against the one-party government of the Communist Party of Czechoslovakia included students. | The result was the end of 41 years of one-party rule in Czechoslovakia, and the subsequent dismantling of the.",/images/catalog/341-velvet-revolution.jpg,#VelvetRevolution #Czechoslovakia #1989 #HistoryTok,Keys jingled. Communism fell. No blood. #VelvetRevolution #Czechoslovakia #1989 #HistoryTok,ŠJů ( cs:ŠJů ) · CC BY-SA 3.0,https://commons.wikimedia.org/wiki/File:Praha_1989-11-25%2C_Letn%C3%A1%2C_dav_%2801%29.jpg
342,Iranian Revolution 1979,Shah out. Ayatollah IN.,"Create a 30-second vertical history short about Iranian Revolution 1979. Hook: Shah out. Ayatollah IN. Cover: Mass protests overthrew Shah Mohammad Reza Pahlavi — a key part of the story of Iranian Revolution 1979. Ayatollah Khomeini returned from exile — a key part of the story of Iranian Revolution 1979. Islamic Republic established February 1979 — a key part of the story of Iranian Revolution 1979. US Embassy hostage crisis followed — a key part of the story of Iranian Revolution 1979. Reshaped Middle East for decades — a key part of the story of Iranian Revolution 1979. Shah out. Ayatollah in. Region changed. The events surrounding Iranian Revolution 1979 reveal how quickly history can turn on a single decision. From classrooms to documentaries, Iranian Revolution 1979 remains a staple of history storytelling. Tone: dramatic, fast-paced, documentary style. 9:16 vertical.","Mass protests overthrew Shah Mohammad Reza Pahlavi. | Ayatollah Khomeini returned from exile. | Islamic Republic established February 1979. | US Embassy hostage crisis followed. | Reshaped Middle East for decades. | Shah out. Ayatollah in. Region changed. | Tone: dramatic, fast-paced, documentary style. 9:16 vertical. | Region changed. #IranianRevolution #MiddleEast #Revolution #HistoryTok Shah out. | The Iranian Revolution, also known as the Islamic Revolution, culminated in the overthrow of the Pahlavi dynasty in. | The revolution led to the replacement of the Imperial State of Iran by the Islamic Republic of Iran, as the. | In 1953, the CIA- and MI6-backed 1953 Iranian coup d'état overthrew Iran's prime minister, Mohammad Mossadegh, who. | The coup reinstated Mohammad Reza Pahlavi as an absolute monarch and significantly increased the level of influence.",/images/catalog/342-iranian-revolution-1979.jpg,#IranianRevolution #MiddleEast #Revolution #HistoryTok,Shah out. Ayatollah in. Region changed. #IranianRevolution #MiddleEast #Revolution #HistoryTok,Unknown author Unknown author · GFDL,https://commons.wikimedia.org/wiki/File:Mass_demonstration_in_Iran%2C_date_unknown.jpg
343,Labor Movement Haymarket,8-hour day. Bought with BLOOD.,"Create a 30-second vertical history short about Labor Movement Haymarket. Hook: 8-hour day. Bought with BLOOD. Cover: Haymarket Affair Chicago May 4 1886 — a key part of the story of Labor Movement Haymarket. Bomb thrown at labor rally killed police — a key part of the story of Labor Movement Haymarket. Four anarchists executed despite weak evidence — a key part of the story of Labor Movement Haymarket. International Workers Day May 1 commemorates — a key part of the story of Labor Movement Haymarket. Fought for eight-hour workday — a key part of the story of Labor Movement Haymarket. Eight-hour day. Bought with blood. The events surrounding Labor Movement Haymarket reveal how quickly history can turn on a single decision. From classrooms to documentaries, Labor Movement Haymarket remains a staple of history storytelling. Tone: dramatic, fast-paced, documentary style. 9:16 vertical.","Haymarket Affair Chicago May 4 1886. | Bomb thrown at labor rally killed police. | Four anarchists executed despite weak evidence. | International Workers Day May 1 commemorates. | Fought for eight-hour workday. | Eight-hour day. Bought with blood. | Tone: dramatic, fast-paced, documentary style. 9:16 vertical. | Bought with blood. #Haymarket #LaborHistory #SocialMovements #HistoryMatters 8-hour day. | The Haymarket Affair was a bombing that took place at a labor demonstration on May 4, 1886, at Haymarket Square in. | The rally began peacefully in support of workers striking for an eight-hour work day; it was held the day after a. | At the Haymarket Square rally on May 4, an unknown person threw a dynamite bomb at the police as they acted to. | It was held the day after a May 3 rally at a McCormick Harvesting Machine Company plant on the West Side of Chicago.",/images/catalog/343-labor-movement-haymarket.jpg,#Haymarket #LaborHistory #SocialMovements #HistoryMatters,Eight-hour day. Bought with blood. #Haymarket #LaborHistory #SocialMovements #HistoryMatters,Thure de Thulstrup · Public domain,https://commons.wikimedia.org/wiki/File:HaymarketRiot-Harpers.jpg
344,Universal Declaration of Human Rights,30 articles. Every PERSON.,"Create a 30-second vertical history short about Universal Declaration of Human Rights. Hook: 30 articles. Every PERSON. Cover: Adopted UN General Assembly December 10 1948 — a key part of the story of Universal Declaration of Human Rights. Eleanor Roosevelt led drafting committee — a key part of the story of Universal Declaration of Human Rights. 30 articles defining fundamental human rights — a key part of the story of Universal Declaration of Human Rights. Response to Holocaust and WWII atrocities — a key part of the story of Universal Declaration of Human Rights. Most translated document in world — a key part of the story of Universal Declaration of Human Rights. 30 articles. Every human. Non-negotiable. The events surrounding Universal Declaration of Human Rights reveal how quickly history can turn on a single decision. From classrooms to documentaries, Universal Declaration of Human Rights remains a staple of history storytelling. Tone: dramatic, fast-paced, documentary style. 9:16 vertical.","Adopted UN General Assembly December 10 1948. | Eleanor Roosevelt led drafting committee. | 30 articles defining fundamental human rights. | Response to Holocaust and WWII atrocities. | Most translated document in world. | 30 articles. Every human. Non-negotiable. | Tone: dramatic, fast-paced, documentary style. 9:16 vertical. 30 articles. | Non-negotiable. #HumanRights #UnitedNations #1948 #HistoryMatters 30 articles. | The Universal Declaration of Human Rights is a document adopted by the United Nations General Assembly that codifies. | Drafted by a United Nations committee chaired by Eleanor Roosevelt, it was accepted by the General Assembly as. | Of the 58 members of the UN at the time, 48 voted in favour, none against, eight abstained, and two did not vote. | A foundational text in the history of human and civil rights, the Declaration consists of 30 articles detailing an.",/images/catalog/344-universal-declaration-of-human-rights.jpg,#HumanRights #UnitedNations #1948 #HistoryMatters,30 articles. Every human. Non-negotiable. #HumanRights #UnitedNations #1948 #HistoryMatters,FDR Presidential Library & Museum · CC BY 2.0,https://commons.wikimedia.org/wiki/File:Eleanor_Roosevelt_UDHR.jpg
345,Nuremberg Trials,Justice for MONSTERS.,"Create a 30-second vertical history short about Nuremberg Trials. Hook: Justice for MONSTERS. Cover: Allied trials of Nazi war criminals 1945-1946 — a key part of the story of Nuremberg Trials. Established crimes against humanity precedent — a key part of the story of Nuremberg Trials. 12 defendants sentenced to death — a key part of the story of Nuremberg Trials. Filmed for history and accountability — a key part of the story of Nuremberg Trials. Foundation of modern international law — a key part of the story of Nuremberg Trials. Monsters faced justice. Law was born. The events surrounding Nuremberg Trials reveal how quickly history can turn on a single decision. From classrooms to documentaries, Nuremberg Trials remains a staple of history storytelling. Tone: dramatic, fast-paced, documentary style. 9:16 vertical.","Allied trials of Nazi war criminals 1945-1946. | Established crimes against humanity precedent. | 12 defendants sentenced to death. | Filmed for history and accountability. | Foundation of modern international law. | Monsters faced justice. Law was born. | Hook: Justice for MONSTERS. | Tone: dramatic, fast-paced, documentary style. 9:16 vertical. | The Nuremberg trials were international criminal trials held by France, the Soviet Union, the United Kingdom, and. | Between 1939 and 1945, Nazi Germany invaded many countries across Europe, inflicting 27 million deaths in the Soviet. | Proposals for how to punish the defeated Nazi leaders ranged from a show trial to summary executions . | In mid-1945, France, the Soviet Union, the United Kingdom, and the United States agreed to convene a joint tribunal.",/images/catalog/345-nuremberg-trials.png,#Nuremberg #WW2 #Justice #HistoryMatters,Monsters faced justice. Law was born. #Nuremberg #WW2 #Justice #HistoryMatters,Published in accordance with the direction of the International Militar… · Public domain,https://commons.wikimedia.org/wiki/File:Emblem_of_the_International_Military_Tribunal%2C_Nuremberg.png
346,Rwandan Genocide,"100 days. 800,000 DEAD.","Create a 30-second vertical history short about Rwandan Genocide. Hook: 100 days. 800,000 DEAD. Cover: Hutu extremists killed Tutsi minority April-July 1994 — a key part of the story of Rwandan Genocide. Estimated 800,000 killed in 100 days — a key part of the story of Rwandan Genocide. World failed to intervene — a key part of the story of Rwandan Genocide. Radio broadcasts incited mass murder — a key part of the story of Rwandan Genocide. Never again broken again — a key part of the story of Rwandan Genocide. 800,000 in 100 days. World watched. The events surrounding Rwandan Genocide reveal how quickly history can turn on a single decision. From classrooms to documentaries, Rwandan Genocide remains a staple of history storytelling. Tone: dramatic, fast-paced, documentary style. 9:16 vertical.","Hutu extremists killed Tutsi minority April-July 1994. | Estimated 800,000 killed in 100 days. | World failed to intervene. | Radio broadcasts incited mass murder. | Never again broken again. | Tone: dramatic, fast-paced, documentary style. 9:16 vertical. 800,000 in 100 days. | World watched. #Rwanda #Genocide #NeverForget #HistoryMatters 100 days. 800,000 DEAD. | The Rwandan genocide, also known as the Tutsi genocide, occurred from 7 April to 19 July 1994 during the Rwandan. | Over a span of around 100 days, members of the Tutsi ethnic group, as well as some moderate Hutu and Twa, were. | While the Rwandan Constitution states that over 1 million people were killed, most scholarly estimates suggest. | The genocide was marked by extreme violence, with victims often murdered by neighbours, and widespread sexual. | The genocide was rooted in long-standing ethnic tensions, most recently from the Rwandan Hutu Revolution from 1959.",/images/catalog/346-rwandan-genocide.jpg,#Rwanda #Genocide #NeverForget #HistoryMatters,"800,000 in 100 days. World watched. #Rwanda #Genocide #NeverForget #HistoryMatters",Fanny Schertzer · CC BY-SA 3.0,https://commons.wikimedia.org/wiki/File:Nyamata_Memorial_Site_13.jpg
347,Armenian Genocide,1.5 million. DENIED still.,"Create a 30-second vertical history short about Armenian Genocide. Hook: 1.5 million. DENIED still. Cover: Ottoman Empire killed 1.5 million Armenians 1915-1923 — a key part of the story of Armenian Genocide. Mass deportations starvation and massacres — a key part of the story of Armenian Genocide. Turkey denies genocide to this day — a key part of the story of Armenian Genocide. Recognized by 30+ countries — a key part of the story of Armenian Genocide. April 24 commemorated as Remembrance Day — a key part of the story of Armenian Genocide. 1.5 million dead. Still denied. The events surrounding Armenian Genocide reveal how quickly history can turn on a single decision. From classrooms to documentaries, Armenian Genocide remains a staple of history storytelling. Tone: dramatic, fast-paced, documentary style. 9:16 vertical.","Ottoman Empire killed 1.5 million Armenians 1915-1923. | Mass deportations starvation and massacres. | Turkey denies genocide to this day. | Recognized by 30+ countries. | April 24 commemorated as Remembrance Day. | 1.5 million dead. Still denied. | Tone: dramatic, fast-paced, documentary style. 9:16 vertical. 1.5 million dead. | Still denied. #ArmenianGenocide #NeverForget #WW1 #HistoryMatters 1.5 million. | Systematic destruction of the Armenian people and identity in the Ottoman Empire during World War I. | Spearheaded by the ruling Committee of Union and Progress , it was implemented primarily through the mass murder of. | Before World War I, Armenians occupied a somewhat protected, but subordinate, place in Ottoman society. | Large-scale massacres of Armenians had occurred in the 1890s and 1909.",/images/catalog/347-armenian-genocide.jpg,#ArmenianGenocide #NeverForget #WW1 #HistoryMatters,1.5 million dead. Still denied. #ArmenianGenocide #NeverForget #WW1 #HistoryMatters,Unknown author Unknown author · Public domain,https://commons.wikimedia.org/wiki/File:Column_of_deportees_walking_through_Harput_vilayet_during_the_Armenian_genocide_%28cropped%29.jpg
348,Suffragette Emily Davison,Threw herself under the KING'S horse.,"Create a 30-second vertical history short about Suffragette Emily Davison. Hook: Threw herself under the KING'S horse. Cover: British suffragette militant movement — a key part of the story of Suffragette Emily Davison. Emily Davison ran onto Derby track June 1913. Collided with King's horse died four days later. Funeral drew 100,000 mourners — a key part of the story of Suffragette Emily Davison. Sacrifice advanced women's suffrage — a key part of the story of Suffragette Emily Davison. She died for the vote. The events surrounding Suffragette Emily Davison reveal how quickly history can turn on a single decision. From classrooms to documentaries, Suffragette Emily Davison remains a staple of history storytelling. Tone: dramatic, fast-paced, documentary style. 9:16 vertical.","British suffragette militant movement. | Emily Davison ran onto Derby track June 1913. | Collided with King's horse died four days later. | Funeral drew 100,000 mourners. | Sacrifice advanced women's suffrage. | Hook: Threw herself under the KING'S horse. | Tone: dramatic, fast-paced, documentary style. 9:16 vertical. | She died for the vote. #Suffragette #WomensHistory #Britain #HistoryTok Threw herself under the KING'S horse. | Emily Wilding Davison was an English suffragette who fought for votes for women in Britain in the early twentieth. | A member of the Women's Social and Political Union and a militant fighter for her cause, she was arrested on nine. | She died after being hit by King George V's horse Anmer at the 1913 Derby when she walked onto the track during the. | Davison grew up in a middle-class family, and studied at Royal Holloway College, London, and St Hugh's College.",/images/catalog/348-suffragette-emily-davison.jpg,#Suffragette #WomensHistory #Britain #HistoryTok,She died for the vote. #Suffragette #WomensHistory #Britain #HistoryTok,Andrew William Dron (1864-1935); [ 1 ] Restored by Adam Cuerden · Public domain,https://commons.wikimedia.org/wiki/File:Emily_Wilding_Davison_by_Andrew_William_Dron.jpg
349,Woodstock Festival,"3 days. 400,000 PEACE.","Create a 30-second vertical history short about Woodstock Festival. Hook: 3 days. 400,000 PEACE. Cover: August 15-18 1969 Bethel New York — a key part of the story of Woodstock Festival. 400,000 attended rain mud and music — a key part of the story of Woodstock Festival. Jimi Hendrix Star-Spangled Banner iconic — a key part of the story of Woodstock Festival. Defined 1960s counterculture — a key part of the story of Woodstock Festival. No violence despite massive crowd — a key part of the story of Woodstock Festival. 400,000 people. Three days. Peace. The events surrounding Woodstock Festival reveal how quickly history can turn on a single decision. From classrooms to documentaries, Woodstock Festival remains a staple of history storytelling. Tone: dramatic, fast-paced, documentary style. 9:16 vertical.","August 15-18 1969 Bethel New York. | 400,000 attended rain mud and music. | Jimi Hendrix Star-Spangled Banner iconic. | Defined 1960s counterculture. | No violence despite massive crowd. | 400,000 people. Three days. Peace. | Tone: dramatic, fast-paced, documentary style. 9:16 vertical. 400,000 people. | Peace. #Woodstock #1960s #MusicHistory #HistoryTok 3 days. 400,000 PEACE. | The Woodstock Music and Art Fair, commonly referred to as Woodstock, was a music festival held from August 15 to 18. | Billed as ""an Aquarian Exposition: 3 Days of Peace & Music"", it attracted an audience of more than 460,000. | Thirty-two acts performed outdoors despite overcast skies and sporadic rain. | It was one of the largest music festivals in history and would become the peak musical event to reflect the.",/images/catalog/349-woodstock-festival.jpg,#Woodstock #1960s #MusicHistory #HistoryTok,"400,000 people. Three days. Peace. #Woodstock #1960s #MusicHistory #HistoryTok",Arnold Skolnick · Public domain,https://commons.wikimedia.org/wiki/File:Woodstock_poster.jpg
350,Beatles Invasion,Four lads. America CHANGED.,"Create a 30-second vertical history short about Beatles Invasion. Hook: Four lads. America CHANGED. Cover: Ed Sullivan Show February 9 1964 73 million viewers. British Invasion transformed American music — a key part of the story of Beatles Invasion. Beatlemania swept the nation — a key part of the story of Beatles Invasion. Changed fashion hair and youth culture — a key part of the story of Beatles Invasion. Most influential band in history — a key part of the story of Beatles Invasion. Four lads from Liverpool. America changed. Civilians and soldiers alike bore the devastating human cost of Beatles Invasion. The consequences of Beatles Invasion echoed for generations after the fighting stopped. Tone: dramatic, fast-paced, documentary style. 9:16 vertical.","Ed Sullivan Show February 9 1964 73 million viewers. | British Invasion transformed American music. | Beatlemania swept the nation. | Changed fashion hair and youth culture. | Most influential band in history. | Four lads from Liverpool. America changed. | Civilians and soldiers alike bore the devastating human cost of Beatles Invasion. | The consequences of Beatles Invasion echoed for generations after the fighting stopped. | Tone: dramatic, fast-paced, documentary style. 9:16 vertical. | America changed. #Beatles #MusicHistory #1960s #HistoryTok Four lads. | The British Invasion was a cultural phenomenon of the mid-1960s, when rock and pop music acts from the United. | British pop and rock groups such as The Beatles, The Rolling Stones, Gerry and the Pacemakers, The Who, The Kinks.",/images/catalog/350-beatles-invasion.jpg,#Beatles #MusicHistory #1960s #HistoryTok,Four lads from Liverpool. America changed. #Beatles #MusicHistory #1960s #HistoryTok,United Press International (UPI Telephoto) Cropping and retouching: Use… · Public domain,https://commons.wikimedia.org/wiki/File:The_Fabs.JPG
351,Birth of Hip Hop,Two turntables. One BLOCK.,"Create a 30-second vertical history short about Birth of Hip Hop. Hook: Two turntables. One BLOCK. Cover: Born August 11 1973 Bronx New York — a key part of the story of Birth of Hip Hop. DJ Kool Herc back-to-back breakbeats — a key part of the story of Birth of Hip Hop. Started at sister's back-to-school party — a key part of the story of Birth of Hip Hop. Grew from block parties to global culture — a key part of the story of Birth of Hip Hop. Most influential music movement since rock — a key part of the story of Birth of Hip Hop. One party in the Bronx. Culture born. The events surrounding Birth of Hip Hop reveal how quickly history can turn on a single decision. From classrooms to documentaries, Birth of Hip Hop remains a staple of history storytelling. Tone: dramatic, fast-paced, documentary style. 9:16 vertical.","Born August 11 1973 Bronx New York. | DJ Kool Herc back-to-back breakbeats. | Started at sister's back-to-school party. | Grew from block parties to global culture. | Most influential music movement since rock. | One party in the Bronx. Culture born. | Tone: dramatic, fast-paced, documentary style. 9:16 vertical. | Culture born. #HipHop #MusicHistory #BlackHistory #HistoryTok Two turntables. | Hip-hop culture is an art movement that emerged in New York City, in the borough of the Bronx, primarily within the. | Hip-hop as an art form and culture has been heavily influenced by both male and female artists. | It is characterized by the key elements of rapping, DJing and turntablism, and breakdancing; other elements include. | Many cite hip-hop's emergence as beginning in August 1973 when brother–sister duo DJ Kool Herc and Cindy Campbell.",/images/catalog/351-birth-of-hip-hop.jpg,#HipHop #MusicHistory #BlackHistory #HistoryTok,One party in the Bronx. Culture born. #HipHop #MusicHistory #BlackHistory #HistoryTok,Mika-photography · CC BY-SA 3.0,https://commons.wikimedia.org/wiki/File:Dj_Grandmaster_Flash-01-mika.jpg
352,Hollywood Golden Age,Stars. Studios. DREAMS.,"Create a 30-second vertical history short about Hollywood Golden Age. Hook: Stars. Studios. DREAMS. Cover: 1920s-1960s studio system dominated — a key part of the story of Hollywood Golden Age. MGM Warner Bros Paramount and Fox ruled — a key part of the story of Hollywood Golden Age. Star system created icons like Monroe and Bogart. Hays Code censored content 1934-1968 — a key part of the story of Hollywood Golden Age. Defined global image of America — a key part of the story of Hollywood Golden Age. Studio system. Star dreams. America exported. The events surrounding Hollywood Golden Age reveal how quickly history can turn on a single decision. From classrooms to documentaries, Hollywood Golden Age remains a staple of history storytelling. Tone: dramatic, fast-paced, documentary style. 9:16 vertical.","1920s-1960s studio system dominated. | MGM Warner Bros Paramount and Fox ruled. | Star system created icons like Monroe and Bogart. | Hays Code censored content 1934-1968. | Defined global image of America. | Studio system. Star dreams. America exported. | Tone: dramatic, fast-paced, documentary style. 9:16 vertical. | America exported. #Hollywood #FilmHistory #GoldenAge #HistoryTok Stars. | The golden age of American animation was a period that began with the popularization of sound synchronized cartoons. | Animated media from after the golden age, especially on television, were produced on cheaper budgets and with more. | In film criticism, classical Hollywood cinema is both a narrative and visual style of filmmaking that first. | It then became characteristic of United States cinema during the Golden Age of Hollywood from 1927, with the advent.",/images/catalog/352-hollywood-golden-age.jpg,#Hollywood #FilmHistory #GoldenAge #HistoryTok,Studio system. Star dreams. America exported. #Hollywood #FilmHistory #GoldenAge #HistoryTok,"Thomas Wolf , www.foto-tw.de · CC BY-SA 3.0",https://commons.wikimedia.org/wiki/File:Hollywood_Sign_%28Zuschnitt%29.jpg
353,Ancient Olympic Games,Naked athletes. Olive CROWNS.,"Create a 30-second vertical history short about Ancient Olympic Games. Hook: Naked athletes. Olive CROWNS. Cover: Held Olympia Greece 776 BCE to 393 CE. Athletes competed nude — a key part of the story of Ancient Olympic Games. Truce called across Greece during games — a key part of the story of Ancient Olympic Games. Winners received olive wreath crowns — a key part of the story of Ancient Olympic Games. Banned by Christian emperor Theodosius — a key part of the story of Ancient Olympic Games. Naked athletes. Olive crowns. Glory. Archaeologists and historians continue to uncover new evidence about Ancient Olympic Games. Ancient sources and modern science together help us reconstruct the world of Ancient Olympic Games. Tone: dramatic, fast-paced, documentary style. 9:16 vertical.","Held Olympia Greece 776 BCE to 393 CE. | Truce called across Greece during games. | Winners received olive wreath crowns. | Banned by Christian emperor Theodosius. | Naked athletes. Olive crowns. Glory. | Archaeologists and historians continue to uncover new evidence about Ancient Olympic Games. | Ancient sources and modern science together help us reconstruct the world of Ancient Olympic Games. | Tone: dramatic, fast-paced, documentary style. 9:16 vertical. | Glory. #Olympics #AncientGreece #SportsHistory #HistoryTok Naked athletes. | The ancient Olympic Games, or the ancient Olympics, were a series of athletic competitions among representatives of. | They were held at the Panhellenic religious sanctuary of Olympia, in honor of Zeus, and the Greeks gave them a. | The originating Olympic Games are traditionally dated to 776 BC.",/images/catalog/353-ancient-olympic-games.jpg,#Olympics #AncientGreece #SportsHistory #HistoryTok,Naked athletes. Olive crowns. Glory. #Olympics #AncientGreece #SportsHistory #HistoryTok,Bgabel · CC BY-SA 3.0,https://commons.wikimedia.org/wiki/File:GR-olympia-palaestra.jpg
354,Modern Olympics Revival,Pierre de Coubertin. Games REBORN.,"Create a 30-second vertical history short about Modern Olympics Revival. Hook: Pierre de Coubertin. Games REBORN. Cover: First modern Olympics Athens 1896 — a key part of the story of Modern Olympics Revival. Pierre de Coubertin founded International Olympic Committee — a key part of the story of Modern Olympics Revival. 14 nations 241 athletes competed — a key part of the story of Modern Olympics Revival. Revived ancient Greek tradition — a key part of the story of Modern Olympics Revival. Now largest sporting event on Earth — a key part of the story of Modern Olympics Revival. Ancient tradition reborn. World united. The events surrounding Modern Olympics Revival reveal how quickly history can turn on a single decision. From classrooms to documentaries, Modern Olympics Revival remains a staple of history storytelling. Tone: dramatic, fast-paced, documentary style. 9:16 vertical.","First modern Olympics Athens 1896. | Pierre de Coubertin founded International Olympic Committee. | 14 nations 241 athletes competed. | Revived ancient Greek tradition. | Now largest sporting event on Earth. | Ancient tradition reborn. World united. | Hook: Pierre de Coubertin. | Tone: dramatic, fast-paced, documentary style. 9:16 vertical. | World united. #Olympics #SportsHistory #1896 #HistoryTok Pierre de Coubertin. | The modern Olympic Games are a series of international multi-sport events. | Considered among the biggest sporting events in the world, the Olympics are organised into distinct Summer and. | The Olympic Games, open to both amateur and professional athletes, involve thousands of athletes and more than 200.",/images/catalog/354-modern-olympics-revival.jpg,#Olympics #SportsHistory #1896 #HistoryTok,Ancient tradition reborn. World united. #Olympics #SportsHistory #1896 #HistoryTok,Émile Gilliéron · Public domain,https://commons.wikimedia.org/wiki/File:Commemorative_album_of_1896_Olympic_Games_-_cover_by_E._Gilli%C3%A9ron.jpg
355,Jazz Birth in New Orleans,Ragtime met the BLUES.,"Create a 30-second vertical history short about Jazz Birth in New Orleans. Hook: Ragtime met the BLUES. Cover: Emerged early 1900s New Orleans — a key part of the story of Jazz Birth in New Orleans. Blend of African European and Caribbean music — a key part of the story of Jazz Birth in New Orleans. Louis Armstrong took it global — a key part of the story of Jazz Birth in New Orleans. Prohibition speakeasies spread jazz north — a key part of the story of Jazz Birth in New Orleans. America's greatest cultural export — a key part of the story of Jazz Birth in New Orleans. New Orleans birthed America's music. The events surrounding Jazz Birth in New Orleans reveal how quickly history can turn on a single decision. From classrooms to documentaries, Jazz Birth in New Orleans remains a staple of history storytelling. Tone: dramatic, fast-paced, documentary style. 9:16 vertical.","Emerged early 1900s New Orleans. | Blend of African European and Caribbean music. | Louis Armstrong took it global. | Prohibition speakeasies spread jazz north. | America's greatest cultural export. | New Orleans birthed America's music. | Hook: Ragtime met the BLUES. | Tone: dramatic, fast-paced, documentary style. 9:16 vertical. | The New Orleans Jazz Museum is a music museum in New Orleans, Louisiana, U.S., dedicated to preserving and. | Originally a separate museum, the collection is now affiliated with the Louisiana State Museum. | The New Orleans Jazz Museum is located in the Old U.S. | Mint building on 400 Esplanade Avenue, bordering the historic French Quarter neighborhood.",/images/catalog/355-jazz-birth-in-new-orleans.jpg,#Jazz #MusicHistory #NewOrleans #HistoryTok,New Orleans birthed America's music. #Jazz #MusicHistory #NewOrleans #HistoryTok,World-Telegram staff photographer · Public domain,https://commons.wikimedia.org/wiki/File:Louis_Armstrong_restored.jpg
356,Impressionist Art Revolution,They painted LIGHT.,"Create a 30-second vertical history short about Impressionist Art Revolution. Hook: They painted LIGHT. Cover: Monet Renoir Degas rejected by Salon 1870s — a key part of the story of Impressionist Art Revolution. First Impressionist exhibition 1874 Paris — a key part of the story of Impressionist Art Revolution. Critics mocked name from Monet's Impression Sunrise — a key part of the story of Impressionist Art Revolution. Painted outdoors capturing fleeting light — a key part of the story of Impressionist Art Revolution. Changed art forever — a key part of the story of Impressionist Art Revolution. Critics mocked them. Art changed forever. The events surrounding Impressionist Art Revolution reveal how quickly history can turn on a single decision. From classrooms to documentaries, Impressionist Art Revolution remains a staple of history storytelling. Tone: dramatic, fast-paced, documentary style. 9:16 vertical.","Monet Renoir Degas rejected by Salon 1870s. | First Impressionist exhibition 1874 Paris. | Critics mocked name from Monet's Impression Sunrise. | Painted outdoors capturing fleeting light. | Critics mocked them. Art changed forever. | Hook: They painted LIGHT. | Tone: dramatic, fast-paced, documentary style. 9:16 vertical. | Art changed forever. #Impressionism #ArtHistory #Monet #HistoryTok They painted LIGHT. | Impressionism was a 19th-century art movement characterised by visible brush strokes, open composition, emphasis on. | Impressionism originated with a group of Paris-based artists whose independent exhibitions brought them to. | The First Impressionist Exhibition was an art exhibition held by the Société anonyme des artistes peintres. | The exhibition was held in April 1874 at 35 Boulevard des Capucines, the studio of the famous photographer Nadar.",/images/catalog/356-impressionist-art-revolution.jpg,#Impressionism #ArtHistory #Monet #HistoryTok,Critics mocked them. Art changed forever. #Impressionism #ArtHistory #Monet #HistoryTok,Claude Monet · Public domain,https://commons.wikimedia.org/wiki/File:Claude_Monet%2C_Impression%2C_soleil_levant.jpg
357,Bauhaus Movement,Form follows FUNCTION.,"Create a 30-second vertical history short about Bauhaus Movement. Hook: Form follows FUNCTION. Cover: Founded Walter Gropius Weimar 1919 — a key part of the story of Bauhaus Movement. Unified art craft and technology — a key part of the story of Bauhaus Movement. Minimalist functional modern design — a key part of the story of Bauhaus Movement. Closed by Nazis 1933 faculty fled worldwide — a key part of the story of Bauhaus Movement. Shaped modern architecture and design — a key part of the story of Bauhaus Movement. Form follows function. Design changed. The events surrounding Bauhaus Movement reveal how quickly history can turn on a single decision. From classrooms to documentaries, Bauhaus Movement remains a staple of history storytelling. Tone: dramatic, fast-paced, documentary style. 9:16 vertical.","Founded Walter Gropius Weimar 1919. | Unified art craft and technology. | Minimalist functional modern design. | Closed by Nazis 1933 faculty fled worldwide. | Shaped modern architecture and design. | Form follows function. Design changed. | Tone: dramatic, fast-paced, documentary style. 9:16 vertical. | The Staatliches Bauhaus, commonly known as the Bauhaus, was a German art school operational from 1919 to 1933 that. | The school became famous for its approach to design, which attempted to unify individual artistic vision with the. | It was grounded in the idea of creating a Gesamtkunstwerk in which all the arts would eventually be brought together. | The Bauhaus style later became one of the most influential currents in modern design, modernist architecture, and. | The Bauhaus movement had a profound influence on subsequent developments in art, architecture, graphic design.",/images/catalog/357-bauhaus-movement.jpg,#Bauhaus #ArtHistory #Design #HistoryTok,Form follows function. Design changed. #Bauhaus #ArtHistory #Design #HistoryTok,Hjochheim · CC BY-SA 3.0,https://commons.wikimedia.org/wiki/File:Bauhaus_Dessau.jpg
358,Pop Art Andy Warhol,Soup cans as ART.,"Create a 30-second vertical history short about Pop Art Andy Warhol. Hook: Soup cans as ART. Cover: Andy Warhol Campbell's Soup Cans 1962 — a key part of the story of Pop Art Andy Warhol. Blurred line between commercial and fine art — a key part of the story of Pop Art Andy Warhol. Factory studio mass-produced art — a key part of the story of Pop Art Andy Warhol. Marilyn Monroe portraits iconic — a key part of the story of Pop Art Andy Warhol. Asked what is art in consumer age — a key part of the story of Pop Art Andy Warhol. Soup cans on walls. Art questioned. Civilians and soldiers alike bore the devastating human cost of Pop Art Andy Warhol. The consequences of Pop Art Andy Warhol echoed for generations after the fighting stopped. Tone: dramatic, fast-paced, documentary style. 9:16 vertical.","Andy Warhol Campbell's Soup Cans 1962. | Blurred line between commercial and fine art. | Factory studio mass-produced art. | Marilyn Monroe portraits iconic. | Asked what is art in consumer age. | Soup cans on walls. Art questioned. | Civilians and soldiers alike bore the devastating human cost of Pop Art Andy Warhol. | The consequences of Pop Art Andy Warhol echoed for generations after the fighting stopped. | Tone: dramatic, fast-paced, documentary style. 9:16 vertical. | Art questioned. #PopArt #Warhol #ArtHistory #HistoryTok Soup cans as ART. | Flowers is a series of silkscreen paintings by American artist Andy Warhol between 1964 and 1965. | Based on a photograph of hibiscus blossoms published in Modern Photography magazine, the works feature brightly.",/images/catalog/358-pop-art-andy-warhol.jpg,#PopArt #Warhol #ArtHistory #HistoryTok,Soup cans on walls. Art questioned. #PopArt #Warhol #ArtHistory #HistoryTok,Jack Mitchell · CC BY-SA 4.0,https://commons.wikimedia.org/wiki/File:Andy_Warhol_by_Jack_Mitchell.jpg
359,Origin of Baseball,Abner Doubleday MYTH.,"Create a 30-second vertical history short about Origin of Baseball. Hook: Abner Doubleday MYTH. Cover: Cooperstown myth says Doubleday invented 1839 — a key part of the story of Origin of Baseball. Actually evolved from English rounders — a key part of the story of Origin of Baseball. First professional team Cincinnati Red Stockings 1869 — a key part of the story of Origin of Baseball. Called America's pastime — a key part of the story of Origin of Baseball. Integration Jackie Robinson 1947 — a key part of the story of Origin of Baseball. America's pastime. Origin myth included. The breakthrough behind Origin of Baseball built on centuries of experimentation and curiosity. Technologies born from Origin of Baseball still shape daily life in the modern world. Tone: dramatic, fast-paced, documentary style. 9:16 vertical.","Cooperstown myth says Doubleday invented 1839. | Actually evolved from English rounders. | First professional team Cincinnati Red Stockings 1869. | Called America's pastime. | Integration Jackie Robinson 1947. | America's pastime. Origin myth included. | The breakthrough behind Origin of Baseball built on centuries of experimentation and curiosity. | Technologies born from Origin of Baseball still shape daily life in the modern world. | Hook: Abner Doubleday MYTH. | Tone: dramatic, fast-paced, documentary style. 9:16 vertical. | Origin myth included. #Baseball #SportsHistory #AmericanHistory #HistoryTok Abner Doubleday MYTH. | The question of the origins of baseball has been the subject of debate and controversy for more than a century.",/images/catalog/359-origin-of-baseball.jpg,#Baseball #SportsHistory #AmericanHistory #HistoryTok,America's pastime. Origin myth included. #Baseball #SportsHistory #AmericanHistory #HistoryTok,The original uploader was Hlj at English Wikipedia . · Public domain,https://commons.wikimedia.org/wiki/File:Abner_Doubleday.jpg
360,Origin of Basketball,Peach baskets. One INVENTOR.,"Create a 30-second vertical history short about Origin of Basketball. Hook: Peach baskets. One INVENTOR. Cover: James Naismith invented 1891 Springfield Massachusetts — a key part of the story of Origin of Basketball. Hung peach baskets as goals — a key part of the story of Origin of Basketball. Created to keep students active in winter — a key part of the story of Origin of Basketball. First game used soccer ball — a key part of the story of Origin of Basketball. Now global sport billions play — a key part of the story of Origin of Basketball. Peach baskets. One gym teacher. Global sport. The breakthrough behind Origin of Basketball built on centuries of experimentation and curiosity. Technologies born from Origin of Basketball still shape daily life in the modern world. Tone: dramatic, fast-paced, documentary style. 9:16 vertical.","James Naismith invented 1891 Springfield Massachusetts. | Hung peach baskets as goals. | Created to keep students active in winter. | First game used soccer ball. | Now global sport billions play. | Peach baskets. One gym teacher. Global sport. | The breakthrough behind Origin of Basketball built on centuries of experimentation and curiosity. | Technologies born from Origin of Basketball still shape daily life in the modern world. | Tone: dramatic, fast-paced, documentary style. 9:16 vertical. | Global sport. #Basketball #SportsHistory #Invention #HistoryTok Peach baskets. | Basketball is a team sport in which two teams of five players each oppose one another on a rectangular court. | Players compete with the primary objective of shooting a basketball through a hoop at each end of the court.",/images/catalog/360-origin-of-basketball.jpg,#Basketball #SportsHistory #Invention #HistoryTok,Peach baskets. One gym teacher. Global sport. #Basketball #SportsHistory #Invention #HistoryTok,randomduck · CC BY-SA 2.0,https://commons.wikimedia.org/wiki/File:James_Naismith.jpg
361,Easter Island Statues,887 heads. How MOVED?,"Create a 30-second vertical history short about Easter Island Statues. Hook: 887 heads. How MOVED? Cover: Moai statues carved 1250-1500 CE — a key part of the story of Easter Island Statues. 887 statues up to 82 tons — a key part of the story of Easter Island Statues. How moved remains debated — a key part of the story of Easter Island Statues. Civilization collapsed possibly from deforestation — a key part of the story of Easter Island Statues. Most remote inhabited island on Earth — a key part of the story of Easter Island Statues. 887 giant heads. How did they move them?. The events surrounding Easter Island Statues reveal how quickly history can turn on a single decision. From classrooms to documentaries, Easter Island Statues remains a staple of history storytelling. Tone: dramatic, fast-paced, documentary style. 9:16 vertical.","Moai statues carved 1250-1500 CE. | 887 statues up to 82 tons. | How moved remains debated. | Civilization collapsed possibly from deforestation. | Most remote inhabited island on Earth. | 887 giant heads. How did they move them?. | Tone: dramatic, fast-paced, documentary style. 9:16 vertical. 887 giant heads. | Moai or moꞌai are monolithic human figures carved from stone by the Rapa Nui people, on Rapa Nui in eastern. | Nearly half are still at Rano Raraku, the main moai quarry, but hundreds were transported from there and set on. | Almost all moai have overly large heads, which account for three-eighths of the size of the whole statue. | The moai are chiefly the living faces of deified ancestors . | Rapa Nui: moꞌai, lit. 'statue', pronounced.",/images/catalog/361-easter-island-statues.jpg,#EasterIsland #Mystery #Archaeology #HistoryTok,887 giant heads. How did they move them? #EasterIsland #Mystery #Archaeology #HistoryTok,Ian Sewell · CC BY 2.5,https://commons.wikimedia.org/wiki/File:AhuTongariki.JPG
362,Dancing Plague of 1518,Danced until they DIED.,"Create a 30-second vertical history short about Dancing Plague of 1518. Hook: Danced until they DIED. Cover: Strasbourg July 1518 woman started dancing — a key part of the story of Dancing Plague of 1518. Up to 400 joined dancing for days — a key part of the story of Dancing Plague of 1518. Some died from exhaustion stroke or heart attack. Cause unknown mass hysteria or ergot poisoning — a key part of the story of Dancing Plague of 1518. One of history's strangest events — a key part of the story of Dancing Plague of 1518. They danced until they died. Why?. The events surrounding Dancing Plague of 1518 reveal how quickly history can turn on a single decision. From classrooms to documentaries, Dancing Plague of 1518 remains a staple of history storytelling. Tone: dramatic, fast-paced, documentary style. 9:16 vertical.","Strasbourg July 1518 woman started dancing. | Up to 400 joined dancing for days. | Some died from exhaustion stroke or heart attack. | Cause unknown mass hysteria or ergot poisoning. | One of history's strangest events. | They danced until they died. Why?. | Tone: dramatic, fast-paced, documentary style. 9:16 vertical. | The dancing plague of 1518, or dance epidemic of 1518, was a case of dancing mania that occurred in Strasbourg. | Somewhere between 50 and 400 people took to dancing for weeks. | There are many theories behind the phenomenon, the most popular being stress-induced mass hysteria, suggested by. | Other theories include ergot poisoning. | There is controversy concerning the number of deaths, but the total is unknown.",/images/catalog/362-dancing-plague-of-1518.jpg,#DancingPlague #WeirdHistory #Medieval #HistoryTok,They danced until they died. Why? #DancingPlague #WeirdHistory #Medieval #HistoryTok,Unknown author Unknown author · Public domain,https://commons.wikimedia.org/wiki/File:Dancingplague2_%28alt%29.jpg
363,War of the Worlds Panic,Radio play. Real PANIC.,"Create a 30-second vertical history short about War of the Worlds Panic. Hook: Radio play. Real PANIC. Cover: Orson Welles broadcast October 30 1938 — a key part of the story of War of the Worlds Panic. Presented as news bulletin of Martian invasion — a key part of the story of War of the Worlds Panic. Some listeners believed and panicked — a key part of the story of War of the Worlds Panic. Newspapers exaggerated scale of panic — a key part of the story of War of the Worlds Panic. Showed power of mass media — a key part of the story of War of the Worlds Panic. A radio play. People ran screaming. Civilians and soldiers alike bore the devastating human cost of War of the Worlds Panic. The consequences of War of the Worlds Panic echoed for generations after the fighting stopped. Tone: dramatic, fast-paced, documentary style. 9:16 vertical.","Orson Welles broadcast October 30 1938. | Presented as news bulletin of Martian invasion. | Some listeners believed and panicked. | Newspapers exaggerated scale of panic. | Showed power of mass media. | A radio play. People ran screaming. | Civilians and soldiers alike bore the devastating human cost of War of the Worlds Panic. | The consequences of War of the Worlds Panic echoed for generations after the fighting stopped. | Tone: dramatic, fast-paced, documentary style. 9:16 vertical. | ""The War of the Worlds"" was a Halloween episode of the radio series The Mercury Theatre on the Air which was. | The episode was directed and narrated by Orson Welles as an adaptation of H. | Wells' novel The War of the Worlds and is infamous for inciting a panic by convincing some members of the listening.",/images/catalog/363-war-of-the-worlds-panic.jpg,#WarOfTheWorlds #WeirdHistory #MediaHistory #HistoryTok,A radio play. People ran screaming. #WarOfTheWorlds #WeirdHistory #MediaHistory #HistoryTok,Acme News Photos · Public domain,https://commons.wikimedia.org/wiki/File:Orson_Welles_War_of_the_Worlds_1938.jpg
364,Codex Gigas Devil's Bible,One monk. One NIGHT?,"Create a 30-second vertical history short about Codex Gigas Devil's Bible. Hook: One monk. One NIGHT? Cover: Medieval manuscript largest surviving book — a key part of the story of Codex Gigas Devil's Bible. Legend says written in one night by monk. Full-page devil illustration inside — a key part of the story of Codex Gigas Devil's Bible. Actually took decades to complete — a key part of the story of Codex Gigas Devil's Bible. Swedish Army looted from Prague 1648 — a key part of the story of Codex Gigas Devil's Bible. One monk. One night? Or decades of terror?. The events surrounding Codex Gigas Devil's Bible reveal how quickly history can turn on a single decision. From classrooms to documentaries, Codex Gigas Devil's Bible remains a staple of history storytelling. Tone: dramatic, fast-paced, documentary style. 9:16 vertical.","Medieval manuscript largest surviving book. | Legend says written in one night by monk. | Full-page devil illustration inside. | Actually took decades to complete. | Swedish Army looted from Prague 1648. | One monk. One night? Or decades of terror?. | Tone: dramatic, fast-paced, documentary style. 9:16 vertical. | Or decades of terror? #DevilsBible #WeirdHistory #Medieval #HistoryTok One monk. | The Codex Gigas is the largest extant medieval illuminated manuscript in the world, at a length of 92 cm . | It is a Romanesque Latin Bible, with other texts, some secular, added in the second half of the book. | Very large illuminated Bibles were typical of Romanesque monastic book production, but even among these, the page. | The manuscript is also known as the Devil's Bible due to its highly unusual full-page portrait of Satan, the Devil.",/images/catalog/364-codex-gigas-devil-s-bible.jpg,#DevilsBible #WeirdHistory #Medieval #HistoryTok,One monk. One night? Or decades of terror? #DevilsBible #WeirdHistory #Medieval #HistoryTok,Herman the Recluse of the Benedictine monastery of Podlažice · Public domain,https://commons.wikimedia.org/wiki/File:Codex_Gigas_devil.jpg
365,Lead Poisoning Roman Empire,Sweet wine. Dying EMPIRE.,"Create a 30-second vertical history short about Lead Poisoning Roman Empire. Hook: Sweet wine. Dying EMPIRE. Cover: Romans used lead pipes and lead acetate sweetener. Lead poisoning caused mental decline — a key part of the story of Lead Poisoning Roman Empire. Some historians link to fall of Rome — a key part of the story of Lead Poisoning Roman Empire. Wealthy most affected by sweetened wine — a key part of the story of Lead Poisoning Roman Empire. Modern science confirms lead in Roman bones — a key part of the story of Lead Poisoning Roman Empire. Sweet wine. Lead pipes. Empire declined. The events surrounding Lead Poisoning Roman Empire reveal how quickly history can turn on a single decision. From classrooms to documentaries, Lead Poisoning Roman Empire remains a staple of history storytelling. Tone: dramatic, fast-paced, documentary style. 9:16 vertical.","Romans used lead pipes and lead acetate sweetener. | Lead poisoning caused mental decline. | Some historians link to fall of Rome. | Wealthy most affected by sweetened wine. | Modern science confirms lead in Roman bones. | Sweet wine. Lead pipes. Empire declined. | Tone: dramatic, fast-paced, documentary style. 9:16 vertical. | Empire declined. #LeadPoisoning #AncientRome #WeirdHistory #HistoryTok Sweet wine. | The Roman lead poisoning theory is the hypothesis that chronic lead exposure contributed to the decline of the Roman. | Some historians and scientists suggest that the widespread use of lead in water pipes , cookware, and wine. | However, the extent of lead's impact remains debated, with critics arguing that exposure levels were not high enough. | The theory that lead poisoning contributed to the decline of the Roman Empire originated in the 19th century.",/images/catalog/365-lead-poisoning-roman-empire.jpg,#LeadPoisoning #AncientRome #WeirdHistory #HistoryTok,Sweet wine. Lead pipes. Empire declined. #LeadPoisoning #AncientRome #WeirdHistory #HistoryTok,Dr Abhijit Datir · CC BY-SA 3.0,https://commons.wikimedia.org/wiki/File:Lead_PoisoningRadio.jpg
366,Antikythera Mechanism,2000-year-old COMPUTER.,"Create a 30-second vertical history short about Antikythera Mechanism. Hook: 2000-year-old COMPUTER. Cover: Discovered 1901 in Greek shipwreck — a key part of the story of Antikythera Mechanism. Ancient analog computer tracked astronomical positions — a key part of the story of Antikythera Mechanism. Dated 150-100 BCE — a key part of the story of Antikythera Mechanism. Gear technology not matched for 1,000 years — a key part of the story of Antikythera Mechanism. Most complex ancient mechanism ever found — a key part of the story of Antikythera Mechanism. Ancient computer. 2000 years old. The events surrounding Antikythera Mechanism reveal how quickly history can turn on a single decision. From classrooms to documentaries, Antikythera Mechanism remains a staple of history storytelling. Tone: dramatic, fast-paced, documentary style. 9:16 vertical.","Discovered 1901 in Greek shipwreck. | Ancient analog computer tracked astronomical positions. | Gear technology not matched for 1,000 years. | Most complex ancient mechanism ever found. | Ancient computer. 2000 years old. | Hook: 2000-year-old COMPUTER. | Tone: dramatic, fast-paced, documentary style. 9:16 vertical. | Ancient Greek hand-powered orrery built in the 2nd century BC and discovered in 1901. | It is the oldest known example of an analogue computer. | It could be used to predict astronomical positions and eclipses decades in advance. | It could also be used to track the four-year cycle of athletic games similar to an olympiad, the cycle of the. | The artefact was among wreckage retrieved from a shipwreck off the coast of the Greek island Antikythera in 1901.",/images/catalog/366-antikythera-mechanism.png,#Antikythera #AncientGreece #Mystery #HistoryTok,Ancient computer. 2000 years old. #Antikythera #AncientGreece #Mystery #HistoryTok,Logg Tandy · CC BY 4.0,https://commons.wikimedia.org/wiki/File:Antikythera_Fragment_A_%28Front%29.webp
367,Tarrare the Insatiable,He ate EVERYTHING.,"Create a 30-second vertical history short about Tarrare the Insatiable. Hook: He ate EVERYTHING. Cover: French soldier 1770s-1790s ate constantly — a key part of the story of Tarrare the Insatiable. Ate live animals corks and stones — a key part of the story of Tarrare the Insatiable. Suspected of eating a toddler — a key part of the story of Tarrare the Insatiable. Died age 26 body found rotting inside — a key part of the story of Tarrare the Insatiable. Medical mystery never explained — a key part of the story of Tarrare the Insatiable. He ate everything. Even a toddler?. The events surrounding Tarrare the Insatiable reveal how quickly history can turn on a single decision. From classrooms to documentaries, Tarrare the Insatiable remains a staple of history storytelling. Tone: dramatic, fast-paced, documentary style. 9:16 vertical.","French soldier 1770s-1790s ate constantly. | Ate live animals corks and stones. | Suspected of eating a toddler. | Died age 26 body found rotting inside. | Medical mystery never explained. | He ate everything. Even a toddler?. | Hook: He ate EVERYTHING. | Tone: dramatic, fast-paced, documentary style. 9:16 vertical. | Tarrare, sometimes spelt Tarar, was a French showman, soldier, and spy noted for his unusual appetite and eating. | Able to eat vast amounts of meat, he was constantly hungry. | His parents could not provide for him and he was turned out of the family home as a teenager. | He travelled around France in the company of a band of prostitutes and thieves before becoming the warm-up act for a.",/images/catalog/367-tarrare-the-insatiable.jpg,#Tarrare #WeirdHistory #MedicalHistory #HistoryTok,He ate everything. Even a toddler? #Tarrare #WeirdHistory #MedicalHistory #HistoryTok,Unknown author Unknown author · Public domain,https://commons.wikimedia.org/wiki/File:Tarrare.jpg
368,Voynich Manuscript,500 years. Still UNREAD.,"Create a 30-second vertical history short about Voynich Manuscript. Hook: 500 years. Still UNREAD. Cover: Mysterious illustrated manuscript 15th century — a key part of the story of Voynich Manuscript. Written in unknown script never decoded — a key part of the story of Voynich Manuscript. Purchased by Wilfrid Voynich 1912 — a key part of the story of Voynich Manuscript. Depicts unknown plants and naked women — a key part of the story of Voynich Manuscript. Most studied undeciphered manuscript — a key part of the story of Voynich Manuscript. 500 years. Nobody can read it. The events surrounding Voynich Manuscript reveal how quickly history can turn on a single decision. From classrooms to documentaries, Voynich Manuscript remains a staple of history storytelling. Tone: dramatic, fast-paced, documentary style. 9:16 vertical.","Mysterious illustrated manuscript 15th century. | Written in unknown script never decoded. | Purchased by Wilfrid Voynich 1912. | Depicts unknown plants and naked women. | Most studied undeciphered manuscript. | 500 years. Nobody can read it. | Tone: dramatic, fast-paced, documentary style. 9:16 vertical. 500 years. | Illustrated codex, hand-written in an undeciphered script referred to as 'Voynichese'. | The vellum on which it is written has been carbon-dated to the early 15th century . | Stylistic analysis has indicated the manuscript may have been composed in Italy during the Italian Renaissance. | The origins, authorship, and purpose of the manuscript are still debated, but currently scholars lack the. | Hypotheses range from a script for a natural language or constructed language, an unreadable code, cipher, or other.",/images/catalog/368-voynich-manuscript.jpg,#VoynichManuscript #Mystery #WeirdHistory #HistoryTok,500 years. Nobody can read it. #VoynichManuscript #Mystery #WeirdHistory #HistoryTok,Unknown author Unknown author · Public domain,https://commons.wikimedia.org/wiki/File:Voynich_Manuscript_%2832%29.jpg
369,Roman Concrete Secret,"2,000 years. Still STRONGER.","Create a 30-second vertical history short about Roman Concrete Secret. Hook: 2,000 years. Still STRONGER. Cover: Roman concrete stronger than modern versions — a key part of the story of Roman Concrete Secret. Self-healing properties from volcanic ash — a key part of the story of Roman Concrete Secret. Pantheon dome still standing 2,000 years — a key part of the story of Roman Concrete Secret. Recipe lost after empire fell — a key part of the story of Roman Concrete Secret. Scientists only recently decoded formula — a key part of the story of Roman Concrete Secret. Their concrete outlasts ours. Secret lost. The events surrounding Roman Concrete Secret reveal how quickly history can turn on a single decision. From classrooms to documentaries, Roman Concrete Secret remains a staple of history storytelling. Tone: dramatic, fast-paced, documentary style. 9:16 vertical.","Roman concrete stronger than modern versions. | Self-healing properties from volcanic ash. | Pantheon dome still standing 2,000 years. | Recipe lost after empire fell. | Scientists only recently decoded formula. | Their concrete outlasts ours. Secret lost. | Tone: dramatic, fast-paced, documentary style. 9:16 vertical. | Secret lost. #RomanConcrete #AncientRome #Engineering #HistoryTok 2,000 years. | Roman concrete, also called opus caementicium, was used in construction in ancient Rome. | Like its modern equivalent, Roman concrete was based on a hydraulic-setting cement added to an aggregate. | Many buildings and structures still standing today, such as bridges, reservoirs and aqueducts, were built with this. | It was previously thought that its strength was enhanced by the incorporation of pozzolanic ash where available .",/images/catalog/369-roman-concrete-secret.jpg,#RomanConcrete #AncientRome #Engineering #HistoryTok,Their concrete outlasts ours. Secret lost. #RomanConcrete #AncientRome #Engineering #HistoryTok,No machine-readable author provided. AlMare assumed (based on copyright… · Public domain,https://commons.wikimedia.org/wiki/File:Pantheon_Rome.jpg
370,Boston Molasses Flood,15 feet of SWEET death.,"Create a 30-second vertical history short about Boston Molasses Flood. Hook: 15 feet of SWEET death. Cover: January 15 1919 storage tank burst Boston — a key part of the story of Boston Molasses Flood. 2.3 million gallons molasses flooded streets — a key part of the story of Boston Molasses Flood. Wave 25 feet high 35 mph — a key part of the story of Boston Molasses Flood. 21 killed 150 injured — a key part of the story of Boston Molasses Flood. Cleanup took months in winter — a key part of the story of Boston Molasses Flood. Sweet death flooded Boston. The events surrounding Boston Molasses Flood reveal how quickly history can turn on a single decision. From classrooms to documentaries, Boston Molasses Flood remains a staple of history storytelling. Tone: dramatic, fast-paced, documentary style. 9:16 vertical.","January 15 1919 storage tank burst Boston. | 2.3 million gallons molasses flooded streets. | Wave 25 feet high 35 mph. | Cleanup took months in winter. | Sweet death flooded Boston. | Hook: 15 feet of SWEET death. | Tone: dramatic, fast-paced, documentary style. 9:16 vertical. | The Great Molasses Flood, also known as the Boston Molasses Disaster, was a disaster that occurred on January 15. | A large storage tank filled with 2.3 million U.S. gallons of molasses, weighing approximately 13,000 short tons. | Following a two-week long cleanup effort, the event entered local folklore and residents reported for decades. | Molasses can be fermented to produce ethanol, the active ingredient in alcoholic beverages and a key component in. | The disaster occurred in Boston's North End at the Purity Distilling Company facility at 529 Commercial Street near.",/images/catalog/370-boston-molasses-flood.jpg,#MolassesFlood #WeirdHistory #Boston #HistoryTok,Sweet death flooded Boston. #MolassesFlood #WeirdHistory #Boston #HistoryTok,BPL · Public domain,https://commons.wikimedia.org/wiki/File:BostonMolassesDisaster.jpg
371,Queen Elizabeth I,Virgin Queen. Empire BUILT.,"Create a 30-second vertical history short about Queen Elizabeth I. Hook: Virgin Queen. Empire BUILT. Cover: Reigned England 1558-1603 45 years — a key part of the story of Queen Elizabeth I. Defeated Spanish Armada 1588 — a key part of the story of Queen Elizabeth I. Never married called Virgin Queen — a key part of the story of Queen Elizabeth I. Golden Age of English culture Shakespeare — a key part of the story of Queen Elizabeth I. Laid foundation for British Empire — a key part of the story of Queen Elizabeth I. Virgin Queen. Empire builder. Legend. The events surrounding Queen Elizabeth I reveal how quickly history can turn on a single decision. From classrooms to documentaries, Queen Elizabeth I remains a staple of history storytelling. Tone: dramatic, fast-paced, documentary style. 9:16 vertical.","Reigned England 1558-1603 45 years. | Defeated Spanish Armada 1588. | Never married called Virgin Queen. | Golden Age of English culture Shakespeare. | Laid foundation for British Empire. | Virgin Queen. Empire builder. Legend. | Tone: dramatic, fast-paced, documentary style. 9:16 vertical. | Legend. #ElizabethI #BritishHistory #Queens #HistoryTok Virgin Queen. | Elizabeth I was Queen of England and Ireland from 17 November 1558 until her death in 1603. | She was the last and longest reigning monarch of the House of Tudor. | Her eventful reign, and its effect on history and culture, gave name to the Elizabethan era. | Elizabeth was the only surviving child of Henry VIII and his second wife, Anne Boleyn.",/images/catalog/371-queen-elizabeth-i.jpg,#ElizabethI #BritishHistory #Queens #HistoryTok,Virgin Queen. Empire builder. Legend. #ElizabethI #BritishHistory #Queens #HistoryTok,After Levina Teerlinc · Public domain,https://commons.wikimedia.org/wiki/File:Elizabeth_I_in_coronation_robes.jpg
372,Catherine the Great,She modernized RUSSIA.,"Create a 30-second vertical history short about Catherine the Great. Hook: She modernized RUSSIA. Cover: Empress of Russia 1762-1796 — a key part of the story of Catherine the Great. Expanded empire and modernized administration — a key part of the story of Catherine the Great. Patron of arts and Enlightenment ideas — a key part of the story of Catherine the Great. Expanded territory into Poland and Crimea — a key part of the story of Catherine the Great. One of history's most powerful women — a key part of the story of Catherine the Great. She dragged Russia into modernity. The events surrounding Catherine the Great reveal how quickly history can turn on a single decision. From classrooms to documentaries, Catherine the Great remains a staple of history storytelling. Tone: dramatic, fast-paced, documentary style. 9:16 vertical.","Empress of Russia 1762-1796. | Expanded empire and modernized administration. | Patron of arts and Enlightenment ideas. | Expanded territory into Poland and Crimea. | One of history's most powerful women. | She dragged Russia into modernity. | Hook: She modernized RUSSIA. | Tone: dramatic, fast-paced, documentary style. 9:16 vertical. | She came to power after a coup d'état against her husband, Peter III. | Her long reign helped Russia thrive under a golden age during the Enlightenment. | This renaissance led to the founding of many new cities, universities, and theatres, along with large-scale. | Catherine II (born Princess Sophia Augusta Frederica of Anhalt-Zerbst; 2 May 1729 – 17 November 1796), commonly.",/images/catalog/372-catherine-the-great.jpg,#CatherineTheGreat #Russia #Queens #HistoryTok,She dragged Russia into modernity. #CatherineTheGreat #Russia #Queens #HistoryTok,anonymous · Public domain,https://commons.wikimedia.org/wiki/File:Catherine_II_of_Russia.jpg
373,Queen Victoria,Empire where sun never SET.,"Create a 30-second vertical history short about Queen Victoria. Hook: Empire where sun never SET. Cover: Reigned Britain 1837-1901 63 years — a key part of the story of Queen Victoria. British Empire at peak quarter of Earth — a key part of the story of Queen Victoria. Victorian era defined morality and industry — a key part of the story of Queen Victoria. Mourned Albert decades after his death — a key part of the story of Queen Victoria. Empress of India title added 1876 — a key part of the story of Queen Victoria. Sun never set on her empire. The events surrounding Queen Victoria reveal how quickly history can turn on a single decision. From classrooms to documentaries, Queen Victoria remains a staple of history storytelling. Tone: dramatic, fast-paced, documentary style. 9:16 vertical.","Reigned Britain 1837-1901 63 years. | British Empire at peak quarter of Earth. | Victorian era defined morality and industry. | Mourned Albert decades after his death. | Empress of India title added 1876. | Sun never set on her empire. | Tone: dramatic, fast-paced, documentary style. 9:16 vertical. | Victoria was Queen of the United Kingdom of Great Britain and Ireland from 20 June 1837 until her death in 1901. | Her reign of 63 years and 216 days, which was longer than those of any of her predecessors, constituted the. | In 1876, the British parliament voted to grant her the additional title of Empress of India. | Victoria (Alexandrina Victoria. | Victoria was the daughter of Prince Edward, Duke of Kent and Strathearn, who was the fourth son of King George III.",/images/catalog/373-queen-victoria.jpg,#QueenVictoria #BritishEmpire #Victorian #HistoryTok,Sun never set on her empire. #QueenVictoria #BritishEmpire #Victorian #HistoryTok,Alexander Bassano · Public domain,https://commons.wikimedia.org/wiki/File:Queen_Victoria_by_Bassano.jpg
374,Winston Churchill,We shall NEVER surrender.,"Create a 30-second vertical history short about Winston Churchill. Hook: We shall NEVER surrender. Cover: British PM during WWII 1940-1945 — a key part of the story of Winston Churchill. Rallied nation during Blitz with speeches — a key part of the story of Winston Churchill. We shall fight on the beaches — a key part of the story of Winston Churchill. Also controversial colonial record — a key part of the story of Winston Churchill. Nobel Prize Literature 1953 — a key part of the story of Winston Churchill. We shall never surrender. And they didn't. The events surrounding Winston Churchill reveal how quickly history can turn on a single decision. From classrooms to documentaries, Winston Churchill remains a staple of history storytelling. Tone: dramatic, fast-paced, documentary style. 9:16 vertical.","British PM during WWII 1940-1945. | Rallied nation during Blitz with speeches. | We shall fight on the beaches. | Also controversial colonial record. | Nobel Prize Literature 1953. | We shall never surrender. And they didn't. | Tone: dramatic, fast-paced, documentary style. 9:16 vertical. | Sir Winston Leonard Spencer Churchill was a British statesman, military officer, and writer who was Prime Minister. | For some 62 of the years between 1900 and 1964, he was a Member of Parliament and represented a total of five. | Ideologically an adherent to economic liberalism and imperialism, he was for most of his career a member of the. | He was a member of the Liberal Party from 1904 to 1924. | Of mixed English and American parentage, Churchill was born in Oxfordshire into the wealthy, aristocratic Spencer.",/images/catalog/374-winston-churchill.jpg,#Churchill #WW2 #BritishHistory #HistoryTok,We shall never surrender. And they didn't. #Churchill #WW2 #BritishHistory #HistoryTok,Yousuf Karsh · Public domain,https://commons.wikimedia.org/wiki/File:Sir_Winston_Churchill_-_19086236948_%28restored%29.jpg
375,Che Guevara,Revolutionary ICON.,"Create a 30-second vertical history short about Che Guevara. Hook: Revolutionary ICON. Cover: Argentine Marxist revolutionary 1928-1967 — a key part of the story of Che Guevara. Fought alongside Castro in Cuban Revolution — a key part of the story of Che Guevara. Tried to spread revolution to Congo and Bolivia. Captured and executed Bolivia 1967 — a key part of the story of Che Guevara. Face on t-shirts worldwide — a key part of the story of Che Guevara. Revolutionary. Martyr. T-shirt icon. The events surrounding Che Guevara reveal how quickly history can turn on a single decision. From classrooms to documentaries, Che Guevara remains a staple of history storytelling. Tone: dramatic, fast-paced, documentary style. 9:16 vertical.","Argentine Marxist revolutionary 1928-1967. | Fought alongside Castro in Cuban Revolution. | Tried to spread revolution to Congo and Bolivia. | Captured and executed Bolivia 1967. | Face on t-shirts worldwide. | Revolutionary. Martyr. T-shirt icon. | Hook: Revolutionary ICON. | Tone: dramatic, fast-paced, documentary style. 9:16 vertical. | T-shirt icon. #CheGuevara #Revolution #LatinAmerica #HistoryTok Revolutionary ICON. | Ernesto ""Che"" Guevara de la Serna was an Argentine Marxist revolutionary, author, guerrilla leader, diplomat. | A major figure of the Cuban Revolution, his stylized visage has become a countercultural symbol of rebellion and. | The legacy of Argentine Marxist revolutionary Che Guevara is constantly evolving in the collective imagination.",/images/catalog/375-che-guevara.jpg,#CheGuevara #Revolution #LatinAmerica #HistoryTok,Revolutionary. Martyr. T-shirt icon. #CheGuevara #Revolution #LatinAmerica #HistoryTok,René Burri (1933-2014) · Public domain,https://commons.wikimedia.org/wiki/File:Che_Guevara.jpg
376,Mao Zedong,One man. 45 million DEAD.,"Create a 30-second vertical history short about Mao Zedong. Hook: One man. 45 million DEAD. Cover: Founded People's Republic of China 1949 — a key part of the story of Mao Zedong. Great Leap Forward killed estimated 45 million — a key part of the story of Mao Zedong. Cultural Revolution destroyed culture and lives — a key part of the story of Mao Zedong. Little Red Book mandatory reading — a key part of the story of Mao Zedong. Legacy debated hero vs tyrant — a key part of the story of Mao Zedong. Revolutionary hero or mass murderer?. The events surrounding Mao Zedong reveal how quickly history can turn on a single decision. From classrooms to documentaries, Mao Zedong remains a staple of history storytelling. Tone: dramatic, fast-paced, documentary style. 9:16 vertical.","Founded People's Republic of China 1949. | Great Leap Forward killed estimated 45 million. | Cultural Revolution destroyed culture and lives. | Little Red Book mandatory reading. | Legacy debated hero vs tyrant. | Revolutionary hero or mass murderer?. | Hook: One man. 45 million DEAD. | Tone: dramatic, fast-paced, documentary style. 9:16 vertical. | Revolutionary hero or mass murderer? #MaoZedong #China #Revolution #HistoryTok One man. 45 million DEAD. | Chinese communist revolutionary, political theorist and the founder of the People's Republic of China . | He led China from the PRC's establishment in October 1949 until his death in September 1976, primarily through his. | His theories, which he advocated as a Chinese adaptation of Marxism–Leninism, are known as Mao Zedong Thought.",/images/catalog/376-mao-zedong.jpg,#MaoZedong #China #Revolution #HistoryTok,Revolutionary hero or mass murderer? #MaoZedong #China #Revolution #HistoryTok,Unknown photographer Unknown photographer at the source. Photo distribu… · Public domain,https://commons.wikimedia.org/wiki/File:Mao_Ts%C3%A9-toung%2C_portrait_en_buste%2C_assis%2C_faisant_face_%C3%A0_Nikita_Khrouchtchev%2C_pendant_la_visite_du_chef_russe_1958_%C3%A0_P%C3%A9kin_%28Mao_Zedong%29.jpg
377,Fidel Castro,800 attempts. Still ALIVE.,"Create a 30-second vertical history short about Fidel Castro. Hook: 800 attempts. Still ALIVE. Cover: Led Cuban Revolution 1959 overthrew Batista — a key part of the story of Fidel Castro. Survived estimated 638 CIA assassination attempts — a key part of the story of Fidel Castro. Aligned with Soviet Union during Cold War — a key part of the story of Fidel Castro. Ruled Cuba 49 years until 2008 — a key part of the story of Fidel Castro. Embargo and communism shaped Caribbean — a key part of the story of Fidel Castro. 638 assassination attempts. He outlasted them all. The events surrounding Fidel Castro reveal how quickly history can turn on a single decision. From classrooms to documentaries, Fidel Castro remains a staple of history storytelling. Tone: dramatic, fast-paced, documentary style. 9:16 vertical.","Led Cuban Revolution 1959 overthrew Batista. | Survived estimated 638 CIA assassination attempts. | Aligned with Soviet Union during Cold War. | Ruled Cuba 49 years until 2008. | Embargo and communism shaped Caribbean. | 638 assassination attempts. He outlasted them all. | Tone: dramatic, fast-paced, documentary style. 9:16 vertical. 638 assassination attempts. | He outlasted them all. #FidelCastro #Cuba #ColdWar #HistoryTok 800 attempts. | Fidel Alejandro Castro Ruz was a Cuban communist revolutionary and politician who was the leader of Cuba from 1959. | He served as prime minister from 1959 to 1976, president from 1976 to 2008, and first secretary of the Communist. | Ideologically a Marxist–Leninist and Cuban nationalist, under his administration Cuba became a one-party communist. | Fidel Ángel Castro Díaz-Balart was a Cuban nuclear physicist and government official.",/images/catalog/377-fidel-castro.jpg,#FidelCastro #Cuba #ColdWar #HistoryTok,638 assassination attempts. He outlasted them all. #FidelCastro #Cuba #ColdWar #HistoryTok,"Photo: Antonio Milena - ABr Editing: Lucas (crop, blur, retouch, color,… · CC BY 3.0 br",https://commons.wikimedia.org/wiki/File:Fidel_Castro.jpg
378,Eva Peron,Don't cry for me ARGENTINA.,"Create a 30-second vertical history short about Eva Peron. Hook: Don't cry for me ARGENTINA. Cover: First Lady of Argentina 1946-1952 — a key part of the story of Eva Peron. Champion of descamisados working poor — a key part of the story of Eva Peron. Fought for women's suffrage in Argentina — a key part of the story of Eva Peron. Died of cancer age 33 massive funeral — a key part of the story of Eva Peron. Musical Evita immortalized her story — a key part of the story of Eva Peron. She loved the poor. Argentina loved her. The events surrounding Eva Peron reveal how quickly history can turn on a single decision. From classrooms to documentaries, Eva Peron remains a staple of history storytelling. Tone: dramatic, fast-paced, documentary style. 9:16 vertical.","First Lady of Argentina 1946-1952. | Champion of descamisados working poor. | Fought for women's suffrage in Argentina. | Died of cancer age 33 massive funeral. | Musical Evita immortalized her story. | She loved the poor. Argentina loved her. | Hook: Don't cry for me ARGENTINA. | Tone: dramatic, fast-paced, documentary style. 9:16 vertical. | Argentina loved her. #Evita #Argentina #WomensHistory #HistoryTok Don't cry for me ARGENTINA. | María Eva Duarte de Perón, better known as Eva ""Evita"" Perón, was an Argentine politician, activist, and actress who. | She was born into poverty in the rural village of Los Toldos, in the Pampas, as the youngest of five children. | In 1934, at the age of 15, she moved to the nation's capital of Buenos Aires to pursue a career as a stage, radio.",/images/catalog/378-eva-peron.jpg,#Evita #Argentina #WomensHistory #HistoryTok,She loved the poor. Argentina loved her. #Evita #Argentina #WomensHistory #HistoryTok,Annemarie Heinrich · Public domain,https://commons.wikimedia.org/wiki/File:Eva_Duarte_by_Annemarie_Heinrich%2C_1944_%28later_Eva_P%C3%A9ron%29.jpg
379,Akbar the Great,Muslim emperor. Hindu ALLY.,"Create a 30-second vertical history short about Akbar the Great. Hook: Muslim emperor. Hindu ALLY. Cover: Mughal emperor 1556-1605 — a key part of the story of Akbar the Great. Expanded empire across most of India — a key part of the story of Akbar the Great. Promoted religious tolerance and debate — a key part of the story of Akbar the Great. Married Hindu princesses for alliances — a key part of the story of Akbar the Great. Golden age of Mughal art and architecture — a key part of the story of Akbar the Great. Muslim emperor. Hindu allies. Golden age. The events surrounding Akbar the Great reveal how quickly history can turn on a single decision. From classrooms to documentaries, Akbar the Great remains a staple of history storytelling. Tone: dramatic, fast-paced, documentary style. 9:16 vertical.","Mughal emperor 1556-1605. | Expanded empire across most of India. | Promoted religious tolerance and debate. | Married Hindu princesses for alliances. | Golden age of Mughal art and architecture. | Muslim emperor. Hindu allies. Golden age. | Tone: dramatic, fast-paced, documentary style. 9:16 vertical. | Golden age. #Akbar #IndianHistory #Mughal #HistoryTok Muslim emperor. | Akbar, also known as Akbar the Great, was the third Mughal emperor, who reigned from 1556 to 1605. | Akbar succeeded his father, Humayun, under a regent, Bairam Khan, who helped the young emperor expand and. | He is generally considered one of the greatest Mughal emperors. | The tola is a traditional South Asian unit of mass, now standardised as 180 grains or exactly 3⁄8 troy ounce.",/images/catalog/379-akbar-the-great.jpg,#Akbar #IndianHistory #Mughal #HistoryTok,Muslim emperor. Hindu allies. Golden age. #Akbar #IndianHistory #Mughal #HistoryTok,Kunal · CC BY-SA 4.0,https://commons.wikimedia.org/wiki/File:Akbar_the_Great.jpg
380,Saladin,Crusaders' worthy ENEMY.,"Create a 30-second vertical history short about Saladin. Hook: Crusaders' worthy ENEMY. Cover: Kurdish Muslim leader 1137-1193 — a key part of the story of Saladin. Recaptured Jerusalem from Crusaders 1187 — a key part of the story of Saladin. Showed mercy to defeated Christians — a key part of the story of Saladin. Richard the Lionheart's legendary rival — a key part of the story of Saladin. Respected by both Muslim and Christian historians — a key part of the story of Saladin. Crusaders' greatest enemy. Most honorable. The events surrounding Saladin reveal how quickly history can turn on a single decision. From classrooms to documentaries, Saladin remains a staple of history storytelling. Tone: dramatic, fast-paced, documentary style. 9:16 vertical.","Kurdish Muslim leader 1137-1193. | Recaptured Jerusalem from Crusaders 1187. | Showed mercy to defeated Christians. | Richard the Lionheart's legendary rival. | Respected by both Muslim and Christian historians. | Crusaders' greatest enemy. Most honorable. | Hook: Crusaders' worthy ENEMY. | Tone: dramatic, fast-paced, documentary style. 9:16 vertical. | Most honorable. #Saladin #Crusades #MiddleEast #HistoryTok Crusaders' worthy ENEMY. | Salah ad-Din Yusuf ibn Ayyub, commonly known as Saladin, was a Kurdish commander and political leader. | He was the founder of the Ayyubid dynasty and the first sultan of both Egypt and Syria. | An important figure of the Third Crusade, he spearheaded the Muslim military effort against the Crusader states in.",/images/catalog/380-saladin.jpg,#Saladin #Crusades #MiddleEast #HistoryTok,Crusaders' greatest enemy. Most honorable. #Saladin #Crusades #MiddleEast #HistoryTok,Classical Numismatic Group (CNG) · CC BY-SA 2.5,https://commons.wikimedia.org/wiki/File:Al-Nasir_I_Salah_al-Din_Yusuf_%28Saladin%29._AH_564-589_%281169-1193_CE%29_%C3%86_Dirham_%2830.1mm%2C_13.28_g%2C_6h%29._Without_mint-name._Dated_AH_586_%28AD_1190-91%29._Sultan_sitting_facing%2C_cross-legged%2C_on_high-backed_throne_%28obverse%29.jpg
381,Richard the Lionheart,King who never saw ENGLAND.,"Create a 30-second vertical history short about Richard the Lionheart. Hook: King who never saw ENGLAND. Cover: King of England 1189-1199 — a key part of the story of Richard the Lionheart. Spent only 6 months in England during reign. Led Third Crusade against Saladin — a key part of the story of Richard the Lionheart. Captured and ransomed by Austrian duke — a key part of the story of Richard the Lionheart. Legend of Robin Hood set during his absence. King of England. Rarely in England. The events surrounding Richard the Lionheart reveal how quickly history can turn on a single decision. From classrooms to documentaries, Richard the Lionheart remains a staple of history storytelling. Tone: dramatic, fast-paced, documentary style. 9:16 vertical.","King of England 1189-1199. | Spent only 6 months in England during reign. | Led Third Crusade against Saladin. | Captured and ransomed by Austrian duke. | Legend of Robin Hood set during his absence. | King of England. Rarely in England. | Hook: King who never saw ENGLAND. | Tone: dramatic, fast-paced, documentary style. 9:16 vertical. | Rarely in England. #RichardTheLionheart #Crusades #BritishHistory #HistoryTok King who never saw ENGLAND. | Richard I, known as Richard the Lionheart or Richard Cœur de Lion because of his reputation as a great military. | He also ruled as Duke of Normandy, Aquitaine, and Gascony; Lord of Cyprus; Count of Poitiers, Anjou, Maine, and. | He was the third of five sons of Henry II of England and Eleanor of Aquitaine and was therefore not expected to.",/images/catalog/381-richard-the-lionheart.webp,#RichardTheLionheart #Crusades #BritishHistory #HistoryTok,King of England. Rarely in England. #RichardTheLionheart #Crusades #BritishHistory #HistoryTok,Adam Bishop · CC BY-SA 3.0,https://commons.wikimedia.org/wiki/File:Church_of_Fontevraud_Abbey_Richard_I_effigy.jpg
382,Tokugawa Ieyasu,Unified Japan. Closed it OFF.,"Create a 30-second vertical history short about Tokugawa Ieyasu. Hook: Unified Japan. Closed it OFF. Cover: Founded Tokugawa shogunate 1603 — a key part of the story of Tokugawa Ieyasu. Unified Japan after century of civil war — a key part of the story of Tokugawa Ieyasu. Established Edo now Tokyo as capital — a key part of the story of Tokugawa Ieyasu. Sakoku isolation policy closed Japan — a key part of the story of Tokugawa Ieyasu. Ruled indirectly until death 1616 — a key part of the story of Tokugawa Ieyasu. Unified Japan. Then locked the doors. The events surrounding Tokugawa Ieyasu reveal how quickly history can turn on a single decision. From classrooms to documentaries, Tokugawa Ieyasu remains a staple of history storytelling. Tone: dramatic, fast-paced, documentary style. 9:16 vertical.","Founded Tokugawa shogunate 1603. | Unified Japan after century of civil war. | Established Edo now Tokyo as capital. | Sakoku isolation policy closed Japan. | Ruled indirectly until death 1616. | Unified Japan. Then locked the doors. | Tone: dramatic, fast-paced, documentary style. 9:16 vertical. | Japanese samurai, daimyo and the founder and first shogun of the Tokugawa shogunate of Japan, which ruled from 1603. | He was the third of the three ""Great Unifiers"" of Japan, along with his former lord Oda Nobunaga and fellow Oda. | The son of a minor daimyo, Ieyasu once lived as a hostage under daimyo Imagawa Yoshimoto on behalf of his father. | He later succeeded as daimyo after his father's death, serving as ally, vassal, and general of the Oda clan, and. | Tokugawa Ieyasu (born Matsudaira Takechiyo.",/images/catalog/382-tokugawa-ieyasu.jpg,#Tokugawa #JapaneseHistory #Samurai #HistoryTok,Unified Japan. Then locked the doors. #Tokugawa #JapaneseHistory #Samurai #HistoryTok,Traditionally attributed to Kano Tan'yu. Owned by the 7th Owari Tokugaw… · Public domain,https://commons.wikimedia.org/wiki/File:Tokugawa_Ieyasu.jpg
383,Great Famine Ireland,Potato blight. 1 million DEAD.,"Create a 30-second vertical history short about Great Famine Ireland. Hook: Potato blight. 1 million DEAD. Cover: 1845-1852 potato crop failed repeatedly — a key part of the story of Great Famine Ireland. 1 million died 1 million emigrated — a key part of the story of Great Famine Ireland. British policies worsened catastrophe — a key part of the story of Great Famine Ireland. Population dropped 25 percent — a key part of the story of Great Famine Ireland. Mass emigration to America and Australia — a key part of the story of Great Famine Ireland. Potato failed. Million died. Million fled. The events surrounding Great Famine Ireland reveal how quickly history can turn on a single decision. From classrooms to documentaries, Great Famine Ireland remains a staple of history storytelling. Tone: dramatic, fast-paced, documentary style. 9:16 vertical.","1845-1852 potato crop failed repeatedly. | 1 million died 1 million emigrated. | British policies worsened catastrophe. | Population dropped 25 percent. | Mass emigration to America and Australia. | Potato failed. Million died. Million fled. | Hook: Potato blight. 1 million DEAD. | Tone: dramatic, fast-paced, documentary style. 9:16 vertical. | Million fled. #IrishFamine #Ireland #Disaster #HistoryMatters Potato blight. 1 million DEAD. | The Great Famine, also known as the Great Hunger, the Famine and the Irish Potato Famine, was a period of mass. | It constituted a major historical social crisis and had a significant impact on Irish society and history. | The most severely affected areas were in western and southern Ireland—where the Irish language was dominant—hence.",/images/catalog/383-great-famine-ireland.jpg,#IrishFamine #Ireland #Disaster #HistoryMatters,Potato failed. Million died. Million fled. #IrishFamine #Ireland #Disaster #HistoryMatters,James Mahony · Public domain,https://commons.wikimedia.org/wiki/File:Skibbereen_by_James_Mahony%2C_1847.JPG
384,Tulip Mania,One bulb. Price of a HOUSE.,"Create a 30-second vertical history short about Tulip Mania. Hook: One bulb. Price of a HOUSE. Cover: Dutch tulip bubble 1636-1637 — a key part of the story of Tulip Mania. Single tulip bulb cost more than a house. First recorded speculative bubble — a key part of the story of Tulip Mania. Market crashed February 1637 overnight — a key part of the story of Tulip Mania. Became cautionary tale of greed — a key part of the story of Tulip Mania. A flower cost more than a house. Then crashed. The events surrounding Tulip Mania reveal how quickly history can turn on a single decision. From classrooms to documentaries, Tulip Mania remains a staple of history storytelling. Tone: dramatic, fast-paced, documentary style. 9:16 vertical.","Dutch tulip bubble 1636-1637. | Single tulip bulb cost more than a house. | First recorded speculative bubble. | Market crashed February 1637 overnight. | Became cautionary tale of greed. | A flower cost more than a house. Then crashed. | Tone: dramatic, fast-paced, documentary style. 9:16 vertical. | Then crashed. #TulipMania #Economics #WeirdHistory #HistoryTok One bulb. | Period during the Dutch Golden Age when contract prices for some bulbs of the recently introduced and fashionable. | The major acceleration started in 1634 and then dramatically collapsed in February 1637. | It is generally considered to have been the first recorded speculative bubble or asset bubble in history. | In many ways, the tulip mania was more of a then-unknown socio-economic phenomenon than a significant economic crisis.",/images/catalog/384-tulip-mania.jpg,#TulipMania #Economics #WeirdHistory #HistoryTok,A flower cost more than a house. Then crashed. #TulipMania #Economics #WeirdHistory #HistoryTok,Jan Brueghel the Younger · Public domain,https://commons.wikimedia.org/wiki/File:Jan_Brueghel_the_Younger%2C_Satire_on_Tulip_Mania%2C_c._1640.jpg
385,South Sea Bubble,Stock fraud. Newton LOST.,"Create a 30-second vertical history short about South Sea Bubble. Hook: Stock fraud. Newton LOST. Cover: British South Sea Company 1720 — a key part of the story of South Sea Bubble. Stock soared then collapsed spectacularly — a key part of the story of South Sea Bubble. Isaac Newton lost fortune said can calculate motion not madness. Parliament investigated widespread corruption — a key part of the story of South Sea Bubble. First major modern financial crash — a key part of the story of South Sea Bubble. Newton lost a fortune. Called it madness. The events surrounding South Sea Bubble reveal how quickly history can turn on a single decision. From classrooms to documentaries, South Sea Bubble remains a staple of history storytelling. Tone: dramatic, fast-paced, documentary style. 9:16 vertical.","British South Sea Company 1720. | Stock soared then collapsed spectacularly. | Isaac Newton lost fortune said can calculate motion not madness. | Parliament investigated widespread corruption. | First major modern financial crash. | Newton lost a fortune. Called it madness. | Tone: dramatic, fast-paced, documentary style. 9:16 vertical. | Called it madness. #SouthSeaBubble #Economics #BritishHistory #HistoryTok Stock fraud. | The South Sea Company was a British joint-stock company founded in January 1711, created as a public-private. | To generate income, in 1713 the company was granted a monopoly to supply enslaved Africans to the islands in the. | When the company was created, Britain was involved in the War of the Spanish Succession and Spain and Portugal. | There was thus no realistic prospect that trade would take place, and as it turned out, the Company never realised.",/images/catalog/385-south-sea-bubble.jpg,#SouthSeaBubble #Economics #BritishHistory #HistoryTok,Newton lost a fortune. Called it madness. #SouthSeaBubble #Economics #BritishHistory #HistoryTok,Edward Matthew Ward · Public domain,https://commons.wikimedia.org/wiki/File:South_Sea_Bubble.jpg
386,Bretton Woods Agreement,Dollar ruled the WORLD.,"Create a 30-second vertical history short about Bretton Woods Agreement. Hook: Dollar ruled the WORLD. Cover: 1944 conference shaped post-WWII economy — a key part of the story of Bretton Woods Agreement. Dollar pegged to gold other currencies to dollar. Created IMF and World Bank — a key part of the story of Bretton Woods Agreement. System collapsed 1971 Nixon ended gold standard — a key part of the story of Bretton Woods Agreement. Foundation of modern global finance — a key part of the story of Bretton Woods Agreement. 1944. Dollar became world currency. The events surrounding Bretton Woods Agreement reveal how quickly history can turn on a single decision. From classrooms to documentaries, Bretton Woods Agreement remains a staple of history storytelling. Tone: dramatic, fast-paced, documentary style. 9:16 vertical.","1944 conference shaped post-WWII economy. | Dollar pegged to gold other currencies to dollar. | Created IMF and World Bank. | System collapsed 1971 Nixon ended gold standard. | Foundation of modern global finance. | 1944. Dollar became world currency. | Hook: Dollar ruled the WORLD. | Tone: dramatic, fast-paced, documentary style. 9:16 vertical. 1944. | Dollar became world currency. #BrettonWoods #Economics #WW2 #HistoryFacts Dollar ruled the WORLD. | The Bretton Woods system of monetary management established the rules for commercial relations among 44 countries. | The Bretton Woods system was the first example of a fully negotiated monetary order intended to govern monetary. | The Bretton Woods system required countries to guarantee convertibility of their currencies into U.S. dollars with.",/images/catalog/386-bretton-woods-agreement.png,#BrettonWoods #Economics #WW2 #HistoryFacts,1944. Dollar became world currency. #BrettonWoods #Economics #WW2 #HistoryFacts,Wikideas1 · CC0,https://commons.wikimedia.org/wiki/File:Price_of_gold.webp
387,OPEC Oil Crisis 1973,Gas lines. Economy SHOOK.,"Create a 30-second vertical history short about OPEC Oil Crisis 1973. Hook: Gas lines. Economy SHOOK. Cover: OPEC embargo after Yom Kippur War October 1973. Oil prices quadrupled overnight — a key part of the story of OPEC Oil Crisis 1973. Gas lines and rationing in US and Europe. Ended era of cheap energy — a key part of the story of OPEC Oil Crisis 1973. Reshaped global politics and economy — a key part of the story of OPEC Oil Crisis 1973. Gas lines. Economy shook. World changed. The events surrounding OPEC Oil Crisis 1973 reveal how quickly history can turn on a single decision. From classrooms to documentaries, OPEC Oil Crisis 1973 remains a staple of history storytelling. Tone: dramatic, fast-paced, documentary style. 9:16 vertical.","OPEC embargo after Yom Kippur War October 1973. | Oil prices quadrupled overnight. | Gas lines and rationing in US and Europe. | Ended era of cheap energy. | Reshaped global politics and economy. | Gas lines. Economy shook. World changed. | Tone: dramatic, fast-paced, documentary style. 9:16 vertical. | World changed. #OPEC #OilCrisis #1970s #HistoryTok Gas lines. | In October 1973, the Organization of Arab Petroleum Exporting Countries announced that it was implementing a total. | In an effort that was led by Faisal of Saudi Arabia, the initial countries that OAPEC targeted were Canada, Japan. | This list was later expanded to include Portugal, Rhodesia, and South Africa. | In March 1974, OAPEC lifted the embargo, but the price of oil had risen by nearly 300%: from US$3 per barrel to.",/images/catalog/387-opec-oil-crisis-1973.png,#OPEC #OilCrisis #1970s #HistoryTok,Gas lines. Economy shook. World changed. #OPEC #OilCrisis #1970s #HistoryTok,U.S. Energy Information Administration · Public domain,https://commons.wikimedia.org/wiki/File:Top_Oil_Producing_Countries.png
388,Hyperinflation Weimar Germany,Wheelbarrows of CASH.,"Create a 30-second vertical history short about Hyperinflation Weimar Germany. Hook: Wheelbarrows of CASH. Cover: 1921-1923 German mark collapsed — a key part of the story of Hyperinflation Weimar Germany. Prices doubled every few days — a key part of the story of Hyperinflation Weimar Germany. People paid with wheelbarrows of cash — a key part of the story of Hyperinflation Weimar Germany. Contributed to rise of Hitler — a key part of the story of Hyperinflation Weimar Germany. Worst hyperinflation in modern history — a key part of the story of Hyperinflation Weimar Germany. Wheelbarrows of cash. For bread. The events surrounding Hyperinflation Weimar Germany reveal how quickly history can turn on a single decision. From classrooms to documentaries, Hyperinflation Weimar Germany remains a staple of history storytelling. Tone: dramatic, fast-paced, documentary style. 9:16 vertical.","1921-1923 German mark collapsed. | Prices doubled every few days. | People paid with wheelbarrows of cash. | Contributed to rise of Hitler. | Worst hyperinflation in modern history. | Wheelbarrows of cash. For bread. | Tone: dramatic, fast-paced, documentary style. 9:16 vertical. | For bread. #Hyperinflation #WeimarGermany #Economics #HistoryTok Wheelbarrows of CASH. | Hyperinflation affected the German Papiermark, the currency of the Weimar Republic, between 1921 and 1923, primarily. | The German currency had seen significant inflation during the First World War due to the way in which the German. | This national debt was substantially increased by 50 billion marks of reparations payable in cash and in-kind under. | This inflation continued into the post-war period, particularly when in August 1921 the German central bank began.",/images/catalog/388-hyperinflation-weimar-germany.jpg,#Hyperinflation #WeimarGermany #Economics #HistoryTok,Wheelbarrows of cash. For bread. #Hyperinflation #WeimarGermany #Economics #HistoryTok,Unknown author Unknown author · CC BY-SA 3.0 de,https://commons.wikimedia.org/wiki/File:Bundesarchiv_Bild_183-R1215-506%2C_Berlin%2C_Reichsbank%2C_Geldauflieferungsstelle.jpg
389,Enron Scandal,Smartest guys. Biggest FRAUD.,"Create a 30-second vertical history short about Enron Scandal. Hook: Smartest guys. Biggest FRAUD. Cover: Energy company collapsed December 2001 — a key part of the story of Enron Scandal. Accounting fraud hid billions in debt — a key part of the story of Enron Scandal. Employees lost pensions and jobs — a key part of the story of Enron Scandal. Led to Sarbanes-Oxley regulations — a key part of the story of Enron Scandal. Symbol of corporate greed and fraud — a key part of the story of Enron Scandal. Smartest guys in the room. Biggest fraud. The events surrounding Enron Scandal reveal how quickly history can turn on a single decision. From classrooms to documentaries, Enron Scandal remains a staple of history storytelling. Tone: dramatic, fast-paced, documentary style. 9:16 vertical.","Energy company collapsed December 2001. | Accounting fraud hid billions in debt. | Employees lost pensions and jobs. | Led to Sarbanes-Oxley regulations. | Symbol of corporate greed and fraud. | Smartest guys in the room. Biggest fraud. | Tone: dramatic, fast-paced, documentary style. 9:16 vertical. | Biggest fraud. #Enron #CorporateCrime #Economics #HistoryTok Smartest guys. | Accounting scandal sparked by American energy company Enron Corporation filing for bankruptcy after news of. | The largest bankruptcy reorganization in U.S. history at that time, Enron was cited as the biggest audit failure. | Enron was formed in 1985 by Kenneth Lay after merging Houston Natural Gas and InterNorth. | Several years later, when Jeffrey Skilling was hired, Lay developed a staff of executives that – by the use of.",/images/catalog/389-enron-scandal.jpg,#Enron #CorporateCrime #Economics #HistoryTok,Smartest guys in the room. Biggest fraud. #Enron #CorporateCrime #Economics #HistoryTok,Alex · CC BY 2.0,https://commons.wikimedia.org/wiki/File:Enron_Complex.jpg
390,Lehman Brothers Collapse,One bank. Global CRASH.,"Create a 30-second vertical history short about Lehman Brothers Collapse. Hook: One bank. Global CRASH. Cover: Filed bankruptcy September 15 2008 — a key part of the story of Lehman Brothers Collapse. Largest bankruptcy in US history — a key part of the story of Lehman Brothers Collapse. Triggered global financial crisis — a key part of the story of Lehman Brothers Collapse. Governments bailed out other banks — a key part of the story of Lehman Brothers Collapse. Great Recession followed worldwide — a key part of the story of Lehman Brothers Collapse. One bank fell. World economy crashed. The events surrounding Lehman Brothers Collapse reveal how quickly history can turn on a single decision. From classrooms to documentaries, Lehman Brothers Collapse remains a staple of history storytelling. Tone: dramatic, fast-paced, documentary style. 9:16 vertical.","Filed bankruptcy September 15 2008. | Largest bankruptcy in US history. | Triggered global financial crisis. | Governments bailed out other banks. | Great Recession followed worldwide. | One bank fell. World economy crashed. | Tone: dramatic, fast-paced, documentary style. 9:16 vertical. | The bankruptcy of Lehman Brothers, also known as the Crash of '08 and the Lehman Shock, on September 15, 2008, was. | After the financial services firm was notified of a pending credit downgrade due to its heavy position in subprime. | These discussions failed, and Lehman filed a Chapter 11 petition that remains the largest bankruptcy filing in U.S.. | Lehman Brothers Holdings Inc. was an American global financial services firm founded in 1850. | The bankruptcy triggered a 4.5% one-day drop in the Dow Jones Industrial Average, then the largest decline since the.",/images/catalog/390-lehman-brothers-collapse.jpg,#LehmanBrothers #FinancialCrisis #2008 #HistoryTok,One bank fell. World economy crashed. #LehmanBrothers #FinancialCrisis #2008 #HistoryTok,David Shankbone · CC BY-SA 3.0,https://commons.wikimedia.org/wiki/File:Lehman_Brothers_Times_Square_by_David_Shankbone.jpg
391,Wall Street Crash 1929,Black Tuesday. Everything FELL.,"Create a 30-second vertical history short about Wall Street Crash 1929. Hook: Black Tuesday. Everything FELL. Cover: October 29 1929 stock market collapsed — a key part of the story of Wall Street Crash 1929. Lost $14 billion in one day — a key part of the story of Wall Street Crash 1929. Triggered Great Depression worldwide — a key part of the story of Wall Street Crash 1929. Bank failures and unemployment followed — a key part of the story of Wall Street Crash 1929. Changed economics and regulation forever — a key part of the story of Wall Street Crash 1929. One day. Everything fell. The events surrounding Wall Street Crash 1929 reveal how quickly history can turn on a single decision. From classrooms to documentaries, Wall Street Crash 1929 remains a staple of history storytelling. Tone: dramatic, fast-paced, documentary style. 9:16 vertical.","October 29 1929 stock market collapsed. | Lost $14 billion in one day. | Triggered Great Depression worldwide. | Bank failures and unemployment followed. | Changed economics and regulation forever. | One day. Everything fell. | Tone: dramatic, fast-paced, documentary style. 9:16 vertical. | Everything fell. #BlackTuesday #GreatDepression #Economics #HistoryTok Black Tuesday. | The Wall Street crash of 1929, also known as the Great Crash, was a major stock market crash in the United States. | It triggered a rapid erosion of confidence in the U.S. banking system and marked what would later cascade into the. | It is most associated with October 24, 1929, known as ""Black Thursday"", when a record 12.9 million shares were. | The ""Roaring Twenties"" of the previous decade had been a time of industrial expansion in the U.S., and much of the.",/images/catalog/391-wall-street-crash-1929.jpg,#BlackTuesday #GreatDepression #Economics #HistoryTok,One day. Everything fell. #BlackTuesday #GreatDepression #Economics #HistoryTok,US-gov · Public domain,https://commons.wikimedia.org/wiki/File:Crowd_outside_nyse.jpg
392,Gold Standard End,Nixon shock. Money UNANCHORED.,"Create a 30-second vertical history short about Gold Standard End. Hook: Nixon shock. Money UNANCHORED. Cover: Nixon ended dollar-gold convertibility August 1971 — a key part of the story of Gold Standard End. Called Nixon Shock — a key part of the story of Gold Standard End. Ended Bretton Woods system — a key part of the story of Gold Standard End. Currencies floated freely — a key part of the story of Gold Standard End. Modern fiat money era began — a key part of the story of Gold Standard End. Money unmoored from gold. World changed. The events surrounding Gold Standard End reveal how quickly history can turn on a single decision. From classrooms to documentaries, Gold Standard End remains a staple of history storytelling. Tone: dramatic, fast-paced, documentary style. 9:16 vertical.","Nixon ended dollar-gold convertibility August 1971. | Ended Bretton Woods system. | Currencies floated freely. | Modern fiat money era began. | Money unmoored from gold. World changed. | Tone: dramatic, fast-paced, documentary style. 9:16 vertical. | World changed. #GoldStandard #Economics #1970s #HistoryFacts Nixon shock. | A gold standard is a monetary system in which the standard economic unit of account is defined by a fixed quantity. | The gold standard was the basis for the international monetary system from the 1870s to the early 1920s, and from. | Many states nonetheless hold substantial gold reserves. | Historically, the silver standard and bimetallism have been more common than the gold standard. | The shift to an international monetary system based on a gold standard reflected accident, network externalities.",/images/catalog/392-gold-standard-end.png,#GoldStandard #Economics #1970s #HistoryFacts,Money unmoored from gold. World changed. #GoldStandard #Economics #1970s #HistoryFacts,Anonimski · CC0,https://commons.wikimedia.org/wiki/File:Two_20kr_gold_coins.png
393,Marshall Plan,America rebuilt ENEMIES.,"Create a 30-second vertical history short about Marshall Plan. Hook: America rebuilt ENEMIES. Cover: US aid to rebuild Western Europe 1948-1952 — a key part of the story of Marshall Plan. $13 billion equivalent $150 billion today — a key part of the story of Marshall Plan. Rebuilt war-devastated economies — a key part of the story of Marshall Plan. Prevented communist expansion — a key part of the story of Marshall Plan. Created lasting transatlantic alliance — a key part of the story of Marshall Plan. America rebuilt its enemies. Smartest investment ever. The events surrounding Marshall Plan reveal how quickly history can turn on a single decision. From classrooms to documentaries, Marshall Plan remains a staple of history storytelling. Tone: dramatic, fast-paced, documentary style. 9:16 vertical.","US aid to rebuild Western Europe 1948-1952. | $13 billion equivalent $150 billion today. | Rebuilt war-devastated economies. | Prevented communist expansion. | Created lasting transatlantic alliance. | America rebuilt its enemies. Smartest investment ever. | Hook: America rebuilt ENEMIES. | Tone: dramatic, fast-paced, documentary style. 9:16 vertical. | American initiative enacted in 1948 to provide foreign aid to Western Europe. | The United States transferred $13.3 billion to 17 European countries in economic recovery programs to Western. | Replacing an earlier proposal for a Morgenthau Plan, it operated for four years beginning on April 3, 1948; though. | The goals of the United States were to rebuild war-torn regions, remove trade barriers, modernize industry, improve.",/images/catalog/393-marshall-plan.jpg,#MarshallPlan #WW2 #Economics #HistoryTok,America rebuilt its enemies. Smartest investment ever. #MarshallPlan #WW2 #Economics #HistoryTok,Unknown author Unknown author · Public domain,https://commons.wikimedia.org/wiki/File:General_George_C._Marshall%2C_official_military_photo%2C_1946_%28cropped%29%28c%29.JPEG
394,East India Company Collapse,Too big. Then BROKE.,"Create a 30-second vertical history short about East India Company Collapse. Hook: Too big. Then BROKE. Cover: Most powerful corporation in history — a key part of the story of East India Company Collapse. Ruled India with private army — a key part of the story of East India Company Collapse. Corruption and famine destroyed reputation — a key part of the story of East India Company Collapse. Government nationalized after 1857 mutiny — a key part of the story of East India Company Collapse. Dissolved 1874 — a key part of the story of East India Company Collapse. A company ruled India. Then collapsed. The events surrounding East India Company Collapse reveal how quickly history can turn on a single decision. From classrooms to documentaries, East India Company Collapse remains a staple of history storytelling. Tone: dramatic, fast-paced, documentary style. 9:16 vertical.","Most powerful corporation in history. | Ruled India with private army. | Corruption and famine destroyed reputation. | Government nationalized after 1857 mutiny. | A company ruled India. Then collapsed. | Tone: dramatic, fast-paced, documentary style. 9:16 vertical. | Then collapsed. #EastIndiaCompany #BritishEmpire #Economics #HistoryTok Too big. | The East India Company was an English, and later British, joint-stock company that was founded in 1600 and dissolved. | It was formed for Indian Ocean trade, initially with the East Indies, and later with East Asia. | The company gained control of large parts of the Indian subcontinent and Hong Kong. | At its peak, the company was the largest corporation in the world by various measures and had its own armed forces. | Originally chartered as the ""Governor and Company of Merchants of London Trading into the East-Indies,"" the company.",/images/catalog/394-east-india-company-collapse.jpg,#EastIndiaCompany #BritishEmpire #Economics #HistoryTok,A company ruled India. Then collapsed. #EastIndiaCompany #BritishEmpire #Economics #HistoryTok,Unknown author Unknown author · Public domain,https://commons.wikimedia.org/wiki/File:East_India_House.jpg
395,Ataturk Modern Turkey,He banned the FEZ.,"Create a 30-second vertical history short about Ataturk Modern Turkey. Hook: He banned the FEZ. Cover: Mustafa Kemal founded modern Turkey 1923 — a key part of the story of Ataturk Modern Turkey. Abolished Ottoman sultanate and caliphate — a key part of the story of Ataturk Modern Turkey. Latinized alphabet westernized dress — a key part of the story of Ataturk Modern Turkey. Gave women vote before many European nations — a key part of the story of Ataturk Modern Turkey. Transformed Islamic empire into secular republic — a key part of the story of Ataturk Modern Turkey. He banned the fez. Built a nation. The events surrounding Ataturk Modern Turkey reveal how quickly history can turn on a single decision. From classrooms to documentaries, Ataturk Modern Turkey remains a staple of history storytelling. Tone: dramatic, fast-paced, documentary style. 9:16 vertical.","Mustafa Kemal founded modern Turkey 1923. | Abolished Ottoman sultanate and caliphate. | Latinized alphabet westernized dress. | Gave women vote before many European nations. | Transformed Islamic empire into secular republic. | He banned the fez. Built a nation. | Hook: He banned the FEZ. | Tone: dramatic, fast-paced, documentary style. 9:16 vertical. | Mustafa Kemal Atatürk was a Turkish field marshal and statesperson who was the founder of the Republic of Turkey and. | He led sweeping reforms, turning Turkey into a secular, industrialising nation. | Ideologically a secularist, republican and nationalist, his policies and socio-political theories became known as. | Atatürk's personality cult and the Kemalist historiography developed around it have had significant and ongoing.",/images/catalog/395-ataturk-modern-turkey.jpg,#Ataturk #Turkey #Modernization #HistoryTok,He banned the fez. Built a nation. #Ataturk #Turkey #Modernization #HistoryTok,Unknown author Unknown author · Public domain,https://commons.wikimedia.org/wiki/File:Ataturk1930s.jpg
